# Blender 5.1.1
# www.blender.org
mtllib TV.mtl
o TV
v -0.316404 0.029176 0.500055
v -0.315842 0.029176 0.166362
v 0.351029 0.029176 0.501180
v 0.351591 0.029176 0.167487
v -0.195224 0.025299 0.447979
v -0.318280 0.027300 0.500052
v -0.320278 0.027300 0.498047
v -0.318279 0.025365 0.499219
v -0.319445 0.025365 0.498049
v -0.319470 0.025452 0.499240
v -0.319448 0.027300 0.499983
v -0.318280 0.026131 0.499985
v -0.319471 0.026109 0.499896
v -0.320211 0.026131 0.498048
v -0.320213 0.027300 0.499216
v -0.320127 0.026109 0.499239
v -0.318280 0.439617 0.500052
v -0.318277 0.441618 0.498051
v -0.320278 0.439617 0.498047
v -0.318280 0.440786 0.499985
v -0.319448 0.439617 0.499983
v -0.319471 0.440808 0.499896
v -0.319445 0.441551 0.498049
v -0.318279 0.441551 0.499219
v -0.319470 0.441465 0.499240
v -0.320213 0.439617 0.499216
v -0.320211 0.440786 0.498048
v -0.320127 0.440808 0.499239
v -0.194838 0.025299 0.218847
v -0.319722 0.027300 0.168357
v -0.317718 0.027300 0.166359
v -0.318889 0.025365 0.168358
v -0.317719 0.025365 0.167192
v -0.318910 0.025452 0.167167
v -0.319653 0.027300 0.167189
v -0.319655 0.026131 0.168357
v -0.319567 0.026109 0.167166
v -0.317718 0.026131 0.166426
v -0.318886 0.027300 0.166424
v -0.318909 0.026109 0.166511
v -0.317721 0.441618 0.168360
v -0.317718 0.439617 0.166359
v -0.319722 0.439617 0.168357
v -0.317719 0.441551 0.167192
v -0.318889 0.441551 0.168358
v -0.318910 0.441465 0.167167
v -0.318886 0.439617 0.166424
v -0.317718 0.440786 0.166426
v -0.318909 0.440808 0.166510
v -0.319655 0.440786 0.168357
v -0.319653 0.439617 0.167189
v -0.319567 0.440808 0.167166
v 0.230025 0.025299 0.448695
v 0.354909 0.027300 0.499185
v 0.352905 0.027300 0.501183
v 0.354076 0.025365 0.499184
v 0.352906 0.025365 0.500350
v 0.354097 0.025452 0.500375
v 0.354840 0.027300 0.500353
v 0.354842 0.026131 0.499185
v 0.354754 0.026109 0.500376
v 0.352905 0.026131 0.501116
v 0.354073 0.027300 0.501118
v 0.354096 0.026109 0.501032
v 0.352908 0.441618 0.499182
v 0.352905 0.439617 0.501183
v 0.354909 0.439617 0.499185
v 0.352906 0.441551 0.500350
v 0.354076 0.441551 0.499184
v 0.354097 0.441465 0.500375
v 0.354073 0.439617 0.501118
v 0.352905 0.440786 0.501116
v 0.354096 0.440808 0.501032
v 0.354842 0.440786 0.499185
v 0.354840 0.439617 0.500353
v 0.354754 0.440808 0.500376
v 0.353467 0.027300 0.167491
v 0.355465 0.027300 0.169495
v 0.230411 0.025299 0.219563
v 0.354602 0.027300 0.167615
v 0.353467 0.026165 0.167613
v 0.354688 0.026078 0.167679
v 0.355342 0.026165 0.169495
v 0.355344 0.027300 0.168360
v 0.355280 0.026078 0.168273
v 0.353466 0.025421 0.168357
v 0.354599 0.025421 0.169493
v 0.354687 0.025486 0.168272
v 0.353467 0.439617 0.167490
v 0.353464 0.441618 0.169491
v 0.355465 0.439617 0.169495
v 0.353467 0.440786 0.167557
v 0.354635 0.439617 0.167559
v 0.354658 0.440808 0.167646
v 0.354632 0.441551 0.169493
v 0.353466 0.441551 0.168323
v 0.354657 0.441465 0.168302
v 0.355400 0.439617 0.168326
v 0.355398 0.440786 0.169495
v 0.355313 0.440808 0.168303
v -0.309162 0.439617 0.498066
v -0.311163 0.441618 0.498063
v -0.310408 0.439617 0.500065
v -0.309284 0.440752 0.498066
v -0.309241 0.439617 0.499208
v -0.309317 0.440838 0.499293
v -0.310927 0.441497 0.499195
v -0.310028 0.441496 0.498065
v -0.309847 0.441432 0.499284
v -0.309718 0.439617 0.499953
v -0.310645 0.440749 0.499943
v -0.309761 0.440838 0.499887
v -0.308606 0.439617 0.168376
v -0.309888 0.439617 0.166373
v -0.310607 0.441618 0.168372
v -0.308450 0.439617 0.167208
v -0.308870 0.440786 0.168375
v -0.308730 0.440808 0.167184
v -0.310109 0.440786 0.166439
v -0.308940 0.439617 0.166441
v -0.309151 0.440808 0.166527
v -0.309636 0.441551 0.168374
v -0.310384 0.441551 0.167204
v -0.309387 0.441465 0.167183
v 0.343793 0.439617 0.499167
v 0.345032 0.439617 0.501169
v 0.345794 0.441618 0.499170
v 0.343624 0.439617 0.500335
v 0.344069 0.440786 0.499167
v 0.343915 0.440808 0.500358
v 0.345266 0.440786 0.501103
v 0.344098 0.439617 0.501101
v 0.344322 0.440808 0.501015
v 0.344835 0.441551 0.499168
v 0.345558 0.441551 0.500338
v 0.344572 0.441465 0.500359
v 0.344349 0.439617 0.169476
v 0.346350 0.441618 0.169479
v 0.345634 0.439617 0.167477
v 0.344471 0.440752 0.169476
v 0.344431 0.439617 0.168335
v 0.344505 0.440838 0.168250
v 0.346126 0.441497 0.168347
v 0.345215 0.441496 0.169477
v 0.345039 0.441432 0.168258
v 0.344921 0.439617 0.167590
v 0.345859 0.440750 0.167599
v 0.344957 0.440838 0.167656
v -0.299046 0.035221 0.500084
v -0.295627 0.036415 0.498089
v -0.297100 0.035899 0.500028
v -0.295941 0.036304 0.499351
v -0.309162 0.049950 0.498066
v -0.310377 0.046480 0.500065
v -0.309227 0.049773 0.499248
v -0.309689 0.048456 0.500006
v -0.301168 0.037387 0.498080
v -0.303633 0.036058 0.500076
v -0.301375 0.037275 0.499325
v -0.302231 0.036814 0.500019
v -0.305440 0.040137 0.498072
v -0.307208 0.038372 0.500070
v -0.305607 0.039972 0.499337
v -0.306204 0.039376 0.500012
v -0.308189 0.044409 0.498068
v -0.309528 0.041934 0.500066
v -0.308315 0.044182 0.499330
v -0.308769 0.043343 0.500008
v -0.309859 0.044959 0.166373
v -0.308606 0.048282 0.168376
v -0.309146 0.046841 0.166433
v -0.308642 0.048178 0.167239
v -0.296739 0.036415 0.168396
v -0.300007 0.035178 0.166389
v -0.296840 0.036378 0.167259
v -0.298154 0.035880 0.166452
v -0.307753 0.043424 0.168377
v -0.309117 0.041013 0.166374
v -0.307793 0.043349 0.167240
v -0.308341 0.042379 0.166435
v -0.305343 0.039678 0.168381
v -0.307098 0.037919 0.166377
v -0.305395 0.039624 0.167244
v -0.306101 0.038917 0.166439
v -0.301597 0.037267 0.168387
v -0.303992 0.035907 0.166382
v -0.301670 0.037227 0.167251
v -0.302633 0.036680 0.166444
v 0.345002 0.046498 0.501169
v 0.343793 0.049971 0.499167
v 0.344313 0.048476 0.501109
v 0.343888 0.049700 0.500403
v 0.330236 0.036415 0.499144
v 0.333653 0.035222 0.501150
v 0.330702 0.036250 0.500498
v 0.331706 0.035899 0.501087
v 0.342819 0.044422 0.499165
v 0.344151 0.041945 0.501168
v 0.342943 0.044189 0.500432
v 0.343392 0.043355 0.501107
v 0.340065 0.040143 0.499160
v 0.341827 0.038378 0.501164
v 0.340287 0.039918 0.500494
v 0.340823 0.039381 0.501103
v 0.335786 0.037389 0.499153
v 0.338247 0.036060 0.501158
v 0.336074 0.037231 0.500468
v 0.336844 0.036815 0.501096
v 0.335612 0.035179 0.167460
v 0.332313 0.036415 0.169456
v 0.333745 0.035881 0.167517
v 0.332418 0.036378 0.168319
v 0.344349 0.048451 0.169476
v 0.345605 0.045106 0.167477
v 0.344388 0.048346 0.168340
v 0.344893 0.047001 0.167536
v 0.337240 0.037280 0.169464
v 0.339654 0.035920 0.167467
v 0.337317 0.037239 0.168328
v 0.338288 0.036692 0.167525
v 0.341039 0.039724 0.169470
v 0.342805 0.037962 0.167473
v 0.341095 0.039671 0.168334
v 0.341805 0.038962 0.167530
v 0.343484 0.043523 0.169475
v 0.344853 0.041101 0.167476
v 0.343527 0.043448 0.168338
v 0.344078 0.042474 0.167534
v -0.317721 0.025299 0.168360
v -0.318277 0.025299 0.498051
v 0.353464 0.025299 0.169491
v 0.352908 0.025299 0.499182
v -0.194838 0.001436 0.218847
v -0.195224 0.001436 0.447979
v 0.230411 0.001436 0.219563
v 0.230025 0.001436 0.448695
v -0.309139 0.036396 0.493281
v 0.344242 0.036396 0.494383
v -0.274305 0.419200 0.491512
v -0.279169 0.418430 0.491504
v 0.153432 0.418430 0.492233
v 0.161301 0.412712 0.492246
v 0.164307 0.403461 0.492251
v 0.163537 0.408325 0.492250
v 0.157819 0.416194 0.492240
v 0.148568 0.419200 0.492225
v -0.290045 0.068482 0.491486
v -0.289275 0.063618 0.491487
v -0.290045 0.403461 0.491486
v -0.289275 0.408325 0.491487
v -0.283557 0.055748 0.491497
v -0.287039 0.059230 0.491491
v -0.287039 0.412712 0.491491
v -0.283557 0.416194 0.491497
v 0.161301 0.059230 0.492246
v 0.157819 0.055748 0.492240
v 0.164307 0.068482 0.492251
v 0.163537 0.063618 0.492250
v 0.148568 0.052742 0.492225
v 0.153432 0.053513 0.492233
v -0.274305 0.052742 0.491512
v -0.279169 0.053513 0.491504
v 0.180195 0.403732 0.490111
v 0.181818 0.402921 0.489439
v 0.180667 0.403466 0.489774
v 0.181261 0.403170 0.489528
v 0.181449 0.405012 0.490123
v 0.182529 0.403639 0.489440
v 0.181847 0.404665 0.489782
v 0.182243 0.404162 0.489531
v 0.183125 0.403759 0.489441
v 0.182336 0.405195 0.490132
v 0.182984 0.404312 0.489534
v 0.182695 0.404838 0.489786
v 0.182104 0.403353 0.489439
v 0.180698 0.404497 0.490115
v 0.181655 0.403765 0.489529
v 0.181140 0.404184 0.489777
v 0.326390 0.298426 0.490361
v 0.324986 0.299570 0.489680
v 0.325949 0.298739 0.490021
v 0.325435 0.299158 0.489772
v 0.325639 0.297912 0.490367
v 0.324561 0.299284 0.489679
v 0.325242 0.298259 0.490023
v 0.324847 0.298761 0.489772
v 0.326893 0.403732 0.490358
v 0.325272 0.402921 0.489681
v 0.326422 0.403466 0.490020
v 0.325829 0.403170 0.489772
v 0.325392 0.300609 0.489681
v 0.327070 0.300092 0.490358
v 0.325977 0.300505 0.489772
v 0.326591 0.300316 0.490020
v 0.327070 0.402831 0.490358
v 0.325392 0.402314 0.489681
v 0.326591 0.402608 0.490020
v 0.325977 0.402418 0.489772
v 0.325272 0.300002 0.489681
v 0.326893 0.299191 0.490358
v 0.325829 0.299754 0.489772
v 0.326422 0.299457 0.490020
v 0.323965 0.299164 0.489678
v 0.324752 0.297728 0.490372
v 0.324106 0.298612 0.489771
v 0.324394 0.298086 0.490025
v 0.180018 0.300092 0.490110
v 0.181698 0.300609 0.489439
v 0.180497 0.300316 0.489774
v 0.181113 0.300505 0.489528
v 0.181698 0.402314 0.489439
v 0.180018 0.402831 0.490110
v 0.181113 0.402418 0.489528
v 0.180497 0.402608 0.489774
v 0.180195 0.299191 0.490111
v 0.181818 0.300002 0.489439
v 0.180667 0.299457 0.489774
v 0.181261 0.299754 0.489528
v 0.180698 0.298426 0.490115
v 0.182104 0.299570 0.489439
v 0.181140 0.298739 0.489777
v 0.181655 0.299158 0.489529
v 0.182529 0.299284 0.489440
v 0.181449 0.297912 0.490124
v 0.182243 0.298761 0.489531
v 0.181847 0.298259 0.489782
v 0.326390 0.404497 0.490361
v 0.324986 0.403353 0.489680
v 0.325949 0.404184 0.490021
v 0.325435 0.403765 0.489772
v 0.324752 0.405195 0.490372
v 0.323965 0.403759 0.489678
v 0.324394 0.404838 0.490025
v 0.324106 0.404312 0.489771
v 0.324561 0.403639 0.489679
v 0.325639 0.405012 0.490366
v 0.324847 0.404162 0.489772
v 0.325242 0.404665 0.490023
v 0.182336 0.297728 0.490132
v 0.183125 0.299164 0.489441
v 0.182695 0.298086 0.489786
v 0.182984 0.298612 0.489534
v 0.181947 0.066837 0.489478
v 0.182805 0.069069 0.488111
v 0.182211 0.067206 0.488955
v 0.182467 0.067759 0.488511
v 0.182675 0.068414 0.488215
v 0.181564 0.069406 0.488109
v 0.180074 0.067345 0.489472
v 0.181197 0.068814 0.488212
v 0.180785 0.068215 0.488507
v 0.180391 0.067699 0.488950
v 0.178200 0.070621 0.489468
v 0.180464 0.071449 0.488107
v 0.178580 0.070874 0.488947
v 0.179144 0.071121 0.488505
v 0.179806 0.071322 0.488210
v 0.178200 0.266777 0.489468
v 0.180464 0.265949 0.488107
v 0.178580 0.266523 0.488947
v 0.179144 0.266277 0.488505
v 0.179806 0.266075 0.488210
v 0.180801 0.267220 0.488107
v 0.178703 0.268667 0.489468
v 0.180205 0.267580 0.488210
v 0.179596 0.267981 0.488505
v 0.179069 0.268363 0.488947
v 0.178703 0.068730 0.489468
v 0.180801 0.070177 0.488107
v 0.179069 0.069035 0.488947
v 0.179596 0.069416 0.488505
v 0.180205 0.069818 0.488210
v 0.181564 0.267992 0.488109
v 0.180074 0.270052 0.489472
v 0.181197 0.268583 0.488212
v 0.180785 0.269183 0.488507
v 0.180391 0.269698 0.488950
v 0.181947 0.270560 0.489478
v 0.182805 0.268328 0.488111
v 0.182211 0.270192 0.488955
v 0.182467 0.269639 0.488511
v 0.182675 0.268984 0.488215
v 0.324289 0.268328 0.488349
v 0.325143 0.270560 0.489719
v 0.324419 0.268984 0.488454
v 0.324627 0.269639 0.488751
v 0.324881 0.270192 0.489195
v 0.325143 0.066837 0.489719
v 0.324289 0.069069 0.488349
v 0.324881 0.067206 0.489195
v 0.324627 0.067759 0.488751
v 0.324419 0.068414 0.488454
v 0.326630 0.071449 0.488353
v 0.328890 0.070621 0.489722
v 0.327288 0.071322 0.488458
v 0.327949 0.071121 0.488755
v 0.328511 0.070874 0.489199
v 0.328387 0.068730 0.489720
v 0.326294 0.070177 0.488353
v 0.328023 0.069035 0.489198
v 0.327497 0.069416 0.488754
v 0.326890 0.069818 0.488457
v 0.325531 0.069406 0.488351
v 0.327016 0.067345 0.489720
v 0.325898 0.068814 0.488456
v 0.326308 0.068215 0.488753
v 0.326701 0.067699 0.489196
v 0.325531 0.267992 0.488351
v 0.327016 0.270052 0.489720
v 0.325898 0.268583 0.488456
v 0.326308 0.269183 0.488753
v 0.326701 0.269698 0.489196
v 0.326294 0.267220 0.488353
v 0.328387 0.268667 0.489720
v 0.326890 0.267580 0.488457
v 0.327497 0.267981 0.488754
v 0.328023 0.268363 0.489198
v 0.328890 0.266777 0.489722
v 0.326630 0.265949 0.488353
v 0.328511 0.266523 0.489199
v 0.327949 0.266277 0.488755
v 0.327288 0.266075 0.488458
v 0.179713 0.064303 0.494105
v 0.179899 0.064788 0.493808
v 0.179776 0.064491 0.494065
v 0.179844 0.064668 0.493957
v 0.177970 0.065305 0.493805
v 0.177725 0.064836 0.494102
v 0.177905 0.065177 0.493954
v 0.177815 0.065005 0.494062
v 0.175528 0.068510 0.494098
v 0.176042 0.068646 0.493802
v 0.175731 0.068529 0.494059
v 0.175919 0.068578 0.493950
v 0.175529 0.268851 0.494098
v 0.176042 0.268752 0.493802
v 0.175731 0.268850 0.494059
v 0.175920 0.268814 0.493950
v 0.176559 0.270681 0.493803
v 0.176104 0.270997 0.494099
v 0.176438 0.270767 0.493951
v 0.176272 0.270883 0.494060
v 0.176064 0.066499 0.494099
v 0.176559 0.066717 0.493803
v 0.176242 0.066581 0.494060
v 0.176423 0.066660 0.493951
v 0.177970 0.272093 0.493805
v 0.177648 0.272541 0.494102
v 0.177882 0.272210 0.493954
v 0.177764 0.272375 0.494062
v 0.179713 0.273094 0.494105
v 0.179899 0.272609 0.493808
v 0.179776 0.272907 0.494065
v 0.179844 0.272729 0.493957
v 0.327177 0.272609 0.494056
v 0.327362 0.273094 0.494354
v 0.327231 0.272729 0.494205
v 0.327298 0.272907 0.494314
v 0.327362 0.064303 0.494354
v 0.327177 0.064788 0.494056
v 0.327298 0.064491 0.494314
v 0.327231 0.064668 0.494205
v 0.331033 0.068646 0.494064
v 0.331524 0.068466 0.494361
v 0.331156 0.068593 0.494212
v 0.331335 0.068527 0.494321
v 0.330971 0.066401 0.494360
v 0.330517 0.066717 0.494063
v 0.330803 0.066515 0.494320
v 0.330636 0.066630 0.494211
v 0.329105 0.065305 0.494060
v 0.329426 0.064856 0.494358
v 0.329193 0.065187 0.494209
v 0.329311 0.065023 0.494318
v 0.329105 0.272093 0.494060
v 0.329426 0.272541 0.494357
v 0.329193 0.272210 0.494209
v 0.329311 0.272375 0.494318
v 0.330517 0.270681 0.494063
v 0.330971 0.270997 0.494360
v 0.330636 0.270767 0.494211
v 0.330803 0.270883 0.494320
v 0.331524 0.268932 0.494361
v 0.331033 0.268752 0.494064
v 0.331335 0.268870 0.494321
v 0.331156 0.268804 0.494212
v 0.175778 0.406319 0.494099
v 0.176298 0.406136 0.493890
v 0.175951 0.406258 0.494071
v 0.176141 0.406191 0.493994
v 0.177298 0.407892 0.494101
v 0.177633 0.407466 0.493889
v 0.177412 0.407741 0.494073
v 0.177534 0.407585 0.493995
v 0.178576 0.407652 0.493888
v 0.178332 0.408098 0.494103
v 0.178504 0.407767 0.493996
v 0.178415 0.407930 0.494074
v 0.176833 0.406934 0.493890
v 0.176447 0.407324 0.494100
v 0.176717 0.407051 0.493995
v 0.176576 0.407194 0.494072
v 0.330677 0.295633 0.494360
v 0.330242 0.295989 0.494148
v 0.330532 0.295754 0.494331
v 0.330373 0.295884 0.494254
v 0.329442 0.295457 0.494145
v 0.329776 0.295031 0.494358
v 0.329541 0.295339 0.494251
v 0.329663 0.295183 0.494329
v 0.331280 0.406389 0.494361
v 0.330777 0.406136 0.494150
v 0.331110 0.406305 0.494332
v 0.330926 0.406213 0.494255
v 0.330964 0.297729 0.494151
v 0.331485 0.297568 0.494361
v 0.331115 0.297679 0.494256
v 0.331306 0.297620 0.494333
v 0.331485 0.405356 0.494361
v 0.330964 0.405195 0.494151
v 0.331306 0.405303 0.494333
v 0.331115 0.405244 0.494256
v 0.331280 0.296535 0.494361
v 0.330777 0.296787 0.494150
v 0.331110 0.296618 0.494332
v 0.330926 0.296711 0.494255
v 0.328499 0.295271 0.494141
v 0.328743 0.294825 0.494356
v 0.328570 0.295156 0.494249
v 0.328660 0.294993 0.494327
v 0.175572 0.297656 0.494098
v 0.176111 0.297729 0.493890
v 0.175759 0.297681 0.494071
v 0.175956 0.297707 0.493994
v 0.175571 0.405273 0.494098
v 0.176111 0.405195 0.493890
v 0.175758 0.405247 0.494071
v 0.175956 0.405218 0.493994
v 0.175795 0.296535 0.494099
v 0.176298 0.296787 0.493890
v 0.175964 0.296618 0.494071
v 0.176149 0.296711 0.493994
v 0.176397 0.295633 0.494100
v 0.176833 0.295989 0.493890
v 0.176543 0.295754 0.494072
v 0.176702 0.295884 0.493995
v 0.177299 0.295031 0.494101
v 0.177633 0.295457 0.493889
v 0.177412 0.295183 0.494073
v 0.177534 0.295339 0.493995
v 0.330677 0.407290 0.494360
v 0.330242 0.406934 0.494148
v 0.330532 0.407169 0.494331
v 0.330373 0.407039 0.494254
v 0.328743 0.408098 0.494356
v 0.328499 0.407652 0.494141
v 0.328660 0.407930 0.494327
v 0.328570 0.407767 0.494249
v 0.329776 0.407892 0.494358
v 0.329442 0.407466 0.494145
v 0.329663 0.407741 0.494329
v 0.329541 0.407585 0.494251
v 0.178576 0.295271 0.493888
v 0.178332 0.294825 0.494103
v 0.178504 0.295156 0.493996
v 0.178415 0.294993 0.494074
v -0.274308 0.419200 0.492797
v -0.274351 0.419743 0.493340
v -0.274314 0.419273 0.493069
v -0.274330 0.419472 0.493267
v -0.279342 0.418953 0.493332
v -0.279171 0.418430 0.492789
v -0.279257 0.418691 0.493259
v -0.279195 0.418500 0.493060
v 0.153598 0.418953 0.494061
v 0.153430 0.418430 0.493518
v 0.153514 0.418691 0.493988
v 0.153452 0.418500 0.493790
v 0.161637 0.413141 0.494075
v 0.161299 0.412712 0.493531
v 0.161468 0.412927 0.494002
v 0.161344 0.412770 0.493803
v 0.164305 0.403461 0.493536
v 0.164878 0.403553 0.494080
v 0.164382 0.403473 0.493808
v 0.164591 0.403507 0.494007
v 0.164140 0.408225 0.494079
v 0.163535 0.408325 0.493535
v 0.163837 0.408275 0.494006
v 0.163616 0.408311 0.493807
v 0.158139 0.416639 0.494069
v 0.157817 0.416194 0.493525
v 0.157978 0.416417 0.493996
v 0.157860 0.416254 0.493797
v 0.148566 0.419200 0.493510
v 0.148608 0.419743 0.494053
v 0.148571 0.419273 0.493781
v 0.148586 0.419472 0.493980
v -0.290047 0.068482 0.492771
v -0.290591 0.068439 0.493313
v -0.290120 0.068476 0.493042
v -0.290319 0.068460 0.493240
v -0.289808 0.063496 0.493314
v -0.289277 0.063618 0.492772
v -0.289543 0.063557 0.493242
v -0.289348 0.063602 0.493043
v -0.290047 0.403461 0.492771
v -0.290591 0.403504 0.493313
v -0.290120 0.403467 0.493042
v -0.290319 0.403482 0.493240
v -0.289277 0.408325 0.492772
v -0.289807 0.408452 0.493314
v -0.289348 0.408342 0.493043
v -0.289542 0.408388 0.493242
v -0.283924 0.055324 0.493324
v -0.283559 0.055748 0.492782
v -0.283742 0.055536 0.493251
v -0.283608 0.055692 0.493053
v -0.287041 0.059230 0.492776
v -0.287430 0.058830 0.493318
v -0.287093 0.059177 0.493047
v -0.287236 0.059030 0.493246
v -0.287436 0.413104 0.493318
v -0.287041 0.412712 0.492776
v -0.287239 0.412908 0.493246
v -0.287094 0.412765 0.493047
v -0.283919 0.416621 0.493324
v -0.283559 0.416194 0.492782
v -0.283739 0.416407 0.493251
v -0.283608 0.416251 0.493053
v 0.161587 0.058752 0.494075
v 0.161299 0.059230 0.493531
v 0.161443 0.058991 0.494002
v 0.161337 0.059166 0.493803
v 0.157817 0.055748 0.493526
v 0.158139 0.055304 0.494069
v 0.157860 0.055689 0.493797
v 0.157978 0.055526 0.493996
v 0.164305 0.068482 0.493536
v 0.164879 0.068483 0.494080
v 0.164382 0.068482 0.493808
v 0.164592 0.068483 0.494007
v 0.164134 0.063756 0.494079
v 0.163535 0.063618 0.493535
v 0.163834 0.063687 0.494006
v 0.163615 0.063637 0.493807
v 0.148566 0.052742 0.493510
v 0.148608 0.052200 0.494053
v 0.148571 0.052670 0.493781
v 0.148586 0.052471 0.493980
v 0.153598 0.052990 0.494061
v 0.153430 0.053513 0.493518
v 0.153514 0.053251 0.493988
v 0.153452 0.053443 0.493790
v -0.274308 0.052742 0.492797
v -0.274351 0.052200 0.493340
v -0.274314 0.052670 0.493069
v -0.274330 0.052471 0.493267
v -0.279342 0.052990 0.493332
v -0.279171 0.053513 0.492789
v -0.279257 0.053251 0.493259
v -0.279195 0.053443 0.493060
v -0.271886 0.417043 0.491012
v -0.272445 0.417588 0.491515
v -0.271999 0.417171 0.491264
v -0.272203 0.417370 0.491448
v -0.277262 0.416821 0.491507
v -0.276654 0.416288 0.491005
v -0.277011 0.416607 0.491440
v -0.276789 0.416412 0.491256
v 0.151509 0.416808 0.492230
v 0.150906 0.416291 0.491724
v 0.151265 0.416601 0.492162
v 0.151044 0.416412 0.491976
v 0.159287 0.411124 0.492243
v 0.158635 0.410681 0.491739
v 0.159038 0.410937 0.492175
v 0.158799 0.410775 0.491991
v 0.161302 0.403027 0.491746
v 0.162059 0.403149 0.492248
v 0.161487 0.403061 0.491997
v 0.161764 0.403106 0.492180
v 0.161102 0.407537 0.492246
v 0.160363 0.407290 0.491743
v 0.160812 0.407442 0.492178
v 0.160542 0.407352 0.491994
v 0.155219 0.414097 0.491732
v 0.155846 0.414583 0.492237
v 0.155370 0.414207 0.491984
v 0.155599 0.414385 0.492169
v 0.146105 0.417046 0.491716
v 0.146702 0.417583 0.492222
v 0.146239 0.417172 0.491968
v 0.146457 0.417368 0.492154
v -0.287313 0.070322 0.490994
v -0.288041 0.069959 0.491489
v -0.287500 0.070272 0.491242
v -0.287766 0.070139 0.491423
v -0.287276 0.065139 0.491490
v -0.286559 0.065558 0.490995
v -0.287004 0.065330 0.491424
v -0.286741 0.065483 0.491243
v -0.287319 0.401610 0.490992
v -0.288040 0.401983 0.491489
v -0.287502 0.401666 0.491241
v -0.287766 0.401802 0.491423
v -0.286563 0.406380 0.490993
v -0.287273 0.406801 0.491490
v -0.286743 0.406457 0.491242
v -0.287003 0.406611 0.491424
v -0.281613 0.057335 0.491500
v -0.280957 0.057850 0.491001
v -0.281352 0.057546 0.491433
v -0.281112 0.057734 0.491251
v -0.284368 0.061260 0.490997
v -0.285061 0.060790 0.491494
v -0.284540 0.061163 0.491246
v -0.284793 0.060991 0.491428
v -0.285056 0.411149 0.491494
v -0.284371 0.410682 0.490995
v -0.284791 0.410950 0.491427
v -0.284540 0.410779 0.491245
v -0.281606 0.414601 0.491500
v -0.280956 0.414096 0.490999
v -0.281348 0.414394 0.491433
v -0.281110 0.414209 0.491250
v 0.159340 0.060777 0.492243
v 0.158635 0.061261 0.491742
v 0.159064 0.060984 0.492176
v 0.158807 0.061161 0.491992
v 0.155221 0.057847 0.491735
v 0.155888 0.057326 0.492237
v 0.155376 0.057732 0.491986
v 0.155621 0.057541 0.492170
v 0.161583 0.070332 0.491750
v 0.162335 0.069936 0.492248
v 0.161770 0.070273 0.491999
v 0.162045 0.070128 0.492181
v 0.161561 0.065122 0.492247
v 0.160827 0.065563 0.491748
v 0.161278 0.065322 0.492180
v 0.161010 0.065483 0.491997
v 0.146151 0.054900 0.491716
v 0.146726 0.054339 0.492222
v 0.146265 0.054770 0.491969
v 0.146475 0.054564 0.492154
v 0.151543 0.055106 0.492230
v 0.150919 0.055655 0.491726
v 0.151283 0.055328 0.492162
v 0.151055 0.055529 0.491977
v -0.271896 0.054906 0.491013
v -0.272460 0.054341 0.491515
v -0.272006 0.054773 0.491265
v -0.272212 0.054566 0.491448
v -0.277272 0.055113 0.491507
v -0.276660 0.055660 0.491006
v -0.277017 0.055332 0.491440
v -0.276793 0.055533 0.491257
v -0.307249 0.432798 0.493284
v -0.309136 0.434677 0.491402
v -0.309139 0.432798 0.493281
v -0.307972 0.433517 0.493140
v -0.308585 0.434126 0.492732
v -0.308994 0.434534 0.492122
v 0.344245 0.434677 0.492503
v 0.344242 0.432798 0.494382
v 0.344244 0.434534 0.493223
v 0.344243 0.434126 0.493832
v 0.344243 0.433517 0.494239
v -0.269784 0.409565 0.455218
v -0.271859 0.409305 0.455214
v 0.145679 0.409540 0.455918
v 0.148648 0.407833 0.455923
v 0.149356 0.406275 0.455924
v 0.147432 0.408912 0.455921
v 0.143357 0.409742 0.455914
v -0.275008 0.069125 0.455209
v -0.274774 0.066738 0.455209
v -0.275344 0.402537 0.455208
v -0.275142 0.405156 0.455209
v -0.272831 0.063682 0.455213
v -0.274059 0.064934 0.455210
v -0.274511 0.407135 0.455210
v -0.273426 0.408506 0.455211
v 0.148387 0.065463 0.455922
v 0.146682 0.063732 0.455920
v 0.149703 0.075682 0.455925
v 0.149380 0.067962 0.455924
v 0.140966 0.062401 0.455910
v 0.144222 0.062725 0.455915
v -0.268719 0.062716 0.455219
v -0.271062 0.062954 0.455215
v -0.308598 0.035157 0.172281
v 0.344783 0.035157 0.173383
v -0.308611 0.434677 0.179562
v -0.308598 0.427396 0.172281
v -0.308606 0.434123 0.176776
v -0.308602 0.432544 0.174414
v -0.308599 0.430182 0.172836
v 0.344783 0.427396 0.173382
v 0.344771 0.434677 0.180663
v 0.344782 0.430182 0.173937
v 0.344780 0.432544 0.175515
v 0.344776 0.434123 0.177877
v -0.304721 0.039034 0.172288
v 0.340906 0.039034 0.173376
v 0.340906 0.423519 0.173376
v -0.304721 0.423519 0.172288
v 0.149586 0.404212 0.455924
v 0.170156 0.438698 0.330078
v 0.170285 0.438698 0.253207
v 0.171970 0.453295 0.327155
v 0.173517 0.465669 0.318826
v 0.174473 0.473230 0.307426
v 0.174438 0.472498 0.274770
v 0.173609 0.465669 0.264470
v 0.172089 0.453295 0.256136
v 0.175410 0.452438 0.327161
v 0.179875 0.464086 0.318837
v 0.182613 0.471202 0.307440
v 0.182405 0.470514 0.274783
v 0.179967 0.464086 0.264481
v 0.175530 0.452438 0.256141
v 0.178546 0.450782 0.327166
v 0.185669 0.461027 0.318846
v 0.190031 0.467286 0.307453
v 0.189666 0.466680 0.274796
v 0.185760 0.461027 0.264491
v 0.178666 0.450782 0.256147
v 0.181194 0.448424 0.327171
v 0.190562 0.456670 0.318855
v 0.196296 0.461707 0.307463
v 0.195798 0.461220 0.274806
v 0.190654 0.456670 0.264499
v 0.181314 0.448424 0.256151
v 0.183201 0.445501 0.327174
v 0.194271 0.451269 0.318861
v 0.201044 0.454792 0.307471
v 0.200446 0.454452 0.274814
v 0.194362 0.451269 0.264505
v 0.183321 0.445501 0.256155
v 0.184451 0.442183 0.327176
v 0.196579 0.445137 0.318865
v 0.203999 0.446942 0.307476
v 0.203339 0.446767 0.274819
v 0.196671 0.445137 0.264509
v 0.184570 0.442183 0.256157
v 0.184869 0.438662 0.327177
v 0.197353 0.438631 0.318866
v 0.205400 0.438611 0.306980
v 0.204308 0.438614 0.274820
v 0.197444 0.438631 0.264510
v 0.184989 0.438662 0.256157
v 0.177783 0.438679 0.253958
v 0.155452 0.438734 0.327127
v 0.142997 0.438765 0.318775
v 0.134990 0.438785 0.306861
v 0.136190 0.438782 0.274705
v 0.143089 0.438765 0.264419
v 0.155572 0.438734 0.256108
v 0.162786 0.438716 0.253933
v 0.155888 0.442253 0.327128
v 0.143803 0.445267 0.318776
v 0.136430 0.447108 0.307362
v 0.137200 0.446930 0.274707
v 0.143894 0.445267 0.264420
v 0.156008 0.442253 0.256109
v 0.157154 0.445565 0.327130
v 0.146141 0.451387 0.318780
v 0.139424 0.454944 0.307367
v 0.140130 0.454600 0.274712
v 0.146233 0.451387 0.264424
v 0.157274 0.445565 0.256111
v 0.159175 0.448479 0.327134
v 0.149876 0.456770 0.318786
v 0.144206 0.461836 0.307375
v 0.144811 0.461346 0.274720
v 0.149968 0.456770 0.264430
v 0.159295 0.448479 0.256114
v 0.161835 0.450823 0.327138
v 0.154791 0.461103 0.318794
v 0.150498 0.467383 0.307386
v 0.150970 0.466776 0.274730
v 0.154883 0.461103 0.264438
v 0.161955 0.450823 0.256119
v 0.164979 0.452463 0.327143
v 0.160600 0.464133 0.318804
v 0.157936 0.471263 0.307399
v 0.158250 0.470573 0.274743
v 0.160692 0.464133 0.264448
v 0.165099 0.452463 0.256124
v 0.168424 0.453304 0.327149
v 0.166965 0.465686 0.318815
v 0.166085 0.473250 0.307412
v 0.166227 0.472519 0.274756
v 0.167057 0.465686 0.264459
v 0.168544 0.453304 0.256130
v 0.174860 0.476052 0.285605
v 0.174883 0.476383 0.296339
v 0.183766 0.474171 0.296354
v 0.183665 0.473859 0.285620
v 0.191861 0.469896 0.296367
v 0.191689 0.469622 0.285634
v 0.198698 0.463809 0.296379
v 0.198466 0.463588 0.285645
v 0.203880 0.456262 0.296388
v 0.203603 0.456108 0.285654
v 0.207105 0.447695 0.296393
v 0.206799 0.447616 0.285659
v 0.207871 0.438605 0.285661
v 0.208186 0.438604 0.296395
v 0.132239 0.438791 0.296267
v 0.132591 0.438791 0.285534
v 0.133365 0.447876 0.296269
v 0.133707 0.447796 0.285536
v 0.136632 0.456428 0.296274
v 0.136945 0.456272 0.285541
v 0.141851 0.463949 0.296283
v 0.142118 0.463727 0.285550
v 0.148718 0.470003 0.296295
v 0.148925 0.469728 0.285562
v 0.156835 0.474237 0.296308
v 0.156970 0.473925 0.285575
v 0.165728 0.476406 0.296323
v 0.165786 0.476075 0.285590
v 0.185905 0.438662 0.329691
v 0.199272 0.438631 0.320792
v 0.208242 0.438610 0.307388
v 0.208295 0.438610 0.276025
v 0.199370 0.438631 0.262591
v 0.186033 0.438662 0.253647
v 0.178317 0.438679 0.251292
v 0.154407 0.438734 0.329637
v 0.141071 0.438765 0.320693
v 0.132146 0.438785 0.307260
v 0.132199 0.438785 0.275897
v 0.141169 0.438765 0.262493
v 0.154535 0.438734 0.253595
v 0.162260 0.438716 0.251266
v 0.170151 0.438698 0.332796
v 0.170290 0.438698 0.250488
v 0.210890 0.438604 0.296685
v 0.210565 0.438605 0.285297
v 0.129898 0.438791 0.285161
v 0.129535 0.438792 0.296547
v 0.185906 0.435076 0.329690
v 0.199272 0.435065 0.320792
v 0.208242 0.435057 0.307388
v 0.208295 0.435057 0.276025
v 0.199370 0.435065 0.262591
v 0.186034 0.435076 0.253648
v 0.178317 0.435083 0.251293
v 0.154408 0.435104 0.329637
v 0.141071 0.435116 0.320694
v 0.132146 0.435124 0.307260
v 0.132199 0.435124 0.275897
v 0.141169 0.435116 0.262493
v 0.154536 0.435104 0.253594
v 0.162260 0.435097 0.251265
v 0.170151 0.435090 0.332796
v 0.170290 0.435090 0.250488
v 0.210890 0.435055 0.296684
v 0.210565 0.435055 0.285297
v 0.129898 0.435126 0.285161
v 0.129535 0.435126 0.296547
v 0.182469 0.470777 0.296464
v 0.182368 0.470465 0.285731
v 0.174413 0.472447 0.285717
v 0.174436 0.472778 0.296451
v 0.189790 0.466911 0.296477
v 0.189618 0.466637 0.285743
v 0.195973 0.461406 0.296487
v 0.195741 0.461186 0.285753
v 0.200659 0.454582 0.296495
v 0.200381 0.454427 0.285761
v 0.203575 0.446834 0.296500
v 0.203269 0.446755 0.285766
v 0.204578 0.438175 0.296501
v 0.204263 0.438176 0.285767
v 0.136890 0.446998 0.296388
v 0.137232 0.446918 0.285655
v 0.136196 0.438344 0.285652
v 0.135845 0.438345 0.296385
v 0.139845 0.454732 0.296393
v 0.140158 0.454576 0.285660
v 0.144565 0.461533 0.296401
v 0.144832 0.461311 0.285668
v 0.150775 0.467007 0.296411
v 0.150982 0.466733 0.285678
v 0.158114 0.470837 0.296423
v 0.158250 0.470524 0.285690
v 0.166157 0.472798 0.296437
v 0.166215 0.472467 0.285704
v 0.139457 0.447913 0.287232
v -0.010890 0.709152 0.291111
v 0.140930 0.448764 0.287690
v -0.010119 0.707817 0.291112
v 0.142007 0.449387 0.288938
v -0.010483 0.707606 0.291224
v 0.142399 0.449615 0.290640
v -0.011254 0.708942 0.291223
v 0.142001 0.449387 0.292341
v -0.010621 0.709306 0.289961
v 0.140920 0.448764 0.293585
v -0.009850 0.707971 0.289963
v 0.139446 0.447913 0.294038
v -0.009753 0.708027 0.290384
v 0.137973 0.447063 0.293580
v -0.010524 0.709363 0.290382
v 0.136896 0.446440 0.292332
v -0.011982 0.708521 0.290380
v 0.136504 0.446212 0.290630
v -0.011211 0.707185 0.290381
v 0.136902 0.446440 0.288929
v -0.011112 0.707242 0.289960
v 0.137983 0.447063 0.287685
v -0.011884 0.708577 0.289959
v 0.087193 0.538437 0.287144
v 0.088666 0.539288 0.287602
v 0.089743 0.539911 0.288850
v 0.090135 0.540139 0.290552
v 0.089737 0.539911 0.292253
v 0.088656 0.539288 0.293497
v 0.087182 0.538437 0.293950
v 0.085709 0.537586 0.293492
v 0.084632 0.536964 0.292244
v 0.084240 0.536736 0.290542
v 0.084638 0.536964 0.288841
v 0.085719 0.537586 0.287597
v -0.011252 0.708942 0.289539
v -0.010480 0.707606 0.289541
v 0.087191 0.538437 0.288360
v -0.010116 0.707817 0.289654
v -0.010887 0.709152 0.289653
v -0.010848 0.707396 0.291111
v -0.011619 0.708731 0.291109
v -0.009851 0.707971 0.290804
v -0.010622 0.709306 0.290803
v -0.010845 0.707396 0.289653
v -0.011616 0.708731 0.289651
v -0.011114 0.707242 0.290802
v -0.011885 0.708577 0.290801
v 0.088138 0.538984 0.288654
v 0.088830 0.539384 0.289456
v 0.089082 0.539531 0.290550
v 0.088826 0.539384 0.291643
v 0.088132 0.538984 0.292443
v 0.087184 0.538437 0.292734
v 0.086237 0.537890 0.292440
v 0.085545 0.537490 0.291638
v 0.085293 0.537344 0.290544
v 0.085549 0.537490 0.289450
v 0.086244 0.537890 0.288651
v 0.064577 0.577607 0.288321
v 0.065523 0.578154 0.288616
v 0.066215 0.578554 0.289418
v 0.066467 0.578701 0.290512
v 0.066212 0.578554 0.291605
v 0.065517 0.578154 0.292405
v 0.064569 0.577607 0.292696
v 0.063623 0.577060 0.292402
v 0.062931 0.576660 0.291600
v 0.062679 0.576514 0.290506
v 0.062934 0.576660 0.289412
v 0.063629 0.577060 0.288613
v -0.011511 0.708793 0.289863
v -0.011700 0.708683 0.290082
v 0.064575 0.577607 0.289294
v -0.011770 0.708643 0.290380
v -0.011701 0.708683 0.290679
v -0.011512 0.708793 0.290898
v -0.011254 0.708942 0.290978
v -0.010995 0.709091 0.290899
v -0.010806 0.709200 0.290680
v -0.010736 0.709240 0.290382
v -0.010805 0.709200 0.290083
v -0.011252 0.708942 0.289784
v -0.010994 0.709091 0.289864
v 0.065101 0.577911 0.289458
v 0.065485 0.578133 0.289903
v 0.065625 0.578214 0.290511
v 0.065483 0.578133 0.291118
v 0.065097 0.577911 0.291562
v 0.064571 0.577607 0.291723
v 0.064045 0.577304 0.291560
v 0.063661 0.577081 0.291115
v 0.063521 0.577000 0.290507
v 0.063663 0.577081 0.289900
v 0.064049 0.577304 0.289456
v 0.043718 0.613733 0.289259
v 0.044243 0.614037 0.289423
v 0.044628 0.614259 0.289868
v 0.044767 0.614340 0.290475
v 0.044626 0.614259 0.291082
v 0.044240 0.614037 0.291526
v 0.043714 0.613733 0.291688
v 0.043188 0.613430 0.291525
v 0.042804 0.613207 0.291079
v 0.042664 0.613126 0.290472
v 0.042806 0.613207 0.289865
v 0.043192 0.613430 0.289421
v -0.010222 0.707756 0.289866
v -0.010481 0.707606 0.289785
v 0.043717 0.613733 0.289877
v -0.010034 0.707865 0.290085
v -0.009965 0.707905 0.290383
v -0.010035 0.707865 0.290682
v -0.010224 0.707755 0.290900
v -0.010483 0.707606 0.290979
v -0.010741 0.707457 0.290899
v -0.010930 0.707348 0.290680
v -0.010999 0.707308 0.290381
v -0.010929 0.707348 0.290083
v -0.010740 0.707457 0.289865
v 0.043975 0.613883 0.289957
v 0.044164 0.613992 0.290176
v 0.044233 0.614032 0.290475
v 0.044163 0.613992 0.290773
v 0.043973 0.613883 0.290991
v 0.043715 0.613733 0.291071
v 0.043456 0.613584 0.290990
v 0.043267 0.613475 0.290771
v 0.043199 0.613435 0.290473
v 0.043268 0.613475 0.290174
v 0.043458 0.613584 0.289956
v 0.200999 0.447913 0.287335
v 0.351332 0.709152 0.291721
v 0.199524 0.448764 0.287789
v 0.350561 0.707817 0.291720
v 0.198443 0.449387 0.289033
v 0.350925 0.707606 0.291833
v 0.198045 0.449615 0.290734
v 0.351696 0.708942 0.291834
v 0.198438 0.449387 0.292436
v 0.351067 0.709306 0.290571
v 0.199514 0.448764 0.293684
v 0.350296 0.707971 0.290569
v 0.200987 0.447913 0.294142
v 0.350197 0.708027 0.290990
v 0.202462 0.447063 0.293689
v 0.350969 0.709363 0.290991
v 0.203543 0.446440 0.292445
v 0.352426 0.708521 0.290994
v 0.203940 0.446212 0.290744
v 0.351655 0.707185 0.290993
v 0.203548 0.446440 0.289041
v 0.351558 0.707242 0.290572
v 0.202472 0.447063 0.287794
v 0.352329 0.708577 0.290573
v 0.253263 0.538437 0.287423
v 0.251788 0.539288 0.287877
v 0.250707 0.539911 0.289121
v 0.250309 0.540139 0.290822
v 0.250701 0.539911 0.292524
v 0.251778 0.539288 0.293772
v 0.253251 0.538437 0.294230
v 0.254726 0.537586 0.293777
v 0.255807 0.536964 0.292533
v 0.256204 0.536736 0.290832
v 0.255812 0.536964 0.289129
v 0.254735 0.537586 0.287882
v 0.351699 0.708942 0.290151
v 0.350928 0.707606 0.290150
v 0.253260 0.538437 0.288639
v 0.350563 0.707817 0.290262
v 0.351334 0.709152 0.290263
v 0.351290 0.707396 0.291721
v 0.352061 0.708731 0.291722
v 0.350294 0.707971 0.291411
v 0.351066 0.709306 0.291413
v 0.351292 0.707396 0.290263
v 0.352063 0.708731 0.290264
v 0.351557 0.707242 0.291413
v 0.352328 0.708577 0.291415
v 0.252313 0.538984 0.288931
v 0.251618 0.539384 0.289730
v 0.251362 0.539531 0.290824
v 0.251614 0.539384 0.291918
v 0.252306 0.538984 0.292720
v 0.253253 0.538437 0.293014
v 0.254201 0.537890 0.292723
v 0.254896 0.537490 0.291923
v 0.255151 0.537344 0.290830
v 0.254899 0.537490 0.289736
v 0.254207 0.537890 0.288934
v 0.275875 0.577607 0.288678
v 0.274928 0.578154 0.288969
v 0.274233 0.578554 0.289768
v 0.273977 0.578701 0.290862
v 0.274229 0.578554 0.291956
v 0.274921 0.578154 0.292758
v 0.275868 0.577607 0.293052
v 0.276816 0.577060 0.292761
v 0.277510 0.576660 0.291961
v 0.277766 0.576514 0.290868
v 0.277514 0.576660 0.289774
v 0.276822 0.577060 0.288972
v 0.351957 0.708793 0.290476
v 0.352146 0.708683 0.290695
v 0.275874 0.577607 0.289650
v 0.352215 0.708643 0.290994
v 0.352145 0.708683 0.291292
v 0.351955 0.708793 0.291510
v 0.351696 0.708942 0.291590
v 0.351438 0.709091 0.291509
v 0.351249 0.709200 0.291291
v 0.351180 0.709240 0.290992
v 0.351250 0.709200 0.290693
v 0.351699 0.708942 0.290396
v 0.351440 0.709091 0.290475
v 0.275347 0.577911 0.289812
v 0.274962 0.578133 0.290256
v 0.274820 0.578214 0.290863
v 0.274960 0.578133 0.291471
v 0.275344 0.577911 0.291916
v 0.275869 0.577607 0.292079
v 0.276396 0.577304 0.291918
v 0.276781 0.577081 0.291474
v 0.276923 0.577000 0.290867
v 0.276783 0.577081 0.290259
v 0.276399 0.577304 0.289814
v 0.296731 0.613733 0.289686
v 0.296205 0.614037 0.289847
v 0.295819 0.614259 0.290291
v 0.295677 0.614340 0.290898
v 0.295817 0.614259 0.291506
v 0.296201 0.614037 0.291951
v 0.296727 0.613733 0.292115
v 0.297253 0.613430 0.291953
v 0.297639 0.613207 0.291509
v 0.297781 0.613126 0.290902
v 0.297641 0.613207 0.290294
v 0.297257 0.613430 0.289849
v 0.350669 0.707756 0.290474
v 0.350927 0.707606 0.290394
v 0.296730 0.613733 0.290303
v 0.350479 0.707865 0.290692
v 0.350409 0.707905 0.290991
v 0.350478 0.707865 0.291289
v 0.350667 0.707756 0.291508
v 0.350925 0.707606 0.291589
v 0.351184 0.707457 0.291509
v 0.351374 0.707348 0.291291
v 0.351443 0.707308 0.290992
v 0.351375 0.707348 0.290694
v 0.351186 0.707457 0.290475
v 0.296471 0.613883 0.290383
v 0.296282 0.613992 0.290601
v 0.296212 0.614032 0.290899
v 0.296281 0.613992 0.291198
v 0.296469 0.613883 0.291417
v 0.296728 0.613733 0.291497
v 0.296987 0.613584 0.291418
v 0.297176 0.613475 0.291199
v 0.297246 0.613435 0.290901
v 0.297177 0.613475 0.290602
v 0.296988 0.613584 0.290383
v 0.182612 0.069574 0.488111
v 0.181370 0.069911 0.488109
v 0.180270 0.071953 0.488107
v 0.180270 0.266454 0.488107
v 0.180607 0.267725 0.488107
v 0.180607 0.070682 0.488107
v 0.181370 0.268496 0.488109
v 0.182612 0.268833 0.488111
v 0.324096 0.268833 0.488349
v 0.324095 0.069574 0.488349
v 0.326437 0.071953 0.488353
v 0.326100 0.070682 0.488353
v 0.325337 0.069911 0.488351
v 0.325337 0.268496 0.488351
v 0.326100 0.267725 0.488353
v 0.326437 0.266454 0.488353
v 0.326437 0.110162 0.488353
v 0.180270 0.110162 0.488107
v 0.246314 0.094355 0.484788
v 0.248988 0.096142 0.484792
v 0.252143 0.096770 0.484797
v 0.255298 0.096142 0.484803
v 0.259759 0.091680 0.484810
v 0.283261 0.085371 0.484850
v 0.283261 0.091680 0.484850
v 0.282634 0.088526 0.484849
v 0.257972 0.094355 0.484807
v 0.285048 0.094355 0.484853
v 0.287723 0.096142 0.484857
v 0.294032 0.096142 0.484868
v 0.290878 0.096770 0.484863
v 0.296707 0.094355 0.484873
v 0.296707 0.082696 0.484873
v 0.299121 0.088526 0.484877
v 0.298494 0.085371 0.484876
v 0.298494 0.091680 0.484876
v 0.205167 0.088526 0.483198
v 0.205795 0.085371 0.483199
v 0.205795 0.091680 0.483199
v 0.207582 0.082696 0.483202
v 0.207582 0.094355 0.483202
v 0.210256 0.080909 0.483207
v 0.210256 0.096142 0.483207
v 0.213411 0.080282 0.483212
v 0.213411 0.096770 0.483212
v 0.216566 0.080909 0.483217
v 0.216566 0.096142 0.483217
v 0.219240 0.082696 0.483222
v 0.219240 0.094355 0.483222
v 0.221027 0.085371 0.483225
v 0.221027 0.091680 0.483225
v 0.243899 0.088526 0.484784
v 0.221655 0.088526 0.483226
v 0.244527 0.085371 0.484785
v 0.244527 0.091680 0.484785
v 0.246314 0.082696 0.484788
v 0.252143 0.080282 0.484797
v 0.248988 0.080909 0.484792
v 0.257972 0.082696 0.484807
v 0.260387 0.088526 0.484811
v 0.259759 0.085371 0.484810
v 0.285048 0.082696 0.484853
v 0.287723 0.080909 0.484857
v 0.290878 0.080282 0.484863
v 0.294032 0.080909 0.484868
v 0.255298 0.080909 0.484803
v 0.245838 0.094828 0.486381
v 0.243770 0.096893 0.488214
v 0.245147 0.095518 0.487380
v 0.244340 0.096324 0.488125
v 0.248730 0.096760 0.486386
v 0.247609 0.099458 0.488220
v 0.248355 0.097661 0.487385
v 0.247917 0.098714 0.488131
v 0.252137 0.100359 0.488228
v 0.252140 0.097439 0.486391
v 0.252137 0.099554 0.488138
v 0.252139 0.098414 0.487392
v 0.256666 0.099458 0.488236
v 0.255551 0.096760 0.486397
v 0.256358 0.098714 0.488145
v 0.255923 0.097661 0.487398
v 0.260375 0.091937 0.486405
v 0.263070 0.093054 0.488246
v 0.261274 0.092310 0.487407
v 0.262326 0.092746 0.488155
v 0.279940 0.083997 0.488275
v 0.282641 0.085115 0.486443
v 0.280684 0.084306 0.488186
v 0.281867 0.084795 0.487521
v 0.282641 0.091937 0.486443
v 0.279940 0.093054 0.488275
v 0.281867 0.092256 0.487521
v 0.280684 0.092746 0.488186
v 0.281962 0.088526 0.486442
v 0.279039 0.088526 0.488273
v 0.281125 0.088526 0.487520
v 0.279844 0.088526 0.488185
v 0.258443 0.094828 0.486402
v 0.260505 0.096893 0.488242
v 0.259131 0.095518 0.487404
v 0.259935 0.096324 0.488151
v 0.282505 0.096893 0.488279
v 0.284573 0.094828 0.486446
v 0.283074 0.096324 0.488190
v 0.283980 0.095418 0.487524
v 0.287464 0.096760 0.486451
v 0.286344 0.099458 0.488286
v 0.287143 0.097532 0.487530
v 0.286652 0.098714 0.488196
v 0.295400 0.099458 0.488301
v 0.294286 0.096760 0.486462
v 0.295092 0.098714 0.488210
v 0.294604 0.097532 0.487542
v 0.290875 0.097439 0.486457
v 0.290872 0.100359 0.488293
v 0.290873 0.098274 0.487536
v 0.290872 0.099554 0.488203
v 0.297177 0.094828 0.486467
v 0.299239 0.096893 0.488307
v 0.297766 0.095418 0.487548
v 0.298670 0.096324 0.488216
v 0.297177 0.082223 0.486467
v 0.299239 0.080158 0.488307
v 0.297766 0.081633 0.487548
v 0.298670 0.080728 0.488216
v 0.299788 0.088526 0.486472
v 0.302705 0.088526 0.488313
v 0.300621 0.088526 0.487553
v 0.301900 0.088526 0.488222
v 0.301760 0.083890 0.488311
v 0.299109 0.085115 0.486470
v 0.301030 0.084232 0.488220
v 0.299871 0.084775 0.487551
v 0.299109 0.091937 0.486470
v 0.301804 0.093054 0.488312
v 0.299879 0.092256 0.487551
v 0.301060 0.092746 0.488220
v 0.204493 0.088526 0.486311
v 0.201570 0.088526 0.488143
v 0.203656 0.088526 0.487389
v 0.202375 0.088526 0.488054
v 0.202505 0.083884 0.488144
v 0.205171 0.085115 0.486312
v 0.203238 0.084228 0.488056
v 0.204405 0.084774 0.487390
v 0.205171 0.091937 0.486312
v 0.202470 0.093054 0.488144
v 0.204398 0.092256 0.487390
v 0.203214 0.092746 0.488056
v 0.205130 0.080081 0.488149
v 0.207104 0.082223 0.486315
v 0.205669 0.080675 0.488060
v 0.206529 0.081618 0.487394
v 0.207104 0.094828 0.486315
v 0.205035 0.096893 0.488148
v 0.206511 0.095418 0.487394
v 0.205605 0.096324 0.488060
v 0.209995 0.080291 0.486320
v 0.208874 0.077593 0.488155
v 0.209674 0.079520 0.487399
v 0.209183 0.078337 0.488066
v 0.208874 0.099458 0.488155
v 0.209995 0.096760 0.486320
v 0.209183 0.098714 0.488066
v 0.209674 0.097532 0.487399
v 0.213403 0.076693 0.488163
v 0.213406 0.079613 0.486326
v 0.213403 0.077498 0.488073
v 0.213404 0.078778 0.487406
v 0.213403 0.100359 0.488163
v 0.213406 0.097439 0.486326
v 0.213403 0.099554 0.488073
v 0.213404 0.098274 0.487406
v 0.217931 0.077593 0.488170
v 0.216817 0.080291 0.486332
v 0.217623 0.078337 0.488080
v 0.217134 0.079520 0.487412
v 0.217931 0.099458 0.488170
v 0.216817 0.096760 0.486332
v 0.217623 0.098714 0.488080
v 0.217134 0.097532 0.487412
v 0.221770 0.080158 0.488177
v 0.219708 0.082223 0.486337
v 0.221201 0.080728 0.488086
v 0.220297 0.081633 0.487417
v 0.221770 0.096893 0.488177
v 0.219708 0.094828 0.486337
v 0.221201 0.096324 0.488086
v 0.220297 0.095418 0.487417
v 0.224335 0.083997 0.488181
v 0.221640 0.085115 0.486340
v 0.223591 0.084306 0.488090
v 0.222410 0.084795 0.487421
v 0.224335 0.093054 0.488181
v 0.221640 0.091937 0.486340
v 0.223591 0.092746 0.488090
v 0.222410 0.092256 0.487421
v 0.240304 0.088526 0.488208
v 0.243228 0.088526 0.486376
v 0.241110 0.088526 0.488119
v 0.242251 0.088526 0.487375
v 0.222319 0.088526 0.486341
v 0.225236 0.088526 0.488183
v 0.223152 0.088526 0.487422
v 0.224431 0.088526 0.488091
v 0.241205 0.083997 0.488209
v 0.243906 0.085115 0.486377
v 0.241949 0.084306 0.488121
v 0.243003 0.084742 0.487376
v 0.241205 0.093054 0.488209
v 0.243906 0.091937 0.486377
v 0.241949 0.092746 0.488121
v 0.243003 0.092310 0.487376
v 0.245838 0.082223 0.486381
v 0.243770 0.080158 0.488214
v 0.245147 0.081534 0.487380
v 0.244340 0.080728 0.488125
v 0.252137 0.076693 0.488228
v 0.252140 0.079613 0.486391
v 0.252137 0.077498 0.488138
v 0.252139 0.078638 0.487392
v 0.247609 0.077593 0.488220
v 0.248730 0.080291 0.486386
v 0.247917 0.078337 0.488131
v 0.248355 0.079390 0.487385
v 0.258443 0.082223 0.486402
v 0.260505 0.080158 0.488242
v 0.259131 0.081534 0.487404
v 0.259935 0.080728 0.488151
v 0.263970 0.088526 0.488248
v 0.261053 0.088526 0.486406
v 0.263165 0.088526 0.488157
v 0.262027 0.088526 0.487409
v 0.260375 0.085115 0.486405
v 0.263070 0.083997 0.488246
v 0.261274 0.084742 0.487407
v 0.262326 0.084306 0.488155
v 0.282505 0.080158 0.488279
v 0.284573 0.082223 0.486446
v 0.283074 0.080728 0.488190
v 0.283980 0.081633 0.487524
v 0.286344 0.077593 0.488286
v 0.287464 0.080291 0.486451
v 0.286652 0.078337 0.488196
v 0.287143 0.079520 0.487530
v 0.290872 0.076693 0.488293
v 0.290875 0.079613 0.486457
v 0.290872 0.077498 0.488203
v 0.290873 0.078778 0.487536
v 0.294286 0.080291 0.486462
v 0.295400 0.077593 0.488301
v 0.294604 0.079520 0.487542
v 0.295092 0.078337 0.488210
v 0.256666 0.077593 0.488236
v 0.255551 0.080291 0.486397
v 0.256358 0.078337 0.488145
v 0.255923 0.079390 0.487398
v 0.251822 0.089277 0.490975
v 0.250247 0.093061 0.495050
v 0.251337 0.090446 0.491174
v 0.250899 0.091501 0.491752
v 0.250497 0.092466 0.493077
v 0.212647 0.088837 0.490909
v 0.208856 0.090404 0.494980
v 0.211477 0.089321 0.491107
v 0.210186 0.089856 0.492032
v 0.209342 0.090204 0.493279
v 0.251558 0.089100 0.490975
v 0.248654 0.091997 0.495047
v 0.250663 0.089995 0.491173
v 0.249854 0.090803 0.491751
v 0.249113 0.091542 0.493074
v 0.290556 0.089277 0.491041
v 0.288982 0.093061 0.495115
v 0.290071 0.090446 0.491239
v 0.289633 0.091501 0.491818
v 0.289211 0.092514 0.493302
v 0.254005 0.093061 0.495056
v 0.252444 0.089277 0.490976
v 0.253761 0.092466 0.493082
v 0.253364 0.091501 0.491757
v 0.252928 0.090446 0.491177
v 0.252126 0.093435 0.495053
v 0.252133 0.089338 0.490976
v 0.252129 0.092791 0.493079
v 0.252131 0.091746 0.491755
v 0.252132 0.090604 0.491176
v 0.252883 0.088837 0.490977
v 0.256662 0.090404 0.495061
v 0.254053 0.089321 0.491179
v 0.255107 0.089758 0.491760
v 0.256069 0.090158 0.493086
v 0.286325 0.086647 0.495111
v 0.290116 0.088215 0.491040
v 0.286875 0.086874 0.493298
v 0.287890 0.087293 0.491815
v 0.288947 0.087730 0.491237
v 0.290116 0.088837 0.491040
v 0.286325 0.090404 0.495111
v 0.288947 0.089321 0.491237
v 0.287890 0.089758 0.491815
v 0.286875 0.090178 0.493298
v 0.290055 0.088526 0.491040
v 0.285951 0.088526 0.495110
v 0.288788 0.088526 0.491237
v 0.287645 0.088526 0.491814
v 0.286546 0.088526 0.493297
v 0.252707 0.089100 0.490977
v 0.255597 0.091997 0.495059
v 0.253602 0.089996 0.491178
v 0.254409 0.090803 0.491758
v 0.255145 0.091542 0.493084
v 0.287389 0.091997 0.495112
v 0.290293 0.089100 0.491040
v 0.287811 0.091579 0.493300
v 0.288589 0.090803 0.491816
v 0.289397 0.089996 0.491238
v 0.252707 0.087951 0.490977
v 0.255597 0.085054 0.495059
v 0.253602 0.087056 0.491178
v 0.254409 0.086248 0.491758
v 0.255145 0.085510 0.493084
v 0.290867 0.089338 0.491041
v 0.290860 0.093435 0.495118
v 0.290867 0.090604 0.491241
v 0.290866 0.091746 0.491820
v 0.290863 0.092843 0.493305
v 0.291442 0.089100 0.491042
v 0.294332 0.091997 0.495124
v 0.292337 0.089996 0.491243
v 0.293143 0.090803 0.491824
v 0.293916 0.091579 0.493310
v 0.291442 0.087951 0.491042
v 0.294332 0.085054 0.495124
v 0.292337 0.087056 0.491243
v 0.293143 0.086248 0.491824
v 0.293916 0.085473 0.493310
v 0.291680 0.088526 0.491043
v 0.295770 0.088526 0.495127
v 0.292946 0.088526 0.491244
v 0.294087 0.088526 0.491825
v 0.295181 0.088526 0.493312
v 0.295396 0.086647 0.495126
v 0.291618 0.088215 0.491042
v 0.294852 0.086874 0.493311
v 0.293841 0.087293 0.491825
v 0.292787 0.087730 0.491244
v 0.291618 0.088837 0.491042
v 0.295396 0.090404 0.495126
v 0.292787 0.089321 0.491244
v 0.293841 0.089758 0.491825
v 0.294852 0.090178 0.493311
v 0.292739 0.093061 0.495121
v 0.291178 0.089277 0.491042
v 0.292516 0.092514 0.493307
v 0.292098 0.091501 0.491822
v 0.291662 0.090446 0.491242
v 0.212585 0.088526 0.490909
v 0.208482 0.088526 0.494979
v 0.211319 0.088526 0.491107
v 0.209921 0.088526 0.492032
v 0.209008 0.088526 0.493278
v 0.209920 0.085054 0.494982
v 0.212823 0.087951 0.490910
v 0.210293 0.085424 0.493281
v 0.210939 0.086069 0.492034
v 0.211928 0.087056 0.491108
v 0.212823 0.089100 0.490910
v 0.209920 0.091997 0.494982
v 0.211928 0.089996 0.491108
v 0.210939 0.090983 0.492034
v 0.210293 0.091627 0.493281
v 0.213087 0.087775 0.490910
v 0.211512 0.083990 0.494985
v 0.212602 0.086605 0.491109
v 0.212066 0.085315 0.492035
v 0.211716 0.084473 0.493283
v 0.211512 0.093061 0.494985
v 0.213087 0.089277 0.490910
v 0.211716 0.092578 0.493283
v 0.212066 0.091736 0.492035
v 0.212602 0.090446 0.491109
v 0.213391 0.083616 0.494988
v 0.213398 0.087713 0.490911
v 0.213394 0.084140 0.493286
v 0.213396 0.085051 0.492038
v 0.213398 0.086447 0.491110
v 0.252883 0.088215 0.490977
v 0.256662 0.086647 0.495061
v 0.254053 0.087730 0.491179
v 0.255107 0.087293 0.491760
v 0.256069 0.086894 0.493086
v 0.213391 0.093435 0.494988
v 0.213398 0.089338 0.490911
v 0.213394 0.092912 0.493286
v 0.213396 0.092001 0.492038
v 0.213398 0.090604 0.491110
v 0.217927 0.086647 0.494995
v 0.214149 0.088215 0.490912
v 0.217446 0.086847 0.493293
v 0.216607 0.087196 0.492043
v 0.215318 0.087730 0.491113
v 0.216863 0.091997 0.494994
v 0.213973 0.089100 0.490912
v 0.216496 0.091627 0.493291
v 0.215853 0.090983 0.492042
v 0.214868 0.089996 0.491113
v 0.216863 0.085054 0.494994
v 0.213973 0.087951 0.490912
v 0.216496 0.085424 0.493291
v 0.215853 0.086069 0.492042
v 0.214868 0.087056 0.491113
v 0.247590 0.090404 0.495045
v 0.251382 0.088837 0.490975
v 0.248189 0.090158 0.493073
v 0.249156 0.089758 0.491750
v 0.250212 0.089321 0.491172
v 0.247590 0.086647 0.495045
v 0.251382 0.088215 0.490975
v 0.248189 0.086894 0.493073
v 0.249156 0.087293 0.491750
v 0.250212 0.087730 0.491172
v 0.247216 0.088526 0.495045
v 0.251320 0.088526 0.490975
v 0.247864 0.088526 0.493072
v 0.248911 0.088526 0.491749
v 0.250054 0.088526 0.491172
v 0.214211 0.088526 0.490912
v 0.218301 0.088526 0.494996
v 0.215476 0.088526 0.491114
v 0.216871 0.088526 0.492044
v 0.217780 0.088526 0.493293
v 0.251558 0.087951 0.490975
v 0.248654 0.085054 0.495047
v 0.250663 0.087056 0.491173
v 0.249854 0.086248 0.491751
v 0.249113 0.085510 0.493074
v 0.252126 0.083616 0.495053
v 0.252133 0.087713 0.490976
v 0.252129 0.084261 0.493079
v 0.252131 0.085305 0.491755
v 0.252132 0.086447 0.491176
v 0.250247 0.083990 0.495050
v 0.251822 0.087775 0.490975
v 0.250497 0.084585 0.493077
v 0.250899 0.085550 0.491752
v 0.251337 0.086605 0.491174
v 0.257035 0.088526 0.495061
v 0.252945 0.088526 0.490977
v 0.256394 0.088526 0.493086
v 0.255352 0.088526 0.491760
v 0.254211 0.088526 0.491179
v 0.287389 0.085054 0.495112
v 0.290293 0.087951 0.491040
v 0.287811 0.085473 0.493300
v 0.288589 0.086248 0.491816
v 0.289397 0.087056 0.491238
v 0.288982 0.083990 0.495115
v 0.290556 0.087775 0.491041
v 0.289211 0.084537 0.493302
v 0.289633 0.085550 0.491818
v 0.290071 0.086605 0.491239
v 0.291178 0.087775 0.491042
v 0.292739 0.083990 0.495121
v 0.291662 0.086605 0.491242
v 0.292098 0.085550 0.491822
v 0.292516 0.084537 0.493307
v 0.290860 0.083616 0.495118
v 0.290867 0.087713 0.491041
v 0.290863 0.084208 0.493305
v 0.290866 0.085305 0.491820
v 0.290867 0.086447 0.491241
v 0.254005 0.083990 0.495056
v 0.252444 0.087775 0.490976
v 0.253761 0.084585 0.493082
v 0.253364 0.085550 0.491757
v 0.252928 0.086605 0.491177
v 0.215270 0.093061 0.494991
v 0.213709 0.089277 0.490911
v 0.215073 0.092578 0.493289
v 0.214726 0.091736 0.492040
v 0.214193 0.090446 0.491112
v 0.217927 0.090404 0.494995
v 0.214149 0.088837 0.490912
v 0.217446 0.090204 0.493293
v 0.216607 0.089856 0.492043
v 0.215318 0.089321 0.491113
v 0.215270 0.083990 0.494991
v 0.213709 0.087775 0.490911
v 0.215073 0.084473 0.493289
v 0.214726 0.085315 0.492040
v 0.214193 0.086605 0.491112
v 0.208856 0.086647 0.494980
v 0.212647 0.088215 0.490909
v 0.209342 0.086847 0.493279
v 0.210186 0.087196 0.492032
v 0.211477 0.087730 0.491107
v 0.247843 0.092803 0.498453
v 0.249805 0.094114 0.498456
v 0.249586 0.094641 0.499073
v 0.252119 0.095145 0.499077
v 0.252120 0.094575 0.498460
v 0.254652 0.094641 0.499081
v 0.254435 0.094114 0.498464
v 0.257709 0.090841 0.498470
v 0.284592 0.085932 0.499239
v 0.285266 0.086211 0.498516
v 0.285266 0.090841 0.498516
v 0.284592 0.091119 0.499239
v 0.284806 0.088526 0.498515
v 0.256397 0.092803 0.498467
v 0.256800 0.093206 0.499085
v 0.286061 0.093318 0.499242
v 0.286577 0.092803 0.498518
v 0.288540 0.094114 0.498521
v 0.288260 0.094787 0.499245
v 0.293447 0.094787 0.499254
v 0.293169 0.094114 0.498529
v 0.290855 0.094575 0.498525
v 0.290853 0.095303 0.499250
v 0.295132 0.092803 0.498533
v 0.295646 0.093318 0.499258
v 0.295132 0.084248 0.498533
v 0.296904 0.088526 0.498536
v 0.297630 0.088526 0.499261
v 0.296443 0.086211 0.498535
v 0.296443 0.090841 0.498535
v 0.297115 0.091119 0.499260
v 0.206607 0.088526 0.499108
v 0.207123 0.085932 0.499109
v 0.207123 0.091119 0.499109
v 0.208592 0.083734 0.499111
v 0.208592 0.093318 0.499111
v 0.213384 0.095303 0.499119
v 0.215978 0.082265 0.499124
v 0.215978 0.094787 0.499124
v 0.218176 0.093318 0.499127
v 0.219645 0.091119 0.499130
v 0.246071 0.088526 0.498450
v 0.220161 0.088526 0.499131
v 0.246531 0.086211 0.498451
v 0.246004 0.091059 0.499067
v 0.246531 0.090841 0.498451
v 0.247843 0.084248 0.498453
v 0.252119 0.081906 0.499077
v 0.252120 0.082477 0.498460
v 0.249586 0.082410 0.499073
v 0.249805 0.082937 0.498456
v 0.256397 0.084248 0.498467
v 0.258169 0.088526 0.498470
v 0.257709 0.086211 0.498470
v 0.286577 0.084248 0.498518
v 0.288540 0.082937 0.498521
v 0.290853 0.081749 0.499250
v 0.290855 0.082477 0.498525
v 0.293169 0.082937 0.498529
v 0.293447 0.082265 0.499254
v 0.254652 0.082410 0.499081
v 0.254435 0.082937 0.498464
v 0.249224 0.095517 0.498458
v 0.249383 0.095131 0.499083
v 0.249273 0.095398 0.498819
v 0.206394 0.091422 0.498386
v 0.206512 0.091372 0.498747
v 0.247438 0.093206 0.499069
v 0.246769 0.093877 0.498454
v 0.247064 0.093581 0.499079
v 0.246860 0.093786 0.498815
v 0.287959 0.095517 0.498523
v 0.288007 0.095398 0.498884
v 0.255016 0.095517 0.498468
v 0.254966 0.095398 0.498828
v 0.254855 0.095131 0.499092
v 0.252120 0.096093 0.498463
v 0.252119 0.095964 0.498824
v 0.252119 0.095675 0.499088
v 0.258235 0.091059 0.499087
v 0.259111 0.091422 0.498475
v 0.258724 0.091262 0.499099
v 0.258992 0.091372 0.498835
v 0.283863 0.085630 0.498516
v 0.283982 0.085679 0.498877
v 0.283863 0.091422 0.498516
v 0.283982 0.091372 0.498877
v 0.284076 0.088526 0.499238
v 0.283287 0.088526 0.498515
v 0.283415 0.088526 0.498876
v 0.257471 0.093877 0.498472
v 0.257174 0.093581 0.499096
v 0.257379 0.093786 0.498832
v 0.285504 0.093877 0.498519
v 0.285594 0.093786 0.498880
v 0.256800 0.083845 0.499085
v 0.257471 0.083175 0.498472
v 0.257174 0.083470 0.499096
v 0.257379 0.083266 0.498832
v 0.290855 0.096093 0.498528
v 0.290854 0.095964 0.498889
v 0.296206 0.093877 0.498537
v 0.296114 0.093786 0.498898
v 0.295646 0.083734 0.499258
v 0.296206 0.083175 0.498537
v 0.296114 0.083266 0.498898
v 0.298422 0.088526 0.498541
v 0.298293 0.088526 0.498901
v 0.297846 0.085630 0.498540
v 0.297115 0.085932 0.499260
v 0.297726 0.085679 0.498901
v 0.297846 0.091422 0.498540
v 0.297726 0.091372 0.498901
v 0.293751 0.095517 0.498533
v 0.293701 0.095398 0.498894
v 0.205818 0.088526 0.498385
v 0.205946 0.088526 0.498746
v 0.208035 0.083175 0.498388
v 0.208125 0.083266 0.498749
v 0.208035 0.093877 0.498388
v 0.208125 0.093786 0.498749
v 0.210791 0.082265 0.499115
v 0.210490 0.081534 0.498393
v 0.210538 0.081653 0.498754
v 0.210490 0.095517 0.498393
v 0.210791 0.094787 0.499115
v 0.210538 0.095398 0.498754
v 0.213385 0.080958 0.498397
v 0.213384 0.081749 0.499119
v 0.213385 0.081087 0.498758
v 0.258235 0.085993 0.499087
v 0.259111 0.085630 0.498475
v 0.258724 0.085790 0.499099
v 0.258992 0.085679 0.498835
v 0.213385 0.096093 0.498397
v 0.213385 0.095964 0.498758
v 0.220377 0.085630 0.498409
v 0.219645 0.085932 0.499130
v 0.220257 0.085679 0.498770
v 0.218736 0.093877 0.498406
v 0.218645 0.093786 0.498767
v 0.218736 0.083175 0.498406
v 0.218176 0.083734 0.499127
v 0.218645 0.083266 0.498767
v 0.245129 0.091422 0.498451
v 0.245247 0.091372 0.498812
v 0.245514 0.091262 0.499077
v 0.245129 0.085630 0.498451
v 0.246004 0.085993 0.499067
v 0.245247 0.085679 0.498812
v 0.245514 0.085790 0.499077
v 0.244553 0.088526 0.498450
v 0.245500 0.088526 0.499066
v 0.244681 0.088526 0.498811
v 0.244970 0.088526 0.499076
v 0.220953 0.088526 0.498410
v 0.220823 0.088526 0.498771
v 0.247438 0.083845 0.499069
v 0.246769 0.083175 0.498454
v 0.247064 0.083470 0.499079
v 0.246860 0.083266 0.498815
v 0.252120 0.080958 0.498463
v 0.252119 0.081087 0.498824
v 0.252119 0.081376 0.499088
v 0.249224 0.081534 0.498458
v 0.249273 0.081653 0.498819
v 0.249383 0.081921 0.499083
v 0.259687 0.088526 0.498476
v 0.258738 0.088526 0.499088
v 0.259558 0.088526 0.498836
v 0.259268 0.088526 0.499100
v 0.285504 0.083175 0.498519
v 0.286061 0.083734 0.499242
v 0.285594 0.083266 0.498880
v 0.287959 0.081534 0.498523
v 0.288260 0.082265 0.499245
v 0.288007 0.081653 0.498884
v 0.293751 0.081534 0.498533
v 0.293701 0.081653 0.498894
v 0.290855 0.080958 0.498528
v 0.290854 0.081087 0.498889
v 0.255016 0.081534 0.498468
v 0.254966 0.081653 0.498828
v 0.254855 0.081921 0.499092
v 0.216281 0.095517 0.498402
v 0.216232 0.095398 0.498763
v 0.220377 0.091422 0.498409
v 0.220257 0.091372 0.498770
v 0.216281 0.081534 0.498402
v 0.216232 0.081653 0.498763
v 0.206394 0.085630 0.498386
v 0.206512 0.085679 0.498747
v 0.284994 0.086098 0.499073
v 0.284994 0.090953 0.499073
v 0.284511 0.088526 0.499072
v 0.286369 0.093011 0.499075
v 0.288426 0.094386 0.499079
v 0.293281 0.094386 0.499087
v 0.290854 0.094868 0.499083
v 0.295339 0.093011 0.499090
v 0.295339 0.084041 0.499090
v 0.297196 0.088526 0.499093
v 0.296714 0.086098 0.499092
v 0.296714 0.090953 0.499092
v 0.286369 0.084041 0.499075
v 0.288426 0.082666 0.499079
v 0.290854 0.082183 0.499083
v 0.293281 0.082666 0.499087
v 0.247707 0.092938 0.498811
v 0.249731 0.094291 0.498814
v 0.252119 0.094766 0.498818
v 0.254508 0.094291 0.498823
v 0.257885 0.090914 0.498828
v 0.256532 0.092938 0.498826
v 0.245879 0.088526 0.498808
v 0.246354 0.086138 0.498809
v 0.246354 0.090914 0.498809
v 0.247707 0.084113 0.498811
v 0.252119 0.082285 0.498818
v 0.249731 0.082760 0.498814
v 0.256532 0.084113 0.498826
v 0.258360 0.088526 0.498829
v 0.257885 0.086138 0.498828
v 0.254508 0.082760 0.498823
v 0.207264 0.088526 0.498651
v 0.206985 0.088526 0.498963
v 0.207472 0.086077 0.498964
v 0.207730 0.086183 0.498652
v 0.207730 0.090868 0.498652
v 0.207472 0.090975 0.498964
v 0.208859 0.084001 0.498966
v 0.209057 0.084198 0.498654
v 0.209057 0.092854 0.498654
v 0.208859 0.093051 0.498966
v 0.211043 0.082871 0.498657
v 0.210936 0.082614 0.498970
v 0.210936 0.094438 0.498970
v 0.211043 0.094181 0.498657
v 0.213384 0.082126 0.498974
v 0.213385 0.082405 0.498661
v 0.213384 0.094925 0.498974
v 0.213385 0.094647 0.498661
v 0.215833 0.082614 0.498978
v 0.215727 0.082871 0.498665
v 0.215833 0.094438 0.498978
v 0.215727 0.094181 0.498665
v 0.217910 0.084001 0.498982
v 0.217713 0.084198 0.498669
v 0.217910 0.093051 0.498982
v 0.217713 0.092854 0.498669
v 0.219297 0.086077 0.498984
v 0.219040 0.086183 0.498671
v 0.219297 0.090975 0.498984
v 0.219040 0.090868 0.498671
v 0.219506 0.088526 0.498672
v 0.219784 0.088526 0.498985
v 0.181845 0.402974 0.489439
v 0.182556 0.403692 0.489440
v 0.183153 0.403812 0.489441
v 0.182131 0.403406 0.489440
v 0.325014 0.299623 0.489681
v 0.324589 0.299337 0.489680
v 0.325300 0.402974 0.489681
v 0.325419 0.300662 0.489681
v 0.325419 0.402366 0.489681
v 0.325300 0.300054 0.489681
v 0.323992 0.299217 0.489679
v 0.181725 0.300662 0.489439
v 0.181725 0.402366 0.489439
v 0.181845 0.300054 0.489439
v 0.182131 0.299623 0.489440
v 0.182556 0.299337 0.489440
v 0.325014 0.403405 0.489681
v 0.323992 0.403812 0.489679
v 0.324589 0.403692 0.489680
v 0.183153 0.299217 0.489441
v 0.214231 0.324572 0.499383
v 0.221949 0.326107 0.499396
v 0.218166 0.324960 0.499389
v 0.231000 0.333535 0.499411
v 0.228492 0.330479 0.499407
v 0.272713 0.344740 0.499481
v 0.234011 0.340805 0.499416
v 0.232864 0.337022 0.499414
v 0.225436 0.327971 0.499402
v 0.273100 0.348674 0.499482
v 0.274248 0.337022 0.499484
v 0.274248 0.352458 0.499484
v 0.281676 0.327971 0.499496
v 0.281676 0.361509 0.499496
v 0.278619 0.330479 0.499491
v 0.278619 0.359001 0.499491
v 0.276111 0.333535 0.499487
v 0.276111 0.355944 0.499487
v 0.273100 0.340805 0.499482
v 0.288946 0.324960 0.499509
v 0.288946 0.364520 0.499509
v 0.296815 0.324960 0.499522
v 0.300598 0.363372 0.499528
v 0.300598 0.326107 0.499528
v 0.296815 0.364520 0.499522
v 0.292880 0.324572 0.499515
v 0.292880 0.364907 0.499515
v 0.309649 0.333535 0.499544
v 0.309649 0.355944 0.499544
v 0.307141 0.330479 0.499539
v 0.307141 0.359001 0.499539
v 0.313048 0.344740 0.499549
v 0.312660 0.348674 0.499549
v 0.311512 0.337022 0.499547
v 0.312660 0.340805 0.499549
v 0.311512 0.352458 0.499547
v 0.304085 0.361509 0.499534
v 0.304085 0.327971 0.499534
v 0.285162 0.363372 0.499502
v 0.285162 0.326107 0.499502
v 0.194064 0.344740 0.499349
v 0.194451 0.340805 0.499349
v 0.195599 0.337022 0.499351
v 0.195599 0.352458 0.499351
v 0.194451 0.348674 0.499349
v 0.203027 0.327971 0.499364
v 0.203027 0.361509 0.499364
v 0.199971 0.330479 0.499359
v 0.199971 0.359001 0.499359
v 0.206514 0.326107 0.499370
v 0.197463 0.333535 0.499355
v 0.197463 0.355944 0.499355
v 0.210297 0.324960 0.499376
v 0.214231 0.364907 0.499383
v 0.221949 0.363372 0.499396
v 0.218166 0.364520 0.499389
v 0.210297 0.364520 0.499376
v 0.231000 0.355944 0.499411
v 0.228492 0.359001 0.499407
v 0.234399 0.344740 0.499417
v 0.234011 0.348674 0.499416
v 0.232864 0.352458 0.499414
v 0.225436 0.361509 0.499402
v 0.206514 0.363372 0.499370
v 0.214243 0.322110 0.492588
v 0.214237 0.324104 0.496360
v 0.214240 0.323243 0.494048
v 0.222903 0.323833 0.492603
v 0.222134 0.325675 0.496373
v 0.222467 0.324880 0.494062
v 0.218262 0.324500 0.496367
v 0.218658 0.322545 0.492596
v 0.218434 0.323656 0.494055
v 0.233059 0.332168 0.492620
v 0.231395 0.333275 0.496389
v 0.232114 0.332797 0.494078
v 0.230244 0.328738 0.492615
v 0.228828 0.330148 0.496385
v 0.229441 0.329540 0.494074
v 0.272292 0.344740 0.496736
v 0.270140 0.344740 0.492538
v 0.271393 0.344740 0.494144
v 0.234476 0.340714 0.496394
v 0.236438 0.340325 0.492626
v 0.235324 0.340546 0.494084
v 0.235150 0.336080 0.492623
v 0.233302 0.336843 0.496392
v 0.234100 0.336514 0.494082
v 0.225701 0.327582 0.496379
v 0.226815 0.325924 0.492609
v 0.226183 0.326866 0.494068
v 0.272687 0.348757 0.496736
v 0.271806 0.348934 0.494145
v 0.270577 0.349178 0.492539
v 0.273859 0.336859 0.496738
v 0.271872 0.336033 0.492541
v 0.273029 0.336514 0.494147
v 0.273859 0.352620 0.496738
v 0.273029 0.352966 0.494147
v 0.271872 0.353446 0.492541
v 0.281444 0.327617 0.496751
v 0.280946 0.326866 0.494161
v 0.280252 0.325823 0.492556
v 0.281444 0.361862 0.496751
v 0.280946 0.362613 0.494161
v 0.280252 0.363657 0.492555
v 0.278323 0.330178 0.496746
v 0.277689 0.329540 0.494155
v 0.276804 0.328652 0.492550
v 0.278323 0.359301 0.496746
v 0.276804 0.360828 0.492550
v 0.277689 0.359940 0.494155
v 0.275762 0.333299 0.496742
v 0.275015 0.332797 0.494151
v 0.273975 0.332100 0.492545
v 0.275762 0.356181 0.496742
v 0.275015 0.356683 0.494151
v 0.273975 0.357380 0.492545
v 0.272687 0.340722 0.496736
v 0.271806 0.340546 0.494145
v 0.270577 0.340301 0.492539
v 0.288867 0.324543 0.496764
v 0.288695 0.323656 0.494174
v 0.288453 0.322426 0.492569
v 0.288867 0.364937 0.496764
v 0.288453 0.367054 0.492569
v 0.288695 0.365823 0.494174
v 0.296902 0.324543 0.496777
v 0.297083 0.323656 0.494188
v 0.297330 0.322426 0.492584
v 0.300765 0.363765 0.496784
v 0.301115 0.364600 0.494195
v 0.301598 0.365759 0.492591
v 0.300765 0.325714 0.496784
v 0.301598 0.323720 0.492591
v 0.301115 0.324880 0.494195
v 0.296902 0.364937 0.496777
v 0.297330 0.367054 0.492584
v 0.297083 0.365823 0.494188
v 0.292885 0.324147 0.496770
v 0.292892 0.321988 0.492577
v 0.292889 0.323243 0.494181
v 0.292885 0.365333 0.496770
v 0.292889 0.366236 0.494181
v 0.292892 0.367491 0.492577
v 0.310007 0.333299 0.496799
v 0.311809 0.332100 0.492609
v 0.310763 0.332797 0.494211
v 0.310007 0.356181 0.496799
v 0.310763 0.356683 0.494211
v 0.311809 0.357380 0.492609
v 0.307446 0.330178 0.496795
v 0.308089 0.329540 0.494206
v 0.308979 0.328652 0.492604
v 0.307446 0.359301 0.496795
v 0.308979 0.360828 0.492604
v 0.308089 0.359940 0.494206
v 0.313478 0.344740 0.496805
v 0.314385 0.344740 0.494217
v 0.315643 0.344740 0.492615
v 0.313082 0.348757 0.496804
v 0.315206 0.349178 0.492614
v 0.313972 0.348934 0.494216
v 0.311910 0.336859 0.496802
v 0.313911 0.336033 0.492612
v 0.312749 0.336514 0.494214
v 0.313082 0.340722 0.496804
v 0.313972 0.340546 0.494216
v 0.315206 0.340301 0.492614
v 0.311910 0.352620 0.496802
v 0.312749 0.352966 0.494214
v 0.313911 0.353446 0.492612
v 0.304326 0.361862 0.496790
v 0.305532 0.363657 0.492598
v 0.304832 0.362613 0.494201
v 0.304326 0.327617 0.496790
v 0.304832 0.326866 0.494201
v 0.305532 0.325823 0.492598
v 0.285004 0.363765 0.496757
v 0.284663 0.364600 0.494167
v 0.284185 0.365759 0.492562
v 0.285004 0.325714 0.496757
v 0.284185 0.323720 0.492562
v 0.284663 0.324880 0.494167
v 0.193600 0.344740 0.496325
v 0.191613 0.344740 0.492550
v 0.192744 0.344740 0.494012
v 0.192048 0.340325 0.492551
v 0.193997 0.340714 0.496326
v 0.193157 0.340546 0.494013
v 0.193336 0.336080 0.492553
v 0.195171 0.336843 0.496328
v 0.194380 0.336514 0.494015
v 0.193336 0.353400 0.492553
v 0.195171 0.352637 0.496328
v 0.194380 0.352966 0.494015
v 0.193997 0.348766 0.496326
v 0.192048 0.349155 0.492551
v 0.193157 0.348934 0.494013
v 0.202772 0.327582 0.496341
v 0.201671 0.325924 0.492567
v 0.202298 0.326866 0.494028
v 0.202772 0.361898 0.496341
v 0.201671 0.363556 0.492567
v 0.202298 0.362613 0.494028
v 0.198241 0.328738 0.492561
v 0.199645 0.330148 0.496335
v 0.199040 0.329540 0.494023
v 0.198241 0.360741 0.492561
v 0.199645 0.359332 0.496335
v 0.199040 0.359940 0.494023
v 0.205583 0.323833 0.492574
v 0.206339 0.325675 0.496347
v 0.206014 0.324880 0.494034
v 0.197078 0.333275 0.496331
v 0.195427 0.332168 0.492556
v 0.196367 0.332797 0.494018
v 0.195427 0.357312 0.492556
v 0.197078 0.356205 0.496331
v 0.196367 0.356683 0.494018
v 0.210211 0.324500 0.496353
v 0.209828 0.322545 0.492581
v 0.210047 0.323656 0.494041
v 0.214243 0.367369 0.492588
v 0.214237 0.365376 0.496360
v 0.214240 0.366236 0.494048
v 0.222134 0.363805 0.496373
v 0.222903 0.365647 0.492603
v 0.222467 0.364600 0.494062
v 0.218262 0.364979 0.496367
v 0.218658 0.366935 0.492596
v 0.218434 0.365823 0.494055
v 0.209828 0.366935 0.492581
v 0.210211 0.364979 0.496353
v 0.210047 0.365823 0.494041
v 0.231395 0.356205 0.496389
v 0.233059 0.357312 0.492620
v 0.232114 0.356683 0.494078
v 0.230244 0.360741 0.492615
v 0.228828 0.359332 0.496385
v 0.229441 0.359940 0.494074
v 0.236872 0.344740 0.492626
v 0.234873 0.344740 0.496395
v 0.235737 0.344740 0.494084
v 0.236438 0.349155 0.492626
v 0.234476 0.348766 0.496394
v 0.235324 0.348934 0.494084
v 0.235150 0.353400 0.492623
v 0.233302 0.352637 0.496392
v 0.234100 0.352966 0.494082
v 0.226815 0.363556 0.492609
v 0.225701 0.361898 0.496379
v 0.226183 0.362613 0.494068
v 0.206339 0.363805 0.496347
v 0.205583 0.365647 0.492574
v 0.206014 0.364600 0.494034
v 0.214248 0.315352 0.489494
v 0.214245 0.320716 0.491249
v 0.214248 0.317735 0.489703
v 0.214247 0.319284 0.490276
v 0.225494 0.317589 0.489513
v 0.223439 0.322545 0.491264
v 0.224582 0.319791 0.489721
v 0.223988 0.321221 0.490292
v 0.218932 0.321178 0.491257
v 0.219981 0.315917 0.489504
v 0.219213 0.319773 0.490284
v 0.219516 0.318254 0.489712
v 0.238683 0.328413 0.489535
v 0.234220 0.331393 0.491282
v 0.236701 0.329737 0.489741
v 0.235413 0.330597 0.490311
v 0.235028 0.323960 0.489529
v 0.231232 0.327753 0.491277
v 0.233343 0.325645 0.489736
v 0.232247 0.326739 0.490306
v 0.263510 0.344273 0.489577
v 0.268907 0.344740 0.491372
v 0.265892 0.344514 0.489790
v 0.267439 0.344679 0.490365
v 0.237807 0.340053 0.491288
v 0.243262 0.339985 0.489543
v 0.239239 0.339900 0.490318
v 0.240826 0.339945 0.489748
v 0.241162 0.333052 0.489539
v 0.236440 0.335546 0.491286
v 0.239082 0.334192 0.489745
v 0.237735 0.334941 0.490315
v 0.227592 0.324765 0.491271
v 0.230575 0.320305 0.489521
v 0.228390 0.323574 0.490300
v 0.229251 0.322286 0.489729
v 0.269368 0.349419 0.491372
v 0.264141 0.350693 0.489578
v 0.267937 0.349735 0.490366
v 0.266443 0.350115 0.489791
v 0.265746 0.333494 0.489581
v 0.270733 0.335560 0.491375
v 0.267948 0.334406 0.489794
v 0.269377 0.334998 0.490369
v 0.270733 0.353919 0.491375
v 0.265746 0.355986 0.489581
v 0.269377 0.354482 0.490369
v 0.267948 0.355074 0.489794
v 0.279567 0.324795 0.491390
v 0.276570 0.320305 0.489599
v 0.278753 0.323574 0.490384
v 0.277894 0.322286 0.489811
v 0.279567 0.364684 0.491390
v 0.276570 0.369175 0.489599
v 0.278753 0.365906 0.490384
v 0.277894 0.367193 0.489811
v 0.275932 0.327778 0.491384
v 0.272117 0.323960 0.489591
v 0.274895 0.326739 0.490378
v 0.273801 0.325645 0.489804
v 0.272117 0.365520 0.489591
v 0.275932 0.361701 0.491384
v 0.273801 0.363835 0.489804
v 0.274895 0.362740 0.490378
v 0.272949 0.331413 0.491378
v 0.268462 0.328413 0.489585
v 0.271729 0.330597 0.490373
v 0.270443 0.329737 0.489798
v 0.272949 0.358066 0.491378
v 0.268462 0.361067 0.489585
v 0.271729 0.358883 0.490373
v 0.270443 0.359743 0.489798
v 0.269368 0.340060 0.491372
v 0.264010 0.339218 0.489578
v 0.267920 0.339801 0.490366
v 0.266380 0.339574 0.489791
v 0.288214 0.321214 0.491404
v 0.287164 0.315917 0.489617
v 0.287929 0.319773 0.490400
v 0.287628 0.318254 0.489827
v 0.287164 0.373563 0.489617
v 0.288214 0.368266 0.491404
v 0.287628 0.371225 0.489827
v 0.287929 0.369707 0.490400
v 0.297573 0.321214 0.491420
v 0.298630 0.315917 0.489636
v 0.297862 0.319773 0.490417
v 0.298165 0.318254 0.489845
v 0.302073 0.366901 0.491428
v 0.304143 0.371890 0.489645
v 0.302637 0.368258 0.490425
v 0.303231 0.369689 0.489853
v 0.304078 0.317570 0.489645
v 0.302073 0.322579 0.491428
v 0.303199 0.319781 0.489853
v 0.302629 0.321219 0.490425
v 0.298630 0.373563 0.489636
v 0.297573 0.368266 0.491420
v 0.298165 0.371225 0.489845
v 0.297862 0.369707 0.490417
v 0.292897 0.315352 0.489626
v 0.292894 0.320753 0.491412
v 0.292896 0.317735 0.489836
v 0.292895 0.319284 0.490408
v 0.292894 0.368727 0.491412
v 0.292897 0.374127 0.489626
v 0.292895 0.370196 0.490408
v 0.292896 0.371744 0.489836
v 0.317331 0.328413 0.489668
v 0.312838 0.331413 0.491446
v 0.315350 0.329737 0.489874
v 0.314062 0.330597 0.490444
v 0.312838 0.358066 0.491446
v 0.317331 0.361067 0.489668
v 0.314062 0.358883 0.490444
v 0.315350 0.359743 0.489874
v 0.309855 0.327778 0.491441
v 0.313634 0.323908 0.489661
v 0.310890 0.326733 0.490439
v 0.311971 0.325620 0.489868
v 0.313677 0.365520 0.489661
v 0.309855 0.361701 0.491441
v 0.311991 0.363835 0.489868
v 0.310896 0.362740 0.490439
v 0.316881 0.344740 0.491452
v 0.322284 0.344740 0.489676
v 0.318352 0.344740 0.490451
v 0.319901 0.344740 0.489881
v 0.321719 0.350473 0.489675
v 0.316420 0.349419 0.491452
v 0.319382 0.350008 0.489881
v 0.317863 0.349706 0.490450
v 0.320047 0.333494 0.489672
v 0.315055 0.335560 0.491449
v 0.317845 0.334406 0.489878
v 0.316414 0.334998 0.490448
v 0.316420 0.340060 0.491452
v 0.321719 0.339007 0.489675
v 0.317863 0.339774 0.490450
v 0.319382 0.339472 0.489881
v 0.315055 0.353919 0.491449
v 0.320047 0.355986 0.489672
v 0.316414 0.354482 0.490448
v 0.317845 0.355074 0.489878
v 0.309223 0.369175 0.489654
v 0.306220 0.364684 0.491435
v 0.307899 0.367193 0.489861
v 0.307038 0.365906 0.490432
v 0.306220 0.324795 0.491435
v 0.309339 0.320382 0.489654
v 0.307053 0.323584 0.490432
v 0.307955 0.322324 0.489861
v 0.283714 0.366901 0.491397
v 0.281651 0.371890 0.489607
v 0.283154 0.368258 0.490392
v 0.282562 0.369689 0.489819
v 0.281651 0.317589 0.489607
v 0.283714 0.322579 0.491397
v 0.282562 0.319791 0.489819
v 0.283154 0.321221 0.490392
v 0.190222 0.344740 0.491208
v 0.184861 0.344740 0.489444
v 0.188790 0.344740 0.490233
v 0.187243 0.344740 0.489658
v 0.185425 0.339007 0.489445
v 0.190683 0.340053 0.491209
v 0.187762 0.339472 0.489659
v 0.189280 0.339774 0.490234
v 0.187098 0.333494 0.489448
v 0.192050 0.335546 0.491211
v 0.189299 0.334406 0.489661
v 0.190728 0.334998 0.490236
v 0.187098 0.355986 0.489448
v 0.192050 0.353933 0.491211
v 0.189299 0.355074 0.489661
v 0.190728 0.354482 0.490236
v 0.190683 0.349427 0.491209
v 0.185425 0.350473 0.489445
v 0.189280 0.349706 0.490234
v 0.187762 0.350008 0.489659
v 0.200898 0.324765 0.491226
v 0.197842 0.320358 0.489466
v 0.200094 0.323581 0.490252
v 0.199206 0.322312 0.489678
v 0.200898 0.364715 0.491226
v 0.197921 0.369175 0.489466
v 0.200104 0.365906 0.490252
v 0.199245 0.367193 0.489678
v 0.193497 0.323924 0.489459
v 0.197258 0.327753 0.491220
v 0.195167 0.325628 0.489671
v 0.196250 0.326735 0.490245
v 0.193468 0.365520 0.489459
v 0.197258 0.361727 0.491220
v 0.195153 0.363835 0.489671
v 0.196246 0.362740 0.490245
v 0.203046 0.317576 0.489475
v 0.205052 0.322545 0.491233
v 0.203935 0.319784 0.489686
v 0.204511 0.321220 0.490259
v 0.194270 0.331393 0.491215
v 0.189813 0.328413 0.489453
v 0.193081 0.330597 0.490240
v 0.191794 0.329737 0.489666
v 0.189813 0.361067 0.489453
v 0.194270 0.358087 0.491215
v 0.191794 0.359743 0.489666
v 0.193081 0.358883 0.490240
v 0.209558 0.321178 0.491241
v 0.208515 0.315917 0.489484
v 0.209280 0.319773 0.490267
v 0.208979 0.318254 0.489695
v 0.214248 0.374127 0.489494
v 0.214245 0.368764 0.491249
v 0.214248 0.371744 0.489703
v 0.214247 0.370196 0.490276
v 0.223439 0.366935 0.491264
v 0.225494 0.371890 0.489513
v 0.223988 0.368258 0.490292
v 0.224582 0.369689 0.489721
v 0.218932 0.368302 0.491257
v 0.219981 0.373563 0.489504
v 0.219213 0.369707 0.490284
v 0.219516 0.371225 0.489712
v 0.208515 0.373563 0.489484
v 0.209558 0.368302 0.491241
v 0.208979 0.371225 0.489695
v 0.209280 0.369707 0.490267
v 0.234220 0.358087 0.491282
v 0.238683 0.361067 0.489535
v 0.235413 0.358883 0.490311
v 0.236701 0.359743 0.489741
v 0.235028 0.365520 0.489529
v 0.231232 0.361727 0.491277
v 0.233343 0.363835 0.489736
v 0.232247 0.362740 0.490306
v 0.243681 0.344279 0.489543
v 0.238269 0.344740 0.491289
v 0.241274 0.344517 0.489749
v 0.239709 0.344680 0.490319
v 0.243071 0.350473 0.489542
v 0.237807 0.349427 0.491288
v 0.240733 0.350008 0.489748
v 0.239214 0.349706 0.490318
v 0.241399 0.355986 0.489540
v 0.236440 0.353933 0.491286
v 0.239197 0.355074 0.489745
v 0.237765 0.354482 0.490315
v 0.230575 0.369175 0.489521
v 0.227592 0.364715 0.491271
v 0.229251 0.367193 0.489729
v 0.228390 0.365906 0.490300
v 0.205052 0.366935 0.491233
v 0.203002 0.371890 0.489475
v 0.204505 0.368258 0.490259
v 0.203914 0.369689 0.489686
v -0.283017 0.058748 0.469884
v 0.157156 0.058748 0.470602
v -0.283017 0.414467 0.469884
v 0.157156 0.414467 0.470602
v -0.234112 0.058748 0.471606
v -0.185207 0.058748 0.473515
v -0.136301 0.058748 0.475209
v -0.087395 0.058748 0.476284
v -0.038487 0.058748 0.476357
v 0.010423 0.058748 0.475433
v 0.059334 0.058748 0.473897
v 0.108245 0.058748 0.472153
v 0.108245 0.414467 0.472153
v 0.059334 0.414467 0.473897
v 0.010423 0.414467 0.475433
v -0.038487 0.414467 0.476357
v -0.087395 0.414467 0.476284
v -0.136301 0.414467 0.475209
v -0.185207 0.414467 0.473515
v -0.234112 0.414467 0.471606
v -0.283020 0.374942 0.471613
v -0.283023 0.335418 0.473575
v -0.283026 0.295894 0.475325
v -0.283028 0.256370 0.476414
v -0.283028 0.216845 0.476414
v -0.283026 0.177321 0.475325
v -0.283023 0.137797 0.473575
v -0.283020 0.098273 0.471613
v 0.157153 0.098273 0.472312
v 0.157149 0.137797 0.474254
v 0.157147 0.177321 0.475984
v 0.157145 0.216845 0.477061
v 0.157145 0.256370 0.477061
v 0.157147 0.295894 0.475984
v 0.157149 0.335418 0.474254
v 0.157153 0.374942 0.472312
v -0.234117 0.098273 0.474646
v -0.234123 0.137797 0.478098
v -0.234128 0.177321 0.481175
v -0.234131 0.216845 0.483090
v -0.234131 0.256370 0.483090
v -0.234128 0.295894 0.481175
v -0.234123 0.335418 0.478098
v -0.234117 0.374942 0.474646
v -0.185214 0.098273 0.478017
v -0.185223 0.137797 0.483128
v -0.185231 0.177321 0.487684
v -0.185235 0.216845 0.490519
v -0.185235 0.256370 0.490519
v -0.185231 0.295894 0.487684
v -0.185223 0.335418 0.483128
v -0.185214 0.374942 0.478017
v -0.136311 0.098273 0.481000
v -0.136322 0.137797 0.487574
v -0.136332 0.177321 0.493434
v -0.136338 0.216845 0.497082
v -0.136338 0.256370 0.497082
v -0.136332 0.295894 0.493434
v -0.136322 0.335418 0.487574
v -0.136311 0.374942 0.481000
v -0.087406 0.098273 0.482870
v -0.087419 0.137797 0.490347
v -0.087430 0.177321 0.497011
v -0.087437 0.216845 0.501160
v -0.087437 0.256370 0.501160
v -0.087430 0.295894 0.497011
v -0.087419 0.335418 0.490347
v -0.087406 0.374942 0.482870
v -0.038498 0.098273 0.482936
v -0.038511 0.137797 0.490404
v -0.038522 0.177321 0.497061
v -0.038529 0.216845 0.501205
v -0.038529 0.256370 0.501205
v -0.038522 0.295894 0.497061
v -0.038511 0.335418 0.490404
v -0.038498 0.374942 0.482936
v 0.010413 0.098273 0.481205
v 0.010402 0.137797 0.487759
v 0.010392 0.177321 0.493601
v 0.010386 0.216845 0.497237
v 0.010386 0.256370 0.497237
v 0.010392 0.295894 0.493601
v 0.010402 0.335418 0.487759
v 0.010413 0.374942 0.481205
v 0.059326 0.098273 0.478375
v 0.059318 0.137797 0.483459
v 0.059310 0.177321 0.487991
v 0.059305 0.216845 0.490812
v 0.059305 0.256370 0.490812
v 0.059310 0.295894 0.487991
v 0.059318 0.335418 0.483459
v 0.059326 0.374942 0.478375
v 0.108240 0.098273 0.475169
v 0.108234 0.137797 0.478594
v 0.108229 0.177321 0.481647
v 0.108226 0.216845 0.483547
v 0.108226 0.256370 0.483547
v 0.108229 0.295894 0.481647
v 0.108234 0.335418 0.478594
v 0.108240 0.374942 0.475169
v 0.132462 0.224653 -0.004010
v 0.135004 0.223600 -0.004005
v 0.136949 0.221654 -0.004002
v 0.138002 0.219112 -0.004000
v 0.138002 0.216361 -0.004000
v 0.136949 0.213819 -0.004002
v 0.135004 0.211873 -0.004005
v 0.132462 0.210820 -0.004010
v 0.129710 0.210820 -0.004014
v 0.127168 0.211873 -0.004019
v 0.125223 0.213819 -0.004022
v 0.124170 0.216361 -0.004024
v 0.124170 0.219112 -0.004024
v 0.125223 0.221654 -0.004022
v 0.127168 0.223600 -0.004019
v 0.129710 0.224653 -0.004014
v -0.210060 0.104713 0.186191
v -0.199546 0.094555 0.186209
v -0.209746 0.098943 0.186192
v -0.205518 0.094858 0.186199
v -0.199609 0.383214 0.186209
v -0.210060 0.372065 0.186191
v -0.205545 0.382882 0.186199
v -0.209748 0.378398 0.186192
v -0.146933 0.094305 -0.009670
v -0.157354 0.104462 -0.010031
v -0.144561 0.104450 -0.019824
v -0.152945 0.094643 -0.009786
v -0.145475 0.094636 -0.015504
v -0.151577 0.095075 -0.015737
v -0.155549 0.104455 -0.015853
v -0.156934 0.098531 -0.009924
v -0.154998 0.098409 -0.015856
v -0.144567 0.098519 -0.019391
v -0.150652 0.104450 -0.019601
v -0.150799 0.098404 -0.019070
v -0.146738 0.291024 -0.010628
v -0.144561 0.276558 -0.019824
v -0.157354 0.280162 -0.010031
v -0.146069 0.288063 -0.015728
v -0.152254 0.289718 -0.012008
v -0.151739 0.287315 -0.016720
v -0.150382 0.277668 -0.019267
v -0.145222 0.282434 -0.019307
v -0.151097 0.283338 -0.019118
v -0.156260 0.285619 -0.011783
v -0.155297 0.279053 -0.015505
v -0.154694 0.284418 -0.016662
v 0.227582 0.094555 0.186929
v 0.238161 0.104713 0.186947
v 0.233591 0.094858 0.186939
v 0.237846 0.098943 0.186946
v 0.238161 0.372077 0.186947
v 0.227656 0.383214 0.186929
v 0.237848 0.378403 0.186946
v 0.233623 0.382882 0.186939
v 0.170878 0.094305 -0.009134
v 0.168361 0.104450 -0.019297
v 0.181341 0.104462 -0.009521
v 0.169324 0.094636 -0.014957
v 0.176903 0.094643 -0.009249
v 0.175438 0.095075 -0.015189
v 0.174470 0.104450 -0.019072
v 0.168361 0.098519 -0.018847
v 0.174611 0.098404 -0.018524
v 0.180908 0.098531 -0.009397
v 0.179438 0.104455 -0.015331
v 0.178872 0.098409 -0.015316
v 0.170676 0.291024 -0.010093
v 0.181341 0.280146 -0.009521
v 0.168361 0.276558 -0.019297
v 0.176175 0.289694 -0.011508
v 0.169972 0.288063 -0.015195
v 0.175603 0.287306 -0.016190
v 0.179183 0.279042 -0.014963
v 0.180204 0.285585 -0.011292
v 0.178556 0.284403 -0.016128
v 0.169071 0.282434 -0.018777
v 0.174187 0.277662 -0.018726
v 0.174921 0.283334 -0.018575
v 0.153475 0.237632 -0.019322
v 0.151513 0.236358 -0.017849
v 0.152672 0.237219 -0.019126
v 0.151920 0.236676 -0.018586
v 0.153695 0.236258 -0.019322
v 0.151670 0.235610 -0.017851
v 0.152846 0.236134 -0.019126
v 0.152105 0.235896 -0.018587
v 0.153695 0.130672 -0.019321
v 0.151670 0.131359 -0.017852
v 0.152846 0.130802 -0.019126
v 0.152105 0.131054 -0.018588
v 0.153463 0.129273 -0.019322
v 0.151503 0.130580 -0.017850
v 0.152662 0.129694 -0.019126
v 0.151915 0.130254 -0.018587
v 0.150430 0.237482 -0.017849
v 0.151767 0.239419 -0.019325
v 0.150730 0.237909 -0.018588
v 0.151322 0.238631 -0.019128
v 0.152875 0.238891 -0.019323
v 0.151099 0.237118 -0.017844
v 0.152198 0.238214 -0.019127
v 0.151409 0.237546 -0.018585
v 0.151754 0.127505 -0.019325
v 0.150401 0.129447 -0.017851
v 0.151309 0.128294 -0.019128
v 0.150719 0.129026 -0.018589
v 0.152875 0.128039 -0.019323
v 0.151090 0.129822 -0.017846
v 0.152197 0.128717 -0.019127
v 0.151435 0.129419 -0.018585
v 0.150243 0.239711 -0.019327
v 0.149591 0.237688 -0.017854
v 0.150117 0.238862 -0.019130
v 0.149879 0.238122 -0.018591
v 0.110997 0.239711 -0.019393
v 0.111643 0.237688 -0.017918
v 0.111122 0.238862 -0.019196
v 0.111358 0.238122 -0.018656
v 0.109802 0.239387 -0.019395
v 0.110845 0.237505 -0.017916
v 0.110154 0.238607 -0.019197
v 0.110536 0.237918 -0.018655
v 0.110842 0.129439 -0.017918
v 0.109767 0.127564 -0.019395
v 0.110522 0.129025 -0.018656
v 0.110129 0.128339 -0.019197
v 0.150243 0.127219 -0.019327
v 0.149553 0.129242 -0.017856
v 0.150112 0.128068 -0.019130
v 0.149860 0.128808 -0.018592
v 0.110997 0.127219 -0.019393
v 0.111672 0.129242 -0.017920
v 0.111126 0.128068 -0.019196
v 0.111373 0.128808 -0.018656
v 0.108577 0.238679 -0.019397
v 0.110135 0.237118 -0.017913
v 0.109197 0.238058 -0.019198
v 0.109768 0.237486 -0.018655
v 0.108577 0.128251 -0.019397
v 0.110142 0.129819 -0.017914
v 0.109198 0.128873 -0.019198
v 0.109771 0.129447 -0.018655
v 0.109729 0.236372 -0.017919
v 0.107811 0.237338 -0.019399
v 0.109311 0.236673 -0.018658
v 0.108609 0.237026 -0.019200
v 0.109565 0.235611 -0.017922
v 0.107511 0.236151 -0.019399
v 0.109128 0.235882 -0.018660
v 0.108376 0.236080 -0.019200
v 0.107823 0.129506 -0.019399
v 0.109684 0.130662 -0.017920
v 0.108592 0.129905 -0.019200
v 0.109273 0.130328 -0.018659
v 0.107508 0.131393 -0.019399
v 0.109565 0.131349 -0.017922
v 0.108375 0.131161 -0.019200
v 0.109128 0.131145 -0.018660
v -0.019621 0.235828 -0.019614
v -0.021435 0.235538 -0.018065
v -0.020444 0.235787 -0.019407
v -0.021108 0.235681 -0.018840
v -0.019942 0.237110 -0.019614
v -0.021612 0.236284 -0.018065
v -0.020694 0.236786 -0.019407
v -0.021305 0.236483 -0.018840
v -0.019621 0.182198 -0.019614
v -0.021435 0.182571 -0.018065
v -0.020444 0.182269 -0.019407
v -0.021108 0.182405 -0.018840
v -0.019931 0.180618 -0.019614
v -0.021658 0.181733 -0.018065
v -0.020688 0.181027 -0.019408
v -0.021333 0.181540 -0.018840
v -0.020660 0.238348 -0.019615
v -0.022011 0.236999 -0.018064
v -0.021253 0.237755 -0.019408
v -0.021747 0.237261 -0.018840
v -0.020443 0.179529 -0.019615
v -0.022019 0.181086 -0.018064
v -0.021093 0.180171 -0.019408
v -0.021685 0.180888 -0.018840
v -0.022678 0.237371 -0.018066
v -0.021830 0.239023 -0.019617
v -0.022475 0.237675 -0.018842
v -0.022164 0.238280 -0.019410
v -0.021605 0.178969 -0.019617
v -0.022717 0.180697 -0.018067
v -0.022010 0.179731 -0.019410
v -0.022490 0.180407 -0.018842
v -0.023080 0.239380 -0.019619
v -0.023472 0.237574 -0.018068
v -0.023171 0.238560 -0.019412
v -0.023314 0.237899 -0.018844
v -0.023080 0.178698 -0.019619
v -0.023503 0.180503 -0.018069
v -0.023175 0.179518 -0.019412
v -0.023330 0.180178 -0.018844
v -0.120427 0.239380 -0.019783
v -0.119795 0.237574 -0.018231
v -0.120092 0.238560 -0.019575
v -0.119950 0.237899 -0.019007
v -0.121331 0.178698 -0.019785
v -0.119798 0.180503 -0.018231
v -0.120557 0.179518 -0.019576
v -0.119952 0.180178 -0.019007
v -0.121748 0.239162 -0.019786
v -0.120562 0.237386 -0.018231
v -0.121246 0.238353 -0.019577
v -0.120751 0.237701 -0.019008
v -0.121256 0.236999 -0.018231
v -0.122716 0.238727 -0.019787
v -0.121478 0.237300 -0.019008
v -0.122169 0.237913 -0.019579
v -0.121654 0.236286 -0.018233
v -0.123370 0.237526 -0.019788
v -0.121951 0.236493 -0.019010
v -0.122620 0.236966 -0.019579
v -0.121832 0.235537 -0.018234
v -0.123635 0.236172 -0.019789
v -0.122156 0.235694 -0.019010
v -0.122815 0.235837 -0.019580
v -0.121832 0.182537 -0.018234
v -0.123635 0.181002 -0.019789
v -0.122156 0.182382 -0.019010
v -0.122815 0.181775 -0.019580
v -0.123493 0.180096 -0.019789
v -0.121679 0.181834 -0.018233
v -0.122676 0.180888 -0.019579
v -0.122020 0.181516 -0.019010
v -0.122317 0.178878 -0.019787
v -0.120574 0.180696 -0.018231
v -0.121524 0.179695 -0.019577
v -0.120896 0.180351 -0.019008
v -0.121257 0.181078 -0.018231
v -0.123087 0.179245 -0.019788
v -0.121632 0.180702 -0.019010
v -0.122279 0.180054 -0.019579
v 0.148814 0.129801 -0.016002
v 0.148237 0.131594 -0.014693
v 0.148546 0.130186 -0.015348
v 0.148335 0.130842 -0.014868
v 0.149313 0.132670 -0.014691
v 0.151108 0.132094 -0.015999
v 0.150065 0.132572 -0.014866
v 0.150722 0.132362 -0.015344
v 0.148708 0.131683 -0.014692
v 0.149787 0.130002 -0.016002
v 0.149177 0.130983 -0.014867
v 0.149506 0.130371 -0.015347
v 0.149057 0.131850 -0.014692
v 0.150534 0.130375 -0.016004
v 0.149687 0.131220 -0.014867
v 0.150200 0.130707 -0.015347
v 0.149240 0.132234 -0.014691
v 0.150944 0.131197 -0.016000
v 0.149947 0.131782 -0.014866
v 0.150571 0.131471 -0.015345
v 0.151108 0.234924 -0.015999
v 0.149313 0.234382 -0.014691
v 0.150722 0.234673 -0.015344
v 0.150065 0.234475 -0.014866
v 0.148359 0.235336 -0.014693
v 0.148902 0.237130 -0.016003
v 0.148452 0.236088 -0.014868
v 0.148651 0.236745 -0.015348
v 0.149252 0.234762 -0.014691
v 0.150958 0.235769 -0.016001
v 0.149960 0.235208 -0.014866
v 0.150585 0.235507 -0.015345
v 0.149086 0.235110 -0.014692
v 0.150555 0.236576 -0.016005
v 0.149715 0.235739 -0.014867
v 0.150225 0.236248 -0.015348
v 0.148780 0.235255 -0.014692
v 0.149845 0.236931 -0.016003
v 0.149248 0.235954 -0.014867
v 0.149573 0.236565 -0.015347
v 0.110121 0.132071 -0.016068
v 0.111912 0.132638 -0.014754
v 0.110504 0.132334 -0.015412
v 0.111160 0.132542 -0.014931
v 0.112956 0.131594 -0.014753
v 0.112392 0.129801 -0.016064
v 0.112860 0.130842 -0.014928
v 0.112653 0.130186 -0.015408
v 0.111961 0.132259 -0.014754
v 0.110236 0.131278 -0.016069
v 0.111246 0.131828 -0.014931
v 0.110611 0.131543 -0.015412
v 0.112160 0.131842 -0.014754
v 0.110690 0.130370 -0.016071
v 0.111530 0.131212 -0.014931
v 0.111020 0.130701 -0.015413
v 0.112506 0.131677 -0.014753
v 0.111444 0.129993 -0.016067
v 0.112041 0.130976 -0.014930
v 0.111718 0.130362 -0.015411
v 0.112323 0.237130 -0.016065
v 0.112861 0.235336 -0.014753
v 0.112571 0.236745 -0.015409
v 0.112768 0.236088 -0.014929
v 0.111912 0.234387 -0.014754
v 0.110121 0.234927 -0.016068
v 0.111160 0.234480 -0.014931
v 0.110504 0.234678 -0.015412
v 0.112461 0.235265 -0.014753
v 0.111426 0.236954 -0.016068
v 0.112003 0.235968 -0.014930
v 0.111691 0.236585 -0.015411
v 0.112137 0.235111 -0.014754
v 0.110673 0.236577 -0.016072
v 0.111508 0.235740 -0.014931
v 0.111000 0.236249 -0.015414
v 0.111975 0.234771 -0.014754
v 0.110277 0.235785 -0.016070
v 0.111268 0.235220 -0.014931
v 0.110647 0.235522 -0.015413
v -0.024870 0.181474 -0.011429
v -0.025209 0.183073 -0.010054
v -0.025019 0.181762 -0.010741
v -0.025143 0.182347 -0.010238
v -0.024019 0.184263 -0.010052
v -0.022417 0.183927 -0.011425
v -0.023292 0.184198 -0.010235
v -0.022706 0.184074 -0.010737
v -0.024701 0.183165 -0.010053
v -0.023840 0.181670 -0.011427
v -0.024265 0.182489 -0.010237
v -0.024016 0.181943 -0.010740
v -0.024301 0.183356 -0.010052
v -0.023015 0.182072 -0.011427
v -0.023697 0.182751 -0.010236
v -0.023253 0.182309 -0.010739
v -0.024125 0.183726 -0.010052
v -0.022643 0.182836 -0.011425
v -0.023453 0.183278 -0.010235
v -0.022915 0.183015 -0.010738
v -0.022417 0.234315 -0.011425
v -0.024019 0.233358 -0.010052
v -0.022706 0.234181 -0.010737
v -0.023292 0.233714 -0.010235
v -0.025665 0.235005 -0.010055
v -0.024706 0.236604 -0.011429
v -0.025309 0.235731 -0.010238
v -0.024842 0.236316 -0.010741
v -0.024136 0.234039 -0.010052
v -0.022586 0.235244 -0.011426
v -0.023436 0.234548 -0.010235
v -0.022861 0.235080 -0.010738
v -0.024410 0.234614 -0.010053
v -0.022977 0.236045 -0.011427
v -0.023771 0.235252 -0.010236
v -0.023211 0.235811 -0.010739
v -0.024946 0.234869 -0.010053
v -0.023723 0.236409 -0.011428
v -0.024428 0.235564 -0.010237
v -0.023893 0.236138 -0.010740
v -0.120873 0.183747 -0.011591
v -0.119276 0.184054 -0.010212
v -0.120586 0.183880 -0.010903
v -0.120001 0.183992 -0.010398
v -0.118295 0.183073 -0.010211
v -0.118599 0.181474 -0.011587
v -0.118356 0.182347 -0.010395
v -0.118468 0.181762 -0.010899
v -0.119215 0.183668 -0.010212
v -0.120728 0.182870 -0.011591
v -0.119899 0.183252 -0.010398
v -0.120453 0.183030 -0.010903
v -0.119043 0.183306 -0.010212
v -0.120317 0.182029 -0.011591
v -0.119646 0.182702 -0.010397
v -0.120085 0.182263 -0.010902
v -0.118715 0.183150 -0.010211
v -0.119556 0.181658 -0.011589
v -0.119149 0.182474 -0.010397
v -0.119391 0.181930 -0.010901
v -0.118581 0.236604 -0.011587
v -0.118273 0.235005 -0.010211
v -0.118447 0.236316 -0.010899
v -0.118335 0.235731 -0.010395
v -0.119276 0.234002 -0.010212
v -0.120873 0.234312 -0.011591
v -0.120001 0.234064 -0.010398
v -0.120586 0.234178 -0.010903
v -0.118698 0.234928 -0.010211
v -0.119535 0.236424 -0.011589
v -0.119130 0.235605 -0.010396
v -0.119370 0.236151 -0.010901
v -0.119038 0.234767 -0.010212
v -0.120313 0.236044 -0.011591
v -0.119641 0.235370 -0.010397
v -0.120080 0.235810 -0.010902
v -0.119204 0.234418 -0.010212
v -0.120702 0.235246 -0.011591
v -0.119882 0.234846 -0.010398
v -0.120430 0.235081 -0.010902
v 0.132618 0.225347 -0.014719
v 0.129590 0.225347 -0.014724
v 0.135415 0.224188 -0.014715
v 0.126793 0.224188 -0.014729
v 0.137556 0.222047 -0.014711
v 0.124653 0.222047 -0.014733
v 0.123494 0.219250 -0.014735
v 0.138714 0.219250 -0.014709
v 0.138714 0.216223 -0.014709
v 0.123494 0.216223 -0.014735
v 0.137556 0.213426 -0.014711
v 0.124653 0.213426 -0.014733
v 0.135415 0.211285 -0.014715
v 0.126793 0.211285 -0.014729
v 0.132618 0.210127 -0.014719
v 0.129590 0.210127 -0.014724
v 0.133740 0.221670 -0.019333
v 0.132035 0.222376 -0.019336
v 0.135045 0.220365 -0.019331
v 0.135751 0.218659 -0.019330
v 0.135751 0.216814 -0.019330
v 0.135045 0.215109 -0.019331
v 0.133740 0.213804 -0.019333
v 0.132035 0.213098 -0.019336
v 0.130189 0.213098 -0.019339
v 0.128484 0.213804 -0.019342
v 0.127179 0.215109 -0.019344
v 0.126473 0.216814 -0.019345
v 0.126473 0.218659 -0.019345
v 0.127179 0.220365 -0.019344
v 0.128484 0.221670 -0.019342
v 0.130189 0.222376 -0.019339
v 0.134645 0.223025 -0.019332
v 0.132353 0.223974 -0.019335
v 0.136400 0.221270 -0.019329
v 0.137350 0.218977 -0.019327
v 0.137350 0.216496 -0.019327
v 0.136400 0.214203 -0.019329
v 0.134645 0.212449 -0.019332
v 0.132353 0.211499 -0.019335
v 0.129871 0.211499 -0.019340
v 0.127578 0.212449 -0.019343
v 0.125824 0.214203 -0.019346
v 0.124874 0.216496 -0.019348
v 0.124874 0.218977 -0.019348
v 0.125824 0.221270 -0.019346
v 0.127578 0.223025 -0.019343
v 0.129871 0.223974 -0.019340
v 0.132023 0.219138 -0.004229
v 0.131415 0.219390 -0.004230
v 0.132488 0.218673 -0.004228
v 0.132740 0.218066 -0.004227
v 0.132740 0.217408 -0.004227
v 0.132488 0.216800 -0.004228
v 0.132023 0.216335 -0.004229
v 0.131415 0.216083 -0.004230
v 0.130758 0.216083 -0.004231
v 0.130150 0.216335 -0.004232
v 0.129685 0.216800 -0.004233
v 0.129433 0.217408 -0.004233
v 0.129433 0.218066 -0.004233
v 0.129685 0.218673 -0.004232
v 0.130150 0.219138 -0.004232
v 0.130758 0.219390 -0.004231
v 0.133714 0.221670 -0.004226
v 0.132009 0.222376 -0.004229
v 0.135019 0.220365 -0.004223
v 0.135726 0.218659 -0.004222
v 0.135726 0.216814 -0.004222
v 0.135019 0.215109 -0.004224
v 0.133714 0.213804 -0.004226
v 0.132009 0.213098 -0.004229
v 0.130164 0.213098 -0.004232
v 0.128459 0.213804 -0.004235
v 0.127154 0.215109 -0.004237
v 0.126447 0.216814 -0.004238
v 0.126447 0.218659 -0.004238
v 0.127154 0.220365 -0.004237
v 0.128459 0.221670 -0.004235
v 0.130164 0.222376 -0.004232
v 0.131685 0.218594 -0.019329
v 0.131313 0.218748 -0.019330
v 0.131969 0.218310 -0.019329
v 0.132123 0.217938 -0.019328
v 0.132123 0.217535 -0.019328
v 0.131969 0.217164 -0.019329
v 0.131685 0.216879 -0.019329
v 0.131313 0.216725 -0.019330
v 0.130911 0.216725 -0.019330
v 0.130539 0.216879 -0.019331
v 0.130254 0.217164 -0.019331
v 0.130100 0.217535 -0.019332
v 0.130100 0.217938 -0.019332
v 0.130254 0.218310 -0.019331
v 0.130539 0.218594 -0.019331
v 0.130911 0.218748 -0.019330
v 0.132048 0.219138 -0.019328
v 0.131441 0.219390 -0.019329
v 0.132514 0.218673 -0.019328
v 0.132765 0.218066 -0.019327
v 0.132765 0.217408 -0.019327
v 0.132514 0.216800 -0.019328
v 0.132048 0.216335 -0.019328
v 0.131441 0.216083 -0.019329
v 0.130783 0.216083 -0.019331
v 0.130175 0.216335 -0.019332
v 0.129710 0.216800 -0.019332
v 0.129458 0.217408 -0.019333
v 0.129458 0.218066 -0.019333
v 0.129710 0.218673 -0.019332
v 0.130175 0.219138 -0.019332
v 0.130783 0.219390 -0.019331
v 0.131675 0.218594 -0.013280
v 0.131303 0.218748 -0.013281
v 0.131959 0.218310 -0.013279
v 0.132113 0.217938 -0.013279
v 0.132113 0.217535 -0.013279
v 0.131959 0.217164 -0.013280
v 0.131675 0.216879 -0.013280
v 0.131303 0.216725 -0.013281
v 0.130900 0.216725 -0.013281
v 0.130529 0.216879 -0.013282
v 0.130244 0.217164 -0.013282
v 0.130090 0.217535 -0.013283
v 0.130090 0.217938 -0.013283
v 0.130244 0.218310 -0.013282
v 0.130529 0.218594 -0.013282
v 0.130900 0.218748 -0.013281
v -0.035015 0.218420 -0.009998
v -0.036962 0.218808 -0.010002
v -0.038613 0.219911 -0.010004
v -0.039716 0.221561 -0.010006
v -0.040103 0.223509 -0.010007
v -0.039716 0.225456 -0.010006
v -0.038613 0.227107 -0.010004
v -0.036962 0.228210 -0.010002
v -0.035015 0.228597 -0.009998
v -0.033068 0.228210 -0.009995
v -0.031417 0.227107 -0.009992
v -0.030314 0.225456 -0.009990
v -0.029926 0.223509 -0.009990
v -0.030314 0.221561 -0.009990
v -0.031417 0.219911 -0.009992
v -0.033068 0.218808 -0.009995
v -0.035014 0.218420 -0.010705
v -0.036961 0.218808 -0.010709
v -0.038612 0.219911 -0.010711
v -0.039715 0.221561 -0.010713
v -0.040102 0.223509 -0.010714
v -0.039715 0.225456 -0.010713
v -0.038612 0.227107 -0.010711
v -0.036961 0.228210 -0.010709
v -0.035014 0.228597 -0.010705
v -0.033066 0.228210 -0.010702
v -0.031416 0.227107 -0.010699
v -0.030313 0.225456 -0.010697
v -0.029925 0.223509 -0.010697
v -0.030313 0.221561 -0.010697
v -0.031416 0.219911 -0.010699
v -0.033066 0.218808 -0.010702
v -0.035014 0.219020 -0.010705
v -0.036731 0.219362 -0.010708
v -0.038188 0.220335 -0.010711
v -0.039161 0.221791 -0.010712
v -0.039503 0.223509 -0.010713
v -0.039161 0.225227 -0.010712
v -0.038188 0.226683 -0.010711
v -0.036731 0.227656 -0.010708
v -0.035014 0.227998 -0.010705
v -0.033296 0.227656 -0.010702
v -0.031840 0.226683 -0.010700
v -0.030867 0.225227 -0.010698
v -0.030525 0.223509 -0.010698
v -0.030867 0.221791 -0.010698
v -0.031840 0.220335 -0.010700
v -0.033296 0.219362 -0.010702
v -0.034997 0.219020 -0.020527
v -0.036715 0.219362 -0.020530
v -0.038171 0.220335 -0.020533
v -0.039144 0.221791 -0.020534
v -0.039486 0.223509 -0.020535
v -0.039144 0.225227 -0.020534
v -0.038171 0.226683 -0.020533
v -0.036715 0.227656 -0.020530
v -0.034997 0.227998 -0.020527
v -0.033279 0.227656 -0.020525
v -0.031823 0.226683 -0.020522
v -0.030850 0.225227 -0.020520
v -0.030508 0.223509 -0.020520
v -0.030850 0.221791 -0.020520
v -0.031823 0.220335 -0.020522
v -0.033279 0.219362 -0.020525
v -0.034997 0.220345 -0.020527
v -0.036208 0.220586 -0.020529
v -0.037234 0.221272 -0.020531
v -0.037920 0.222298 -0.020532
v -0.038161 0.223509 -0.020533
v -0.037920 0.224719 -0.020532
v -0.037234 0.225746 -0.020531
v -0.036208 0.226431 -0.020529
v -0.034997 0.226672 -0.020527
v -0.033786 0.226431 -0.020525
v -0.032760 0.225746 -0.020524
v -0.032074 0.224719 -0.020522
v -0.031834 0.223509 -0.020522
v -0.032074 0.222298 -0.020522
v -0.032760 0.221272 -0.020524
v -0.033786 0.220586 -0.020525
v -0.035014 0.220345 -0.010684
v -0.036224 0.220586 -0.010686
v -0.037251 0.221272 -0.010688
v -0.037936 0.222298 -0.010689
v -0.038177 0.223509 -0.010689
v -0.037936 0.224719 -0.010689
v -0.037251 0.225746 -0.010688
v -0.036224 0.226431 -0.010686
v -0.035014 0.226672 -0.010684
v -0.033803 0.226431 -0.010682
v -0.032777 0.225746 -0.010680
v -0.032091 0.224719 -0.010679
v -0.031850 0.223509 -0.010679
v -0.032091 0.222298 -0.010679
v -0.032777 0.221272 -0.010680
v -0.033803 0.220586 -0.010682
v -0.035014 0.221931 -0.010684
v -0.035618 0.222051 -0.010685
v -0.036129 0.222393 -0.010686
v -0.036471 0.222905 -0.010686
v -0.036592 0.223509 -0.010687
v -0.036471 0.224113 -0.010686
v -0.036129 0.224624 -0.010686
v -0.035618 0.224966 -0.010685
v -0.035014 0.225087 -0.010684
v -0.034410 0.224966 -0.010683
v -0.033898 0.224624 -0.010682
v -0.033556 0.224113 -0.010682
v -0.033436 0.223509 -0.010681
v -0.033556 0.222905 -0.010682
v -0.033898 0.222393 -0.010682
v -0.034410 0.222051 -0.010683
v -0.034997 0.221931 -0.020486
v -0.035601 0.222051 -0.020487
v -0.036113 0.222393 -0.020487
v -0.036455 0.222905 -0.020488
v -0.036575 0.223509 -0.020488
v -0.036455 0.224113 -0.020488
v -0.036113 0.224624 -0.020487
v -0.035601 0.224966 -0.020487
v -0.034997 0.225087 -0.020486
v -0.034393 0.224966 -0.020485
v -0.033881 0.224624 -0.020484
v -0.033539 0.224113 -0.020483
v -0.033419 0.223509 -0.020483
v -0.033539 0.222905 -0.020483
v -0.033881 0.222393 -0.020484
v -0.034393 0.222051 -0.020485
v -0.063368 0.189785 -0.010046
v -0.065315 0.190173 -0.010049
v -0.066966 0.191276 -0.010052
v -0.068069 0.192926 -0.010054
v -0.068456 0.194874 -0.010055
v -0.068069 0.196821 -0.010054
v -0.066966 0.198472 -0.010052
v -0.065315 0.199575 -0.010049
v -0.063368 0.199962 -0.010046
v -0.061420 0.199575 -0.010043
v -0.059770 0.198472 -0.010040
v -0.058667 0.196821 -0.010038
v -0.058279 0.194874 -0.010037
v -0.058667 0.192926 -0.010038
v -0.059770 0.191276 -0.010040
v -0.061420 0.190173 -0.010043
v -0.063367 0.189785 -0.010753
v -0.065314 0.190173 -0.010756
v -0.066965 0.191276 -0.010759
v -0.068068 0.192926 -0.010761
v -0.068455 0.194874 -0.010762
v -0.068068 0.196821 -0.010761
v -0.066965 0.198472 -0.010759
v -0.065314 0.199575 -0.010756
v -0.063367 0.199962 -0.010753
v -0.061419 0.199575 -0.010750
v -0.059768 0.198472 -0.010747
v -0.058665 0.196821 -0.010745
v -0.058278 0.194874 -0.010744
v -0.058665 0.192926 -0.010745
v -0.059768 0.191276 -0.010747
v -0.061419 0.190173 -0.010750
v -0.063367 0.190385 -0.010753
v -0.065084 0.190727 -0.010756
v -0.066541 0.191700 -0.010758
v -0.067514 0.193156 -0.010760
v -0.067855 0.194874 -0.010761
v -0.067514 0.196592 -0.010760
v -0.066541 0.198048 -0.010758
v -0.065084 0.199021 -0.010756
v -0.063367 0.199363 -0.010753
v -0.061649 0.199021 -0.010750
v -0.060192 0.198048 -0.010748
v -0.059219 0.196592 -0.010746
v -0.058878 0.194874 -0.010745
v -0.059219 0.193156 -0.010746
v -0.060192 0.191700 -0.010748
v -0.061649 0.190727 -0.010750
v -0.063350 0.190385 -0.020575
v -0.065068 0.190727 -0.020578
v -0.066524 0.191700 -0.020581
v -0.067497 0.193156 -0.020582
v -0.067839 0.194874 -0.020583
v -0.067497 0.196592 -0.020582
v -0.066524 0.198048 -0.020581
v -0.065068 0.199021 -0.020578
v -0.063350 0.199363 -0.020575
v -0.061632 0.199021 -0.020572
v -0.060176 0.198048 -0.020570
v -0.059203 0.196592 -0.020568
v -0.058861 0.194874 -0.020568
v -0.059203 0.193156 -0.020568
v -0.060176 0.191700 -0.020570
v -0.061632 0.190727 -0.020572
v -0.063350 0.191710 -0.020575
v -0.064561 0.191951 -0.020577
v -0.065587 0.192637 -0.020579
v -0.066273 0.193663 -0.020580
v -0.066513 0.194874 -0.020580
v -0.066273 0.196084 -0.020580
v -0.065587 0.197111 -0.020579
v -0.064561 0.197796 -0.020577
v -0.063350 0.198037 -0.020575
v -0.062139 0.197796 -0.020573
v -0.061113 0.197111 -0.020571
v -0.060427 0.196084 -0.020570
v -0.060186 0.194874 -0.020570
v -0.060427 0.193663 -0.020570
v -0.061113 0.192637 -0.020571
v -0.062139 0.191951 -0.020573
v -0.063367 0.191710 -0.010732
v -0.064577 0.191951 -0.010734
v -0.065603 0.192637 -0.010736
v -0.066289 0.193663 -0.010737
v -0.066530 0.194874 -0.010737
v -0.066289 0.196084 -0.010737
v -0.065603 0.197111 -0.010736
v -0.064577 0.197796 -0.010734
v -0.063367 0.198037 -0.010732
v -0.062156 0.197796 -0.010730
v -0.061130 0.197111 -0.010728
v -0.060444 0.196084 -0.010727
v -0.060203 0.194874 -0.010726
v -0.060444 0.193663 -0.010727
v -0.061130 0.192637 -0.010728
v -0.062156 0.191951 -0.010730
v -0.063367 0.193296 -0.010732
v -0.063970 0.193416 -0.010733
v -0.064482 0.193758 -0.010734
v -0.064824 0.194270 -0.010734
v -0.064944 0.194874 -0.010734
v -0.064824 0.195478 -0.010734
v -0.064482 0.195989 -0.010734
v -0.063970 0.196331 -0.010733
v -0.063367 0.196452 -0.010732
v -0.062763 0.196332 -0.010731
v -0.062251 0.195989 -0.010730
v -0.061909 0.195478 -0.010729
v -0.061789 0.194874 -0.010729
v -0.061909 0.194270 -0.010729
v -0.062251 0.193758 -0.010730
v -0.062763 0.193416 -0.010731
v -0.063350 0.193296 -0.020533
v -0.063954 0.193416 -0.020534
v -0.064466 0.193758 -0.020535
v -0.064808 0.194270 -0.020536
v -0.064928 0.194874 -0.020536
v -0.064808 0.195478 -0.020536
v -0.064466 0.195989 -0.020535
v -0.063954 0.196331 -0.020534
v -0.063350 0.196452 -0.020533
v -0.062746 0.196331 -0.020532
v -0.062234 0.195989 -0.020531
v -0.061892 0.195478 -0.020531
v -0.061772 0.194874 -0.020531
v -0.061892 0.194270 -0.020531
v -0.062234 0.193758 -0.020531
v -0.062746 0.193416 -0.020532
v -0.078914 0.193416 -0.020560
v -0.078402 0.193758 -0.020559
v -0.078060 0.194270 -0.020558
v -0.077940 0.194874 -0.020558
v -0.078060 0.195478 -0.020558
v -0.078402 0.195989 -0.020559
v -0.078914 0.196331 -0.020560
v -0.079518 0.196452 -0.020561
v -0.080122 0.196331 -0.020562
v -0.080634 0.195989 -0.020562
v -0.080976 0.195478 -0.020563
v -0.081096 0.194874 -0.020563
v -0.080976 0.194270 -0.020563
v -0.080634 0.193758 -0.020562
v -0.080122 0.193416 -0.020562
v -0.079518 0.193296 -0.020561
v -0.078931 0.193416 -0.010758
v -0.078419 0.193758 -0.010757
v -0.078077 0.194270 -0.010757
v -0.077956 0.194874 -0.010756
v -0.078077 0.195478 -0.010757
v -0.078419 0.195989 -0.010757
v -0.078931 0.196332 -0.010758
v -0.079534 0.196452 -0.010759
v -0.080138 0.196331 -0.010760
v -0.080650 0.195989 -0.010761
v -0.080992 0.195478 -0.010761
v -0.081112 0.194874 -0.010762
v -0.080992 0.194270 -0.010761
v -0.080650 0.193758 -0.010761
v -0.080138 0.193416 -0.010760
v -0.079534 0.193296 -0.010759
v -0.078324 0.191951 -0.010757
v -0.077297 0.192637 -0.010755
v -0.076612 0.193663 -0.010754
v -0.076371 0.194874 -0.010754
v -0.076612 0.196084 -0.010754
v -0.077297 0.197111 -0.010755
v -0.078324 0.197796 -0.010757
v -0.079534 0.198037 -0.010759
v -0.080745 0.197796 -0.010761
v -0.081771 0.197111 -0.010763
v -0.082457 0.196084 -0.010764
v -0.082698 0.194874 -0.010764
v -0.082457 0.193663 -0.010764
v -0.081771 0.192637 -0.010763
v -0.080745 0.191951 -0.010761
v -0.079534 0.191710 -0.010759
v -0.078307 0.191951 -0.020600
v -0.077281 0.192637 -0.020599
v -0.076595 0.193663 -0.020598
v -0.076354 0.194874 -0.020597
v -0.076595 0.196084 -0.020598
v -0.077281 0.197111 -0.020599
v -0.078307 0.197796 -0.020600
v -0.079518 0.198037 -0.020602
v -0.080728 0.197796 -0.020604
v -0.081755 0.197111 -0.020606
v -0.082440 0.196084 -0.020607
v -0.082681 0.194874 -0.020608
v -0.082440 0.193663 -0.020607
v -0.081755 0.192637 -0.020606
v -0.080728 0.191951 -0.020604
v -0.079518 0.191710 -0.020602
v -0.077800 0.190727 -0.020600
v -0.076344 0.191700 -0.020597
v -0.075371 0.193156 -0.020595
v -0.075029 0.194874 -0.020595
v -0.075371 0.196592 -0.020595
v -0.076344 0.198048 -0.020597
v -0.077800 0.199021 -0.020600
v -0.079518 0.199363 -0.020602
v -0.081236 0.199021 -0.020605
v -0.082692 0.198048 -0.020608
v -0.083665 0.196592 -0.020609
v -0.084007 0.194874 -0.020610
v -0.083665 0.193156 -0.020609
v -0.082692 0.191700 -0.020608
v -0.081236 0.190727 -0.020605
v -0.079518 0.190385 -0.020602
v -0.077816 0.190727 -0.010777
v -0.076360 0.191700 -0.010775
v -0.075387 0.193156 -0.010773
v -0.075045 0.194874 -0.010773
v -0.075387 0.196592 -0.010773
v -0.076360 0.198048 -0.010775
v -0.077816 0.199021 -0.010777
v -0.079534 0.199363 -0.010780
v -0.081252 0.199021 -0.010783
v -0.082708 0.198048 -0.010786
v -0.083681 0.196592 -0.010787
v -0.084023 0.194874 -0.010788
v -0.083681 0.193156 -0.010787
v -0.082708 0.191700 -0.010786
v -0.081252 0.190727 -0.010783
v -0.079534 0.190385 -0.010780
v -0.077587 0.190173 -0.010777
v -0.075936 0.191276 -0.010774
v -0.074833 0.192926 -0.010772
v -0.074446 0.194874 -0.010772
v -0.074833 0.196821 -0.010772
v -0.075936 0.198472 -0.010774
v -0.077587 0.199575 -0.010777
v -0.079534 0.199962 -0.010780
v -0.081482 0.199575 -0.010784
v -0.083132 0.198472 -0.010786
v -0.084235 0.196821 -0.010788
v -0.084623 0.194874 -0.010789
v -0.084235 0.192926 -0.010788
v -0.083132 0.191276 -0.010786
v -0.081482 0.190173 -0.010784
v -0.079534 0.189785 -0.010780
v -0.077588 0.190173 -0.010070
v -0.075937 0.191276 -0.010067
v -0.074834 0.192926 -0.010065
v -0.074447 0.194874 -0.010065
v -0.074834 0.196821 -0.010065
v -0.075937 0.198472 -0.010067
v -0.077588 0.199575 -0.010070
v -0.079535 0.199962 -0.010073
v -0.081483 0.199575 -0.010077
v -0.083134 0.198472 -0.010079
v -0.084237 0.196821 -0.010081
v -0.084624 0.194874 -0.010082
v -0.084237 0.192926 -0.010081
v -0.083134 0.191276 -0.010079
v -0.081483 0.190173 -0.010077
v -0.079535 0.189785 -0.010073
v -0.094451 0.189785 -0.010098
v -0.096398 0.190173 -0.010102
v -0.098049 0.191276 -0.010105
v -0.099152 0.192926 -0.010106
v -0.099539 0.194874 -0.010107
v -0.099152 0.196821 -0.010106
v -0.098049 0.198472 -0.010105
v -0.096398 0.199575 -0.010102
v -0.094451 0.199962 -0.010098
v -0.092504 0.199575 -0.010095
v -0.090853 0.198472 -0.010092
v -0.089750 0.196821 -0.010091
v -0.089362 0.194874 -0.010090
v -0.089750 0.192926 -0.010091
v -0.090853 0.191276 -0.010092
v -0.092504 0.190173 -0.010095
v -0.094450 0.189785 -0.010805
v -0.096397 0.190173 -0.010809
v -0.098048 0.191276 -0.010811
v -0.099151 0.192926 -0.010813
v -0.099538 0.194874 -0.010814
v -0.099151 0.196821 -0.010813
v -0.098048 0.198472 -0.010811
v -0.096397 0.199575 -0.010809
v -0.094450 0.199962 -0.010805
v -0.092502 0.199575 -0.010802
v -0.090852 0.198472 -0.010799
v -0.089749 0.196821 -0.010798
v -0.089361 0.194874 -0.010797
v -0.089749 0.192926 -0.010797
v -0.090852 0.191276 -0.010799
v -0.092502 0.190173 -0.010802
v -0.094450 0.190385 -0.010805
v -0.096168 0.190727 -0.010808
v -0.097624 0.191700 -0.010811
v -0.098597 0.193156 -0.010812
v -0.098939 0.194874 -0.010813
v -0.098597 0.196592 -0.010812
v -0.097624 0.198048 -0.010811
v -0.096168 0.199021 -0.010808
v -0.094450 0.199363 -0.010805
v -0.092732 0.199021 -0.010803
v -0.091276 0.198048 -0.010800
v -0.090303 0.196592 -0.010798
v -0.089961 0.194874 -0.010798
v -0.090303 0.193156 -0.010798
v -0.091276 0.191700 -0.010800
v -0.092732 0.190727 -0.010803
v -0.094433 0.190385 -0.020628
v -0.096151 0.190727 -0.020630
v -0.097607 0.191700 -0.020633
v -0.098580 0.193156 -0.020635
v -0.098922 0.194874 -0.020635
v -0.098580 0.196592 -0.020635
v -0.097607 0.198048 -0.020633
v -0.096151 0.199021 -0.020630
v -0.094433 0.199363 -0.020628
v -0.092715 0.199021 -0.020625
v -0.091259 0.198048 -0.020622
v -0.090286 0.196592 -0.020621
v -0.089944 0.194874 -0.020620
v -0.090286 0.193156 -0.020621
v -0.091259 0.191700 -0.020622
v -0.092715 0.190727 -0.020625
v -0.094433 0.191710 -0.020628
v -0.095644 0.191951 -0.020630
v -0.096670 0.192637 -0.020631
v -0.097356 0.193663 -0.020633
v -0.097597 0.194874 -0.020633
v -0.097356 0.196084 -0.020633
v -0.096670 0.197111 -0.020631
v -0.095644 0.197796 -0.020630
v -0.094433 0.198037 -0.020628
v -0.093223 0.197796 -0.020626
v -0.092196 0.197111 -0.020624
v -0.091510 0.196084 -0.020623
v -0.091270 0.194874 -0.020622
v -0.091510 0.193663 -0.020623
v -0.092196 0.192637 -0.020624
v -0.093223 0.191951 -0.020626
v -0.094450 0.191710 -0.010784
v -0.095660 0.191951 -0.010786
v -0.096687 0.192637 -0.010788
v -0.097372 0.193663 -0.010789
v -0.097613 0.194874 -0.010789
v -0.097372 0.196084 -0.010789
v -0.096687 0.197111 -0.010788
v -0.095660 0.197796 -0.010786
v -0.094450 0.198037 -0.010784
v -0.093239 0.197796 -0.010782
v -0.092213 0.197111 -0.010780
v -0.091527 0.196084 -0.010779
v -0.091286 0.194874 -0.010779
v -0.091527 0.193663 -0.010779
v -0.092213 0.192637 -0.010780
v -0.093239 0.191951 -0.010782
v -0.094450 0.193296 -0.010784
v -0.095054 0.193416 -0.010785
v -0.095565 0.193758 -0.010786
v -0.095908 0.194270 -0.010787
v -0.096028 0.194874 -0.010787
v -0.095908 0.195478 -0.010787
v -0.095565 0.195989 -0.010786
v -0.095054 0.196331 -0.010785
v -0.094450 0.196452 -0.010784
v -0.093846 0.196332 -0.010783
v -0.093334 0.195989 -0.010782
v -0.092992 0.195478 -0.010782
v -0.092872 0.194874 -0.010781
v -0.092992 0.194270 -0.010782
v -0.093334 0.193758 -0.010782
v -0.093846 0.193416 -0.010783
v -0.094433 0.193296 -0.020586
v -0.095037 0.193416 -0.020587
v -0.095549 0.193758 -0.020588
v -0.095891 0.194270 -0.020588
v -0.096011 0.194874 -0.020588
v -0.095891 0.195478 -0.020588
v -0.095549 0.195989 -0.020588
v -0.095037 0.196331 -0.020587
v -0.094433 0.196452 -0.020586
v -0.093829 0.196331 -0.020585
v -0.093318 0.195989 -0.020584
v -0.092975 0.195478 -0.020583
v -0.092855 0.194874 -0.020583
v -0.092975 0.194270 -0.020583
v -0.093318 0.193758 -0.020584
v -0.093829 0.193416 -0.020585
v -0.108643 0.193416 -0.020610
v -0.108131 0.193758 -0.020609
v -0.107789 0.194270 -0.020608
v -0.107669 0.194874 -0.020608
v -0.107789 0.195478 -0.020608
v -0.108131 0.195989 -0.020609
v -0.108643 0.196331 -0.020610
v -0.109247 0.196452 -0.020611
v -0.109851 0.196331 -0.020612
v -0.110363 0.195989 -0.020613
v -0.110705 0.195478 -0.020613
v -0.110825 0.194874 -0.020613
v -0.110705 0.194270 -0.020613
v -0.110363 0.193758 -0.020613
v -0.109851 0.193416 -0.020612
v -0.109247 0.193296 -0.020611
v -0.108660 0.193416 -0.010808
v -0.108148 0.193758 -0.010807
v -0.107806 0.194270 -0.010807
v -0.107686 0.194874 -0.010806
v -0.107806 0.195478 -0.010807
v -0.108148 0.195989 -0.010807
v -0.108660 0.196332 -0.010808
v -0.109264 0.196452 -0.010809
v -0.109867 0.196331 -0.010810
v -0.110379 0.195989 -0.010811
v -0.110721 0.195478 -0.010812
v -0.110841 0.194874 -0.010812
v -0.110721 0.194270 -0.010812
v -0.110379 0.193758 -0.010811
v -0.109867 0.193416 -0.010810
v -0.109264 0.193296 -0.010809
v -0.108053 0.191951 -0.010807
v -0.107027 0.192637 -0.010805
v -0.106341 0.193663 -0.010804
v -0.106100 0.194874 -0.010804
v -0.106341 0.196084 -0.010804
v -0.107027 0.197111 -0.010805
v -0.108053 0.197796 -0.010807
v -0.109264 0.198037 -0.010809
v -0.110474 0.197796 -0.010811
v -0.111501 0.197111 -0.010813
v -0.112186 0.196084 -0.010814
v -0.112427 0.194874 -0.010814
v -0.112186 0.193663 -0.010814
v -0.111501 0.192637 -0.010813
v -0.110474 0.191951 -0.010811
v -0.109264 0.191710 -0.010809
v -0.108036 0.191951 -0.020651
v -0.107010 0.192637 -0.020649
v -0.106324 0.193663 -0.020648
v -0.106084 0.194874 -0.020647
v -0.106324 0.196084 -0.020648
v -0.107010 0.197111 -0.020649
v -0.108036 0.197796 -0.020651
v -0.109247 0.198037 -0.020653
v -0.110458 0.197796 -0.020655
v -0.111484 0.197111 -0.020656
v -0.112170 0.196084 -0.020657
v -0.112411 0.194874 -0.020658
v -0.112170 0.193663 -0.020657
v -0.111484 0.192637 -0.020656
v -0.110458 0.191951 -0.020655
v -0.109247 0.191710 -0.020653
v -0.107529 0.190727 -0.020650
v -0.106073 0.191700 -0.020647
v -0.105100 0.193156 -0.020646
v -0.104758 0.194874 -0.020645
v -0.105100 0.196592 -0.020646
v -0.106073 0.198048 -0.020647
v -0.107529 0.199021 -0.020650
v -0.109247 0.199363 -0.020653
v -0.110965 0.199021 -0.020655
v -0.112421 0.198048 -0.020658
v -0.113394 0.196592 -0.020660
v -0.113736 0.194874 -0.020660
v -0.113394 0.193156 -0.020660
v -0.112421 0.191700 -0.020658
v -0.110965 0.190727 -0.020655
v -0.109247 0.190385 -0.020653
v -0.107546 0.190727 -0.010827
v -0.106090 0.191700 -0.010825
v -0.105116 0.193156 -0.010823
v -0.104775 0.194874 -0.010823
v -0.105116 0.196592 -0.010823
v -0.106090 0.198048 -0.010825
v -0.107546 0.199021 -0.010827
v -0.109264 0.199363 -0.010830
v -0.110981 0.199021 -0.010833
v -0.112438 0.198048 -0.010836
v -0.113411 0.196592 -0.010837
v -0.113752 0.194874 -0.010838
v -0.113411 0.193156 -0.010837
v -0.112438 0.191700 -0.010836
v -0.110981 0.190727 -0.010833
v -0.109264 0.190385 -0.010830
v -0.107316 0.190173 -0.010827
v -0.105666 0.191276 -0.010824
v -0.104562 0.192926 -0.010822
v -0.104175 0.194874 -0.010822
v -0.104562 0.196821 -0.010822
v -0.105666 0.198472 -0.010824
v -0.107316 0.199575 -0.010827
v -0.109264 0.199962 -0.010830
v -0.111211 0.199575 -0.010834
v -0.112862 0.198472 -0.010836
v -0.113965 0.196821 -0.010838
v -0.114352 0.194874 -0.010839
v -0.113965 0.192926 -0.010838
v -0.112862 0.191276 -0.010836
v -0.111211 0.190173 -0.010834
v -0.109264 0.189785 -0.010830
v -0.107318 0.190173 -0.010120
v -0.105667 0.191276 -0.010117
v -0.104564 0.192926 -0.010116
v -0.104176 0.194874 -0.010115
v -0.104564 0.196821 -0.010116
v -0.105667 0.198472 -0.010117
v -0.107318 0.199575 -0.010120
v -0.109265 0.199962 -0.010123
v -0.111212 0.199575 -0.010127
v -0.112863 0.198472 -0.010130
v -0.113966 0.196821 -0.010131
v -0.114353 0.194874 -0.010132
v -0.113966 0.192926 -0.010131
v -0.112863 0.191276 -0.010130
v -0.111212 0.190173 -0.010127
v -0.109265 0.189785 -0.010123
v -0.034393 0.193416 -0.020485
v -0.033881 0.193758 -0.020484
v -0.033539 0.194270 -0.020483
v -0.033419 0.194874 -0.020483
v -0.033539 0.195478 -0.020483
v -0.033881 0.195989 -0.020484
v -0.034393 0.196331 -0.020485
v -0.034997 0.196452 -0.020486
v -0.035601 0.196331 -0.020487
v -0.036113 0.195989 -0.020487
v -0.036455 0.195478 -0.020488
v -0.036575 0.194874 -0.020488
v -0.036455 0.194270 -0.020488
v -0.036113 0.193758 -0.020487
v -0.035601 0.193416 -0.020487
v -0.034997 0.193296 -0.020486
v -0.034410 0.193416 -0.010683
v -0.033898 0.193758 -0.010682
v -0.033556 0.194270 -0.010682
v -0.033436 0.194874 -0.010681
v -0.033556 0.195478 -0.010682
v -0.033898 0.195989 -0.010682
v -0.034410 0.196332 -0.010683
v -0.035014 0.196452 -0.010684
v -0.035618 0.196331 -0.010685
v -0.036129 0.195989 -0.010686
v -0.036471 0.195478 -0.010686
v -0.036592 0.194874 -0.010687
v -0.036471 0.194270 -0.010686
v -0.036129 0.193758 -0.010686
v -0.035618 0.193416 -0.010685
v -0.035014 0.193296 -0.010684
v -0.033803 0.191951 -0.010682
v -0.032777 0.192637 -0.010680
v -0.032091 0.193663 -0.010679
v -0.031850 0.194874 -0.010679
v -0.032091 0.196084 -0.010679
v -0.032777 0.197111 -0.010680
v -0.033803 0.197796 -0.010682
v -0.035014 0.198037 -0.010684
v -0.036224 0.197796 -0.010686
v -0.037251 0.197111 -0.010688
v -0.037936 0.196084 -0.010689
v -0.038177 0.194874 -0.010689
v -0.037936 0.193663 -0.010689
v -0.037251 0.192637 -0.010688
v -0.036224 0.191951 -0.010686
v -0.035014 0.191710 -0.010684
v -0.033786 0.191951 -0.020525
v -0.032760 0.192637 -0.020524
v -0.032074 0.193663 -0.020522
v -0.031834 0.194874 -0.020522
v -0.032074 0.196084 -0.020522
v -0.032760 0.197111 -0.020524
v -0.033786 0.197796 -0.020525
v -0.034997 0.198037 -0.020527
v -0.036208 0.197796 -0.020529
v -0.037234 0.197111 -0.020531
v -0.037920 0.196084 -0.020532
v -0.038161 0.194874 -0.020533
v -0.037920 0.193663 -0.020532
v -0.037234 0.192637 -0.020531
v -0.036208 0.191951 -0.020529
v -0.034997 0.191710 -0.020527
v -0.033279 0.190727 -0.020525
v -0.031823 0.191700 -0.020522
v -0.030850 0.193156 -0.020520
v -0.030508 0.194874 -0.020520
v -0.030850 0.196592 -0.020520
v -0.031823 0.198048 -0.020522
v -0.033279 0.199021 -0.020525
v -0.034997 0.199363 -0.020527
v -0.036715 0.199021 -0.020530
v -0.038171 0.198048 -0.020533
v -0.039144 0.196592 -0.020534
v -0.039486 0.194874 -0.020535
v -0.039144 0.193156 -0.020534
v -0.038171 0.191700 -0.020533
v -0.036715 0.190727 -0.020530
v -0.034997 0.190385 -0.020527
v -0.033296 0.190727 -0.010702
v -0.031840 0.191700 -0.010700
v -0.030867 0.193156 -0.010698
v -0.030525 0.194874 -0.010698
v -0.030867 0.196592 -0.010698
v -0.031840 0.198048 -0.010700
v -0.033296 0.199021 -0.010702
v -0.035014 0.199363 -0.010705
v -0.036731 0.199021 -0.010708
v -0.038188 0.198048 -0.010711
v -0.039161 0.196592 -0.010712
v -0.039503 0.194874 -0.010713
v -0.039161 0.193156 -0.010712
v -0.038188 0.191700 -0.010711
v -0.036731 0.190727 -0.010708
v -0.035014 0.190385 -0.010705
v -0.033066 0.190173 -0.010702
v -0.031416 0.191276 -0.010699
v -0.030313 0.192926 -0.010697
v -0.029925 0.194874 -0.010697
v -0.030313 0.196821 -0.010697
v -0.031416 0.198472 -0.010699
v -0.033066 0.199575 -0.010702
v -0.035014 0.199962 -0.010705
v -0.036961 0.199575 -0.010709
v -0.038612 0.198472 -0.010711
v -0.039715 0.196821 -0.010713
v -0.040102 0.194874 -0.010714
v -0.039715 0.192926 -0.010713
v -0.038612 0.191276 -0.010711
v -0.036961 0.190173 -0.010709
v -0.035014 0.189785 -0.010705
v -0.033068 0.190173 -0.009995
v -0.031417 0.191276 -0.009992
v -0.030314 0.192926 -0.009990
v -0.029926 0.194874 -0.009990
v -0.030314 0.196821 -0.009990
v -0.031417 0.198472 -0.009992
v -0.033068 0.199575 -0.009995
v -0.035015 0.199962 -0.009998
v -0.036962 0.199575 -0.010002
v -0.038613 0.198472 -0.010004
v -0.039716 0.196821 -0.010006
v -0.040103 0.194874 -0.010007
v -0.039716 0.192926 -0.010006
v -0.038613 0.191276 -0.010004
v -0.036962 0.190173 -0.010002
v -0.035015 0.189785 -0.009998
v -0.109265 0.218420 -0.010123
v -0.111212 0.218808 -0.010127
v -0.112863 0.219911 -0.010130
v -0.113966 0.221561 -0.010131
v -0.114353 0.223509 -0.010132
v -0.113966 0.225456 -0.010131
v -0.112863 0.227107 -0.010130
v -0.111212 0.228210 -0.010127
v -0.109265 0.228597 -0.010123
v -0.107318 0.228210 -0.010120
v -0.105667 0.227107 -0.010117
v -0.104564 0.225456 -0.010116
v -0.104176 0.223509 -0.010115
v -0.104564 0.221561 -0.010116
v -0.105667 0.219911 -0.010117
v -0.107318 0.218808 -0.010120
v -0.109264 0.218420 -0.010830
v -0.111211 0.218808 -0.010834
v -0.112862 0.219911 -0.010836
v -0.113965 0.221561 -0.010838
v -0.114352 0.223509 -0.010839
v -0.113965 0.225456 -0.010838
v -0.112862 0.227107 -0.010836
v -0.111211 0.228210 -0.010834
v -0.109264 0.228597 -0.010830
v -0.107316 0.228210 -0.010827
v -0.105666 0.227107 -0.010824
v -0.104562 0.225456 -0.010822
v -0.104175 0.223509 -0.010822
v -0.104562 0.221561 -0.010822
v -0.105666 0.219911 -0.010824
v -0.107316 0.218808 -0.010827
v -0.109264 0.219020 -0.010830
v -0.110981 0.219362 -0.010833
v -0.112438 0.220335 -0.010836
v -0.113411 0.221791 -0.010837
v -0.113752 0.223509 -0.010838
v -0.113411 0.225227 -0.010837
v -0.112438 0.226683 -0.010836
v -0.110981 0.227656 -0.010833
v -0.109264 0.227998 -0.010830
v -0.107546 0.227656 -0.010827
v -0.106090 0.226683 -0.010825
v -0.105116 0.225227 -0.010823
v -0.104775 0.223509 -0.010823
v -0.105116 0.221791 -0.010823
v -0.106090 0.220335 -0.010825
v -0.107546 0.219362 -0.010827
v -0.109247 0.219020 -0.020653
v -0.110965 0.219362 -0.020655
v -0.112421 0.220335 -0.020658
v -0.113394 0.221791 -0.020660
v -0.113736 0.223509 -0.020660
v -0.113394 0.225227 -0.020660
v -0.112421 0.226683 -0.020658
v -0.110965 0.227656 -0.020655
v -0.109247 0.227998 -0.020653
v -0.107529 0.227656 -0.020650
v -0.106073 0.226683 -0.020647
v -0.105100 0.225227 -0.020646
v -0.104758 0.223509 -0.020645
v -0.105100 0.221791 -0.020646
v -0.106073 0.220335 -0.020647
v -0.107529 0.219362 -0.020650
v -0.109247 0.220345 -0.020653
v -0.110458 0.220586 -0.020655
v -0.111484 0.221272 -0.020656
v -0.112170 0.222298 -0.020657
v -0.112411 0.223509 -0.020658
v -0.112170 0.224719 -0.020657
v -0.111484 0.225746 -0.020656
v -0.110458 0.226431 -0.020655
v -0.109247 0.226672 -0.020653
v -0.108036 0.226431 -0.020651
v -0.107010 0.225746 -0.020649
v -0.106324 0.224719 -0.020648
v -0.106084 0.223509 -0.020647
v -0.106324 0.222298 -0.020648
v -0.107010 0.221272 -0.020649
v -0.108036 0.220586 -0.020651
v -0.109264 0.220345 -0.010809
v -0.110474 0.220586 -0.010811
v -0.111501 0.221272 -0.010813
v -0.112186 0.222298 -0.010814
v -0.112427 0.223509 -0.010814
v -0.112186 0.224719 -0.010814
v -0.111501 0.225746 -0.010813
v -0.110474 0.226431 -0.010811
v -0.109264 0.226672 -0.010809
v -0.108053 0.226431 -0.010807
v -0.107027 0.225746 -0.010805
v -0.106341 0.224719 -0.010804
v -0.106100 0.223509 -0.010804
v -0.106341 0.222298 -0.010804
v -0.107027 0.221272 -0.010805
v -0.108053 0.220586 -0.010807
v -0.109264 0.221931 -0.010809
v -0.109867 0.222051 -0.010810
v -0.110379 0.222393 -0.010811
v -0.110721 0.222905 -0.010812
v -0.110841 0.223509 -0.010812
v -0.110721 0.224113 -0.010812
v -0.110379 0.224624 -0.010811
v -0.109867 0.224966 -0.010810
v -0.109264 0.225087 -0.010809
v -0.108660 0.224966 -0.010808
v -0.108148 0.224624 -0.010807
v -0.107806 0.224113 -0.010807
v -0.107686 0.223509 -0.010806
v -0.107806 0.222905 -0.010807
v -0.108148 0.222393 -0.010807
v -0.108660 0.222051 -0.010808
v -0.109247 0.221931 -0.020611
v -0.109851 0.222051 -0.020612
v -0.110363 0.222393 -0.020613
v -0.110705 0.222905 -0.020613
v -0.110825 0.223509 -0.020613
v -0.110705 0.224113 -0.020613
v -0.110363 0.224624 -0.020613
v -0.109851 0.224966 -0.020612
v -0.109247 0.225087 -0.020611
v -0.108643 0.224966 -0.020610
v -0.108131 0.224624 -0.020609
v -0.107789 0.224113 -0.020608
v -0.107669 0.223509 -0.020608
v -0.107789 0.222905 -0.020608
v -0.108131 0.222393 -0.020609
v -0.108643 0.222051 -0.020610
v -0.093829 0.222051 -0.020585
v -0.093318 0.222393 -0.020584
v -0.092975 0.222905 -0.020583
v -0.092855 0.223509 -0.020583
v -0.092975 0.224113 -0.020583
v -0.093318 0.224624 -0.020584
v -0.093829 0.224966 -0.020585
v -0.094433 0.225087 -0.020586
v -0.095037 0.224966 -0.020587
v -0.095549 0.224624 -0.020588
v -0.095891 0.224113 -0.020588
v -0.096011 0.223509 -0.020588
v -0.095891 0.222905 -0.020588
v -0.095549 0.222393 -0.020588
v -0.095037 0.222051 -0.020587
v -0.094433 0.221931 -0.020586
v -0.093846 0.222051 -0.010783
v -0.093334 0.222393 -0.010782
v -0.092992 0.222905 -0.010782
v -0.092872 0.223509 -0.010781
v -0.092992 0.224113 -0.010782
v -0.093334 0.224624 -0.010782
v -0.093846 0.224966 -0.010783
v -0.094450 0.225087 -0.010784
v -0.095054 0.224966 -0.010785
v -0.095565 0.224624 -0.010786
v -0.095908 0.224113 -0.010787
v -0.096028 0.223509 -0.010787
v -0.095908 0.222905 -0.010787
v -0.095565 0.222393 -0.010786
v -0.095054 0.222051 -0.010785
v -0.094450 0.221931 -0.010784
v -0.093239 0.220586 -0.010782
v -0.092213 0.221272 -0.010780
v -0.091527 0.222298 -0.010779
v -0.091286 0.223509 -0.010779
v -0.091527 0.224719 -0.010779
v -0.092213 0.225746 -0.010780
v -0.093239 0.226431 -0.010782
v -0.094450 0.226672 -0.010784
v -0.095660 0.226431 -0.010786
v -0.096687 0.225746 -0.010788
v -0.097372 0.224719 -0.010789
v -0.097613 0.223509 -0.010789
v -0.097372 0.222298 -0.010789
v -0.096687 0.221272 -0.010788
v -0.095660 0.220586 -0.010786
v -0.094450 0.220345 -0.010784
v -0.093223 0.220586 -0.020626
v -0.092196 0.221272 -0.020624
v -0.091510 0.222298 -0.020623
v -0.091270 0.223509 -0.020622
v -0.091510 0.224719 -0.020623
v -0.092196 0.225746 -0.020624
v -0.093223 0.226431 -0.020626
v -0.094433 0.226672 -0.020628
v -0.095644 0.226431 -0.020630
v -0.096670 0.225746 -0.020631
v -0.097356 0.224719 -0.020633
v -0.097597 0.223509 -0.020633
v -0.097356 0.222298 -0.020633
v -0.096670 0.221272 -0.020631
v -0.095644 0.220586 -0.020630
v -0.094433 0.220345 -0.020628
v -0.092715 0.219362 -0.020625
v -0.091259 0.220335 -0.020622
v -0.090286 0.221791 -0.020621
v -0.089944 0.223509 -0.020620
v -0.090286 0.225227 -0.020621
v -0.091259 0.226683 -0.020622
v -0.092715 0.227656 -0.020625
v -0.094433 0.227998 -0.020628
v -0.096151 0.227656 -0.020630
v -0.097607 0.226683 -0.020633
v -0.098580 0.225227 -0.020635
v -0.098922 0.223509 -0.020635
v -0.098580 0.221791 -0.020635
v -0.097607 0.220335 -0.020633
v -0.096151 0.219362 -0.020630
v -0.094433 0.219020 -0.020628
v -0.092732 0.219362 -0.010803
v -0.091276 0.220335 -0.010800
v -0.090303 0.221791 -0.010798
v -0.089961 0.223509 -0.010798
v -0.090303 0.225227 -0.010798
v -0.091276 0.226683 -0.010800
v -0.092732 0.227656 -0.010803
v -0.094450 0.227998 -0.010805
v -0.096168 0.227656 -0.010808
v -0.097624 0.226683 -0.010811
v -0.098597 0.225227 -0.010812
v -0.098939 0.223509 -0.010813
v -0.098597 0.221791 -0.010812
v -0.097624 0.220335 -0.010811
v -0.096168 0.219362 -0.010808
v -0.094450 0.219020 -0.010805
v -0.092502 0.218808 -0.010802
v -0.090852 0.219911 -0.010799
v -0.089749 0.221561 -0.010798
v -0.089361 0.223509 -0.010797
v -0.089749 0.225456 -0.010798
v -0.090852 0.227107 -0.010799
v -0.092502 0.228210 -0.010802
v -0.094450 0.228597 -0.010805
v -0.096397 0.228210 -0.010809
v -0.098048 0.227107 -0.010811
v -0.099151 0.225456 -0.010813
v -0.099538 0.223509 -0.010814
v -0.099151 0.221561 -0.010813
v -0.098048 0.219911 -0.010811
v -0.096397 0.218808 -0.010809
v -0.094450 0.218420 -0.010805
v -0.092504 0.218808 -0.010095
v -0.090853 0.219911 -0.010092
v -0.089750 0.221561 -0.010091
v -0.089362 0.223509 -0.010090
v -0.089750 0.225456 -0.010091
v -0.090853 0.227107 -0.010092
v -0.092504 0.228210 -0.010095
v -0.094451 0.228597 -0.010098
v -0.096398 0.228210 -0.010102
v -0.098049 0.227107 -0.010105
v -0.099152 0.225456 -0.010106
v -0.099539 0.223509 -0.010107
v -0.099152 0.221561 -0.010106
v -0.098049 0.219911 -0.010105
v -0.096398 0.218808 -0.010102
v -0.094451 0.218420 -0.010098
v -0.079535 0.218420 -0.010073
v -0.081483 0.218808 -0.010077
v -0.083134 0.219911 -0.010079
v -0.084237 0.221561 -0.010081
v -0.084624 0.223509 -0.010082
v -0.084237 0.225456 -0.010081
v -0.083134 0.227107 -0.010079
v -0.081483 0.228210 -0.010077
v -0.079535 0.228597 -0.010073
v -0.077588 0.228210 -0.010070
v -0.075937 0.227107 -0.010067
v -0.074834 0.225456 -0.010065
v -0.074447 0.223509 -0.010065
v -0.074834 0.221561 -0.010065
v -0.075937 0.219911 -0.010067
v -0.077588 0.218808 -0.010070
v -0.079534 0.218420 -0.010780
v -0.081482 0.218808 -0.010784
v -0.083132 0.219911 -0.010786
v -0.084235 0.221561 -0.010788
v -0.084623 0.223509 -0.010789
v -0.084235 0.225456 -0.010788
v -0.083132 0.227107 -0.010786
v -0.081482 0.228210 -0.010784
v -0.079534 0.228597 -0.010780
v -0.077587 0.228210 -0.010777
v -0.075936 0.227107 -0.010774
v -0.074833 0.225456 -0.010772
v -0.074446 0.223509 -0.010772
v -0.074833 0.221561 -0.010772
v -0.075936 0.219911 -0.010774
v -0.077587 0.218808 -0.010777
v -0.079534 0.219020 -0.010780
v -0.081252 0.219362 -0.010783
v -0.082708 0.220335 -0.010786
v -0.083681 0.221791 -0.010787
v -0.084023 0.223509 -0.010788
v -0.083681 0.225227 -0.010787
v -0.082708 0.226683 -0.010786
v -0.081252 0.227656 -0.010783
v -0.079534 0.227998 -0.010780
v -0.077816 0.227656 -0.010777
v -0.076360 0.226683 -0.010775
v -0.075387 0.225227 -0.010773
v -0.075045 0.223509 -0.010773
v -0.075387 0.221791 -0.010773
v -0.076360 0.220335 -0.010775
v -0.077816 0.219362 -0.010777
v -0.079518 0.219020 -0.020602
v -0.081236 0.219362 -0.020605
v -0.082692 0.220335 -0.020608
v -0.083665 0.221791 -0.020609
v -0.084007 0.223509 -0.020610
v -0.083665 0.225227 -0.020609
v -0.082692 0.226683 -0.020608
v -0.081236 0.227656 -0.020605
v -0.079518 0.227998 -0.020602
v -0.077800 0.227656 -0.020600
v -0.076344 0.226683 -0.020597
v -0.075371 0.225227 -0.020595
v -0.075029 0.223509 -0.020595
v -0.075371 0.221791 -0.020595
v -0.076344 0.220335 -0.020597
v -0.077800 0.219362 -0.020600
v -0.079518 0.220345 -0.020602
v -0.080728 0.220586 -0.020604
v -0.081755 0.221272 -0.020606
v -0.082440 0.222298 -0.020607
v -0.082681 0.223509 -0.020608
v -0.082440 0.224719 -0.020607
v -0.081755 0.225746 -0.020606
v -0.080728 0.226431 -0.020604
v -0.079518 0.226672 -0.020602
v -0.078307 0.226431 -0.020600
v -0.077281 0.225746 -0.020599
v -0.076595 0.224719 -0.020598
v -0.076354 0.223509 -0.020597
v -0.076595 0.222298 -0.020598
v -0.077281 0.221272 -0.020599
v -0.078307 0.220586 -0.020600
v -0.079534 0.220345 -0.010759
v -0.080745 0.220586 -0.010761
v -0.081771 0.221272 -0.010763
v -0.082457 0.222298 -0.010764
v -0.082698 0.223509 -0.010764
v -0.082457 0.224719 -0.010764
v -0.081771 0.225746 -0.010763
v -0.080745 0.226431 -0.010761
v -0.079534 0.226672 -0.010759
v -0.078324 0.226431 -0.010757
v -0.077297 0.225746 -0.010755
v -0.076612 0.224719 -0.010754
v -0.076371 0.223509 -0.010754
v -0.076612 0.222298 -0.010754
v -0.077297 0.221272 -0.010755
v -0.078324 0.220586 -0.010757
v -0.079534 0.221931 -0.010759
v -0.080138 0.222051 -0.010760
v -0.080650 0.222393 -0.010761
v -0.080992 0.222905 -0.010761
v -0.081112 0.223509 -0.010762
v -0.080992 0.224113 -0.010761
v -0.080650 0.224624 -0.010761
v -0.080138 0.224966 -0.010760
v -0.079534 0.225087 -0.010759
v -0.078931 0.224966 -0.010758
v -0.078419 0.224624 -0.010757
v -0.078077 0.224113 -0.010757
v -0.077956 0.223509 -0.010756
v -0.078077 0.222905 -0.010757
v -0.078419 0.222393 -0.010757
v -0.078931 0.222051 -0.010758
v -0.079518 0.221931 -0.020561
v -0.080122 0.222051 -0.020562
v -0.080634 0.222393 -0.020562
v -0.080976 0.222905 -0.020563
v -0.081096 0.223509 -0.020563
v -0.080976 0.224113 -0.020563
v -0.080634 0.224624 -0.020562
v -0.080122 0.224966 -0.020562
v -0.079518 0.225087 -0.020561
v -0.078914 0.224966 -0.020560
v -0.078402 0.224624 -0.020559
v -0.078060 0.224113 -0.020558
v -0.077940 0.223509 -0.020558
v -0.078060 0.222905 -0.020558
v -0.078402 0.222393 -0.020559
v -0.078914 0.222051 -0.020560
v -0.062746 0.222051 -0.020532
v -0.062234 0.222393 -0.020531
v -0.061892 0.222905 -0.020531
v -0.061772 0.223509 -0.020531
v -0.061892 0.224113 -0.020531
v -0.062234 0.224624 -0.020531
v -0.062746 0.224966 -0.020532
v -0.063350 0.225087 -0.020533
v -0.063954 0.224966 -0.020534
v -0.064466 0.224624 -0.020535
v -0.064808 0.224113 -0.020536
v -0.064928 0.223509 -0.020536
v -0.064808 0.222905 -0.020536
v -0.064466 0.222393 -0.020535
v -0.063954 0.222051 -0.020534
v -0.063350 0.221931 -0.020533
v -0.062763 0.222051 -0.010731
v -0.062251 0.222393 -0.010730
v -0.061909 0.222905 -0.010729
v -0.061789 0.223509 -0.010729
v -0.061909 0.224113 -0.010729
v -0.062251 0.224624 -0.010730
v -0.062763 0.224966 -0.010731
v -0.063367 0.225087 -0.010732
v -0.063970 0.224966 -0.010733
v -0.064482 0.224624 -0.010734
v -0.064824 0.224113 -0.010734
v -0.064944 0.223509 -0.010734
v -0.064824 0.222905 -0.010734
v -0.064482 0.222393 -0.010734
v -0.063970 0.222051 -0.010733
v -0.063367 0.221931 -0.010732
v -0.062156 0.220586 -0.010730
v -0.061130 0.221272 -0.010728
v -0.060444 0.222298 -0.010727
v -0.060203 0.223509 -0.010726
v -0.060444 0.224719 -0.010727
v -0.061130 0.225746 -0.010728
v -0.062156 0.226431 -0.010730
v -0.063367 0.226672 -0.010732
v -0.064577 0.226431 -0.010734
v -0.065603 0.225746 -0.010736
v -0.066289 0.224719 -0.010737
v -0.066530 0.223509 -0.010737
v -0.066289 0.222298 -0.010737
v -0.065603 0.221272 -0.010736
v -0.064577 0.220586 -0.010734
v -0.063367 0.220345 -0.010732
v -0.062139 0.220586 -0.020573
v -0.061113 0.221272 -0.020571
v -0.060427 0.222298 -0.020570
v -0.060186 0.223509 -0.020570
v -0.060427 0.224719 -0.020570
v -0.061113 0.225746 -0.020571
v -0.062139 0.226431 -0.020573
v -0.063350 0.226672 -0.020575
v -0.064561 0.226431 -0.020577
v -0.065587 0.225746 -0.020579
v -0.066273 0.224719 -0.020580
v -0.066513 0.223509 -0.020581
v -0.066273 0.222298 -0.020580
v -0.065587 0.221272 -0.020579
v -0.064561 0.220586 -0.020577
v -0.063350 0.220345 -0.020575
v -0.061632 0.219362 -0.020572
v -0.060176 0.220335 -0.020570
v -0.059203 0.221791 -0.020568
v -0.058861 0.223509 -0.020568
v -0.059203 0.225227 -0.020568
v -0.060176 0.226683 -0.020570
v -0.061632 0.227656 -0.020572
v -0.063350 0.227998 -0.020575
v -0.065068 0.227656 -0.020578
v -0.066524 0.226683 -0.020581
v -0.067497 0.225227 -0.020582
v -0.067839 0.223509 -0.020583
v -0.067497 0.221791 -0.020582
v -0.066524 0.220335 -0.020581
v -0.065068 0.219362 -0.020578
v -0.063350 0.219020 -0.020575
v -0.061649 0.219362 -0.010750
v -0.060192 0.220335 -0.010748
v -0.059219 0.221791 -0.010746
v -0.058878 0.223509 -0.010745
v -0.059219 0.225227 -0.010746
v -0.060192 0.226683 -0.010748
v -0.061649 0.227656 -0.010750
v -0.063367 0.227998 -0.010753
v -0.065084 0.227656 -0.010756
v -0.066541 0.226683 -0.010758
v -0.067514 0.225227 -0.010760
v -0.067855 0.223509 -0.010761
v -0.067514 0.221791 -0.010760
v -0.066541 0.220335 -0.010758
v -0.065084 0.219362 -0.010756
v -0.063367 0.219020 -0.010753
v -0.061419 0.218808 -0.010750
v -0.059768 0.219911 -0.010747
v -0.058665 0.221561 -0.010745
v -0.058278 0.223509 -0.010744
v -0.058665 0.225456 -0.010745
v -0.059768 0.227107 -0.010747
v -0.061419 0.228210 -0.010750
v -0.063367 0.228597 -0.010753
v -0.065314 0.228210 -0.010756
v -0.066965 0.227107 -0.010759
v -0.068068 0.225456 -0.010761
v -0.068455 0.223509 -0.010762
v -0.068068 0.221561 -0.010761
v -0.066965 0.219911 -0.010759
v -0.065314 0.218808 -0.010756
v -0.063367 0.218420 -0.010753
v -0.061420 0.218808 -0.010043
v -0.059770 0.219911 -0.010040
v -0.058667 0.221561 -0.010038
v -0.058279 0.223509 -0.010037
v -0.058667 0.225456 -0.010038
v -0.059770 0.227107 -0.010040
v -0.061420 0.228210 -0.010043
v -0.063368 0.228597 -0.010046
v -0.065315 0.228210 -0.010049
v -0.066966 0.227107 -0.010052
v -0.068069 0.225456 -0.010054
v -0.068456 0.223509 -0.010055
v -0.068069 0.221561 -0.010054
v -0.066966 0.219911 -0.010052
v -0.065315 0.218808 -0.010049
v -0.063368 0.218420 -0.010046
v 0.214237 0.366060 0.496015
v 0.218397 0.365650 0.496022
v 0.222396 0.364437 0.496029
v 0.226082 0.362467 0.496035
v 0.229313 0.359816 0.496041
v 0.231964 0.356585 0.496045
v 0.233935 0.352899 0.496048
v 0.235148 0.348899 0.496051
v 0.235557 0.344740 0.496051
v 0.235148 0.340580 0.496051
v 0.233935 0.336581 0.496048
v 0.231964 0.332895 0.496045
v 0.229313 0.329664 0.496041
v 0.226082 0.327013 0.496035
v 0.222396 0.325042 0.496029
v 0.218397 0.323829 0.496022
v 0.214237 0.323419 0.496015
v 0.210078 0.323829 0.496008
v 0.206078 0.325042 0.496002
v 0.202392 0.327013 0.495995
v 0.199161 0.329664 0.495990
v 0.196510 0.332895 0.495985
v 0.194540 0.336581 0.495982
v 0.193327 0.340580 0.495980
v 0.192917 0.344740 0.495979
v 0.193327 0.348899 0.495980
v 0.194540 0.352899 0.495982
v 0.196510 0.356585 0.495985
v 0.199161 0.359816 0.495990
v 0.202392 0.362467 0.495995
v 0.206078 0.364437 0.496002
v 0.210078 0.365650 0.496008
v 0.218227 0.364899 0.507975
v 0.218341 0.365469 0.507397
v 0.218270 0.365117 0.507931
v 0.218307 0.365302 0.507806
v 0.218332 0.365425 0.507618
v 0.214218 0.365875 0.507390
v 0.214217 0.365294 0.507968
v 0.214218 0.365831 0.507611
v 0.214217 0.365705 0.507799
v 0.214217 0.365516 0.507924
v 0.222083 0.363729 0.507981
v 0.222306 0.364266 0.507404
v 0.222168 0.363935 0.507937
v 0.222240 0.364109 0.507812
v 0.222289 0.364225 0.507625
v 0.225636 0.361830 0.507987
v 0.225960 0.362313 0.507410
v 0.225760 0.362015 0.507943
v 0.225865 0.362171 0.507818
v 0.225935 0.362276 0.507631
v 0.228751 0.359274 0.507993
v 0.229163 0.359685 0.507415
v 0.228908 0.359431 0.507949
v 0.229042 0.359564 0.507824
v 0.229131 0.359653 0.507636
v 0.231307 0.356159 0.507997
v 0.231791 0.356482 0.507420
v 0.231492 0.356283 0.507953
v 0.231649 0.356387 0.507828
v 0.231754 0.356457 0.507641
v 0.233207 0.352606 0.508000
v 0.233744 0.352828 0.507423
v 0.233412 0.352691 0.507956
v 0.233586 0.352763 0.507831
v 0.233703 0.352811 0.507644
v 0.234376 0.348750 0.508002
v 0.234947 0.348863 0.507425
v 0.234594 0.348793 0.507958
v 0.234779 0.348830 0.507833
v 0.234903 0.348854 0.507646
v 0.234771 0.344740 0.508003
v 0.235353 0.344740 0.507426
v 0.234994 0.344740 0.507959
v 0.235182 0.344740 0.507834
v 0.235308 0.344740 0.507647
v 0.234376 0.340730 0.508002
v 0.234947 0.340617 0.507425
v 0.234594 0.340687 0.507958
v 0.234779 0.340650 0.507833
v 0.234903 0.340625 0.507646
v 0.233207 0.336874 0.508000
v 0.233744 0.336652 0.507423
v 0.233412 0.336789 0.507956
v 0.233586 0.336717 0.507831
v 0.233703 0.336669 0.507644
v 0.231307 0.333320 0.507997
v 0.231791 0.332998 0.507420
v 0.231492 0.333197 0.507953
v 0.231649 0.333092 0.507828
v 0.231754 0.333022 0.507641
v 0.228751 0.330206 0.507993
v 0.229163 0.329795 0.507415
v 0.228908 0.330049 0.507949
v 0.229042 0.329915 0.507824
v 0.229131 0.329826 0.507636
v 0.225636 0.327650 0.507987
v 0.225960 0.327167 0.507410
v 0.225760 0.327465 0.507943
v 0.225865 0.327308 0.507818
v 0.225935 0.327203 0.507631
v 0.222083 0.325750 0.507981
v 0.222306 0.325213 0.507404
v 0.222168 0.325545 0.507937
v 0.222240 0.325371 0.507812
v 0.222289 0.325254 0.507625
v 0.218227 0.324580 0.507975
v 0.218341 0.324011 0.507397
v 0.218270 0.324363 0.507931
v 0.218307 0.324178 0.507806
v 0.218332 0.324054 0.507618
v 0.214217 0.324186 0.507968
v 0.214218 0.323605 0.507390
v 0.214217 0.323963 0.507924
v 0.214217 0.323775 0.507799
v 0.214218 0.323649 0.507611
v 0.210207 0.324580 0.507961
v 0.210095 0.324011 0.507383
v 0.210164 0.324363 0.507917
v 0.210127 0.324178 0.507792
v 0.210103 0.324054 0.507604
v 0.206351 0.325750 0.507955
v 0.206130 0.325213 0.507376
v 0.206266 0.325545 0.507911
v 0.206194 0.325371 0.507785
v 0.206147 0.325254 0.507598
v 0.202798 0.327650 0.507949
v 0.202476 0.327167 0.507370
v 0.202674 0.327465 0.507905
v 0.202570 0.327308 0.507779
v 0.202500 0.327203 0.507591
v 0.199683 0.330206 0.507944
v 0.199273 0.329795 0.507365
v 0.199526 0.330049 0.507899
v 0.199393 0.329915 0.507774
v 0.199304 0.329826 0.507586
v 0.197127 0.333320 0.507939
v 0.196645 0.332998 0.507360
v 0.196942 0.333197 0.507895
v 0.196786 0.333092 0.507769
v 0.196681 0.333022 0.507582
v 0.195227 0.336874 0.507936
v 0.194692 0.336652 0.507357
v 0.195022 0.336789 0.507892
v 0.194848 0.336717 0.507766
v 0.194732 0.336669 0.507578
v 0.194058 0.340730 0.507934
v 0.193489 0.340617 0.507355
v 0.193840 0.340687 0.507890
v 0.193655 0.340650 0.507764
v 0.193532 0.340625 0.507576
v 0.193663 0.344740 0.507933
v 0.193083 0.344740 0.507354
v 0.193441 0.344740 0.507889
v 0.193252 0.344740 0.507763
v 0.193127 0.344740 0.507576
v 0.194058 0.348750 0.507934
v 0.193489 0.348863 0.507355
v 0.193840 0.348793 0.507890
v 0.193655 0.348830 0.507764
v 0.193532 0.348854 0.507576
v 0.195227 0.352606 0.507936
v 0.194692 0.352828 0.507357
v 0.195022 0.352691 0.507892
v 0.194848 0.352763 0.507766
v 0.194732 0.352811 0.507578
v 0.197127 0.356159 0.507939
v 0.196645 0.356482 0.507360
v 0.196942 0.356283 0.507895
v 0.196786 0.356387 0.507769
v 0.196681 0.356457 0.507582
v 0.199683 0.359274 0.507944
v 0.199273 0.359685 0.507365
v 0.199526 0.359431 0.507899
v 0.199393 0.359564 0.507774
v 0.199304 0.359653 0.507586
v 0.202798 0.361830 0.507949
v 0.202476 0.362313 0.507370
v 0.202674 0.362015 0.507905
v 0.202570 0.362171 0.507779
v 0.202500 0.362276 0.507591
v 0.206351 0.363729 0.507955
v 0.206130 0.364266 0.507376
v 0.206266 0.363935 0.507911
v 0.206194 0.364109 0.507785
v 0.206147 0.364225 0.507598
v 0.210207 0.364899 0.507961
v 0.210095 0.365469 0.507383
v 0.210164 0.365117 0.507917
v 0.210127 0.365302 0.507792
v 0.210103 0.365425 0.507604
v 0.214217 0.364052 0.507968
v 0.214217 0.363866 0.507783
v 0.214217 0.363959 0.507943
v 0.214217 0.363891 0.507876
v 0.217949 0.363499 0.507789
v 0.217985 0.363681 0.507974
v 0.217953 0.363523 0.507882
v 0.217967 0.363590 0.507950
v 0.221537 0.362410 0.507795
v 0.221608 0.362582 0.507980
v 0.221546 0.362434 0.507888
v 0.221572 0.362496 0.507956
v 0.224843 0.360643 0.507801
v 0.224946 0.360797 0.507986
v 0.224857 0.360664 0.507893
v 0.224895 0.360720 0.507961
v 0.227742 0.358264 0.507806
v 0.227873 0.358396 0.507991
v 0.227759 0.358282 0.507898
v 0.227807 0.358330 0.507966
v 0.230120 0.355366 0.507810
v 0.230275 0.355469 0.507995
v 0.230141 0.355380 0.507902
v 0.230198 0.355418 0.507970
v 0.231888 0.352059 0.507813
v 0.232059 0.352130 0.507998
v 0.231911 0.352069 0.507905
v 0.231974 0.352095 0.507973
v 0.232976 0.348471 0.507815
v 0.233158 0.348507 0.508000
v 0.233001 0.348476 0.507907
v 0.233067 0.348489 0.507975
v 0.233344 0.344740 0.507815
v 0.233529 0.344740 0.508001
v 0.233369 0.344740 0.507908
v 0.233437 0.344740 0.507976
v 0.232976 0.341008 0.507815
v 0.233158 0.340972 0.508000
v 0.233001 0.341003 0.507907
v 0.233067 0.340990 0.507975
v 0.231888 0.337420 0.507813
v 0.232059 0.337349 0.507998
v 0.231911 0.337411 0.507905
v 0.231974 0.337385 0.507973
v 0.230120 0.334114 0.507810
v 0.230275 0.334010 0.507995
v 0.230141 0.334100 0.507902
v 0.230198 0.334062 0.507970
v 0.227742 0.331215 0.507806
v 0.227873 0.331084 0.507991
v 0.227759 0.331198 0.507898
v 0.227807 0.331149 0.507966
v 0.224843 0.328837 0.507801
v 0.224946 0.328682 0.507986
v 0.224857 0.328816 0.507893
v 0.224895 0.328759 0.507961
v 0.221537 0.327069 0.507795
v 0.221608 0.326898 0.507980
v 0.221546 0.327046 0.507888
v 0.221572 0.326983 0.507956
v 0.217949 0.325981 0.507789
v 0.217985 0.325799 0.507974
v 0.217953 0.325956 0.507882
v 0.217967 0.325889 0.507950
v 0.214217 0.325613 0.507783
v 0.214217 0.325427 0.507968
v 0.214217 0.325588 0.507876
v 0.214217 0.325520 0.507943
v 0.210486 0.325981 0.507777
v 0.210449 0.325799 0.507962
v 0.210481 0.325956 0.507869
v 0.210467 0.325889 0.507937
v 0.206898 0.327069 0.507771
v 0.206827 0.326898 0.507956
v 0.206888 0.327046 0.507863
v 0.206862 0.326983 0.507931
v 0.203591 0.328837 0.507765
v 0.203488 0.328682 0.507950
v 0.203577 0.328816 0.507858
v 0.203539 0.328759 0.507925
v 0.200693 0.331215 0.507760
v 0.200561 0.331084 0.507945
v 0.200675 0.331198 0.507853
v 0.200627 0.331149 0.507920
v 0.198314 0.334114 0.507756
v 0.198159 0.334010 0.507941
v 0.198293 0.334100 0.507849
v 0.198236 0.334062 0.507916
v 0.196547 0.337420 0.507753
v 0.196375 0.337349 0.507938
v 0.196523 0.337411 0.507846
v 0.196460 0.337385 0.507913
v 0.195458 0.341008 0.507751
v 0.195276 0.340972 0.507936
v 0.195433 0.341003 0.507844
v 0.195367 0.340990 0.507911
v 0.195091 0.344740 0.507751
v 0.194905 0.344740 0.507935
v 0.195065 0.344740 0.507843
v 0.194997 0.344740 0.507911
v 0.195458 0.348471 0.507751
v 0.195276 0.348507 0.507936
v 0.195433 0.348476 0.507844
v 0.195367 0.348489 0.507911
v 0.196547 0.352059 0.507753
v 0.196375 0.352130 0.507938
v 0.196523 0.352069 0.507846
v 0.196460 0.352095 0.507913
v 0.198314 0.355366 0.507756
v 0.198159 0.355469 0.507941
v 0.198293 0.355380 0.507849
v 0.198236 0.355418 0.507916
v 0.200693 0.358264 0.507760
v 0.200561 0.358396 0.507945
v 0.200675 0.358282 0.507853
v 0.200627 0.358330 0.507920
v 0.203591 0.360643 0.507765
v 0.203488 0.360797 0.507950
v 0.203577 0.360664 0.507858
v 0.203539 0.360720 0.507925
v 0.206898 0.362410 0.507771
v 0.206827 0.362582 0.507956
v 0.206888 0.362434 0.507863
v 0.206862 0.362496 0.507931
v 0.210486 0.363499 0.507777
v 0.210449 0.363681 0.507962
v 0.210481 0.363523 0.507869
v 0.210467 0.363590 0.507937
v 0.217761 0.362535 0.505548
v 0.217951 0.363499 0.506526
v 0.217834 0.362904 0.505623
v 0.217896 0.363217 0.505835
v 0.217937 0.363425 0.506152
v 0.214219 0.363866 0.506520
v 0.214221 0.362884 0.505542
v 0.214220 0.363791 0.506145
v 0.214221 0.363578 0.505828
v 0.214221 0.363260 0.505616
v 0.221165 0.361503 0.505554
v 0.221539 0.362410 0.506532
v 0.221308 0.361850 0.505628
v 0.221430 0.362144 0.505840
v 0.221511 0.362341 0.506158
v 0.224301 0.359826 0.505559
v 0.224846 0.360643 0.506538
v 0.224510 0.360139 0.505634
v 0.224687 0.360404 0.505846
v 0.224805 0.360581 0.506163
v 0.227051 0.357570 0.505564
v 0.227744 0.358264 0.506542
v 0.227317 0.357835 0.505638
v 0.227542 0.358061 0.505851
v 0.227692 0.358211 0.506168
v 0.229307 0.354820 0.505567
v 0.230123 0.355366 0.506546
v 0.229620 0.355029 0.505642
v 0.229884 0.355206 0.505855
v 0.230061 0.355324 0.506172
v 0.230984 0.351683 0.505570
v 0.231890 0.352059 0.506549
v 0.231331 0.351827 0.505645
v 0.231625 0.351949 0.505858
v 0.231822 0.352031 0.506175
v 0.232016 0.348279 0.505572
v 0.232978 0.348471 0.506551
v 0.232385 0.348353 0.505647
v 0.232697 0.348415 0.505859
v 0.232906 0.348457 0.506177
v 0.232365 0.344740 0.505573
v 0.233346 0.344740 0.506552
v 0.232741 0.344740 0.505648
v 0.233059 0.344740 0.505860
v 0.233272 0.344740 0.506178
v 0.232016 0.341200 0.505572
v 0.232978 0.341008 0.506551
v 0.232385 0.341127 0.505647
v 0.232697 0.341065 0.505859
v 0.232906 0.341023 0.506177
v 0.230984 0.337796 0.505570
v 0.231890 0.337420 0.506549
v 0.231331 0.337652 0.505645
v 0.231625 0.337530 0.505858
v 0.231822 0.337449 0.506175
v 0.229307 0.334659 0.505567
v 0.230123 0.334114 0.506546
v 0.229620 0.334451 0.505642
v 0.229884 0.334274 0.505855
v 0.230061 0.334155 0.506172
v 0.227051 0.331910 0.505564
v 0.227744 0.331215 0.506542
v 0.227317 0.331644 0.505638
v 0.227542 0.331419 0.505851
v 0.227692 0.331268 0.506168
v 0.224301 0.329654 0.505559
v 0.224846 0.328837 0.506538
v 0.224510 0.329341 0.505634
v 0.224687 0.329076 0.505846
v 0.224805 0.328899 0.506163
v 0.221165 0.327977 0.505554
v 0.221539 0.327069 0.506532
v 0.221308 0.327630 0.505628
v 0.221430 0.327335 0.505840
v 0.221511 0.327138 0.506158
v 0.217761 0.326944 0.505548
v 0.217951 0.325981 0.506526
v 0.217834 0.326576 0.505623
v 0.217896 0.326263 0.505835
v 0.217937 0.326054 0.506152
v 0.214221 0.326596 0.505542
v 0.214219 0.325613 0.506520
v 0.214221 0.326220 0.505616
v 0.214221 0.325901 0.505828
v 0.214220 0.325688 0.506145
v 0.210681 0.326944 0.505536
v 0.210488 0.325981 0.506513
v 0.210608 0.326576 0.505610
v 0.210545 0.326263 0.505822
v 0.210503 0.326054 0.506139
v 0.207278 0.327977 0.505530
v 0.206900 0.327069 0.506507
v 0.207134 0.327630 0.505604
v 0.207011 0.327335 0.505816
v 0.206929 0.327138 0.506133
v 0.204141 0.329654 0.505525
v 0.203593 0.328837 0.506502
v 0.203932 0.329341 0.505599
v 0.203754 0.329076 0.505811
v 0.203636 0.328899 0.506128
v 0.201391 0.331910 0.505520
v 0.200695 0.331215 0.506497
v 0.201125 0.331644 0.505594
v 0.200900 0.331419 0.505806
v 0.200749 0.331268 0.506123
v 0.199135 0.334659 0.505517
v 0.198316 0.334114 0.506493
v 0.198822 0.334451 0.505590
v 0.198557 0.334274 0.505802
v 0.198379 0.334155 0.506119
v 0.197458 0.337796 0.505514
v 0.196549 0.337420 0.506490
v 0.197111 0.337652 0.505588
v 0.196816 0.337530 0.505799
v 0.196619 0.337449 0.506116
v 0.196426 0.341200 0.505512
v 0.195461 0.341008 0.506488
v 0.196057 0.341127 0.505586
v 0.195744 0.341065 0.505797
v 0.195534 0.341023 0.506114
v 0.196077 0.344740 0.505511
v 0.195093 0.344740 0.506487
v 0.195701 0.344740 0.505585
v 0.195382 0.344740 0.505797
v 0.195168 0.344740 0.506113
v 0.196426 0.348279 0.505512
v 0.195461 0.348471 0.506488
v 0.196057 0.348353 0.505586
v 0.195744 0.348415 0.505797
v 0.195534 0.348457 0.506114
v 0.197458 0.351683 0.505514
v 0.196549 0.352059 0.506490
v 0.197111 0.351827 0.505588
v 0.196816 0.351949 0.505799
v 0.196619 0.352031 0.506116
v 0.199135 0.354820 0.505517
v 0.198316 0.355366 0.506493
v 0.198822 0.355029 0.505590
v 0.198557 0.355206 0.505802
v 0.198379 0.355324 0.506119
v 0.201391 0.357570 0.505520
v 0.200695 0.358264 0.506497
v 0.201125 0.357835 0.505594
v 0.200900 0.358061 0.505806
v 0.200749 0.358211 0.506123
v 0.204141 0.359826 0.505525
v 0.203593 0.360643 0.506502
v 0.203932 0.360139 0.505599
v 0.203754 0.360404 0.505811
v 0.203636 0.360581 0.506128
v 0.207278 0.361503 0.505530
v 0.206900 0.362410 0.506507
v 0.207134 0.361850 0.505604
v 0.207011 0.362144 0.505816
v 0.206929 0.362341 0.506133
v 0.210681 0.362535 0.505536
v 0.210488 0.363499 0.506513
v 0.210608 0.362904 0.505610
v 0.210545 0.363217 0.505822
v 0.210503 0.363425 0.506139
v 0.282233 0.363208 0.496130
v 0.278835 0.360775 0.496124
v 0.275976 0.357726 0.496119
v 0.273768 0.354177 0.496116
v 0.272294 0.350266 0.496113
v 0.271612 0.346143 0.496112
v 0.271747 0.341966 0.496112
v 0.272694 0.337895 0.496114
v 0.274417 0.334087 0.496117
v 0.276850 0.330689 0.496121
v 0.279900 0.327830 0.496126
v 0.283448 0.325622 0.496132
v 0.287359 0.324148 0.496139
v 0.291482 0.323466 0.496145
v 0.295660 0.323601 0.496152
v 0.299731 0.324548 0.496159
v 0.303538 0.326271 0.496166
v 0.306937 0.328705 0.496172
v 0.309795 0.331754 0.496176
v 0.312003 0.335302 0.496180
v 0.313477 0.339213 0.496183
v 0.314160 0.343337 0.496184
v 0.314025 0.347514 0.496183
v 0.313077 0.351585 0.496182
v 0.311354 0.355392 0.496179
v 0.308921 0.358791 0.496175
v 0.305871 0.361649 0.496170
v 0.302323 0.363858 0.496164
v 0.298412 0.365331 0.496157
v 0.294289 0.366014 0.496150
v 0.290111 0.365879 0.496143
v 0.286041 0.364931 0.496136
v 0.279319 0.360199 0.508078
v 0.278938 0.360636 0.507499
v 0.279173 0.360366 0.508034
v 0.279049 0.360508 0.507908
v 0.278966 0.360602 0.507720
v 0.282306 0.363048 0.507505
v 0.282596 0.362544 0.508083
v 0.282328 0.363009 0.507726
v 0.282391 0.362900 0.507914
v 0.282485 0.362737 0.508039
v 0.276564 0.357259 0.508073
v 0.276104 0.357613 0.507494
v 0.276388 0.357394 0.508029
v 0.276238 0.357509 0.507903
v 0.276139 0.357586 0.507716
v 0.274435 0.353838 0.508070
v 0.273915 0.354095 0.507491
v 0.274235 0.353937 0.508025
v 0.274067 0.354020 0.507900
v 0.273954 0.354076 0.507712
v 0.273014 0.350068 0.508067
v 0.272454 0.350218 0.507488
v 0.272799 0.350125 0.508023
v 0.272617 0.350174 0.507897
v 0.272496 0.350207 0.507709
v 0.272356 0.346092 0.508066
v 0.271777 0.346131 0.507487
v 0.272134 0.346107 0.508022
v 0.271946 0.346120 0.507896
v 0.271821 0.346128 0.507708
v 0.272486 0.342065 0.508066
v 0.271911 0.341990 0.507487
v 0.272266 0.342036 0.508022
v 0.272079 0.342012 0.507896
v 0.271955 0.341995 0.507708
v 0.273399 0.338141 0.508068
v 0.272850 0.337954 0.507489
v 0.273189 0.338069 0.508023
v 0.273011 0.338009 0.507898
v 0.272892 0.337969 0.507710
v 0.275061 0.334470 0.508071
v 0.274559 0.334180 0.507492
v 0.274868 0.334359 0.508026
v 0.274705 0.334265 0.507901
v 0.274597 0.334202 0.507713
v 0.277406 0.331194 0.508075
v 0.276971 0.330811 0.507496
v 0.277239 0.331047 0.508030
v 0.277098 0.330923 0.507905
v 0.277003 0.330840 0.507717
v 0.280346 0.328438 0.508079
v 0.279993 0.327977 0.507501
v 0.280211 0.328262 0.508035
v 0.280096 0.328112 0.507910
v 0.280020 0.328013 0.507722
v 0.283767 0.326309 0.508085
v 0.283511 0.325788 0.507507
v 0.283669 0.326110 0.508041
v 0.283585 0.325941 0.507916
v 0.283530 0.325828 0.507728
v 0.287538 0.324888 0.508092
v 0.287388 0.324327 0.507513
v 0.287480 0.324673 0.508047
v 0.287431 0.324491 0.507922
v 0.287399 0.324370 0.507735
v 0.291513 0.324230 0.508098
v 0.291475 0.323651 0.507520
v 0.291498 0.324008 0.508054
v 0.291486 0.323820 0.507929
v 0.291478 0.323695 0.507741
v 0.295540 0.324360 0.508105
v 0.295617 0.323784 0.507527
v 0.295569 0.324140 0.508061
v 0.295594 0.323953 0.507936
v 0.295610 0.323828 0.507748
v 0.299464 0.325274 0.508112
v 0.299652 0.324724 0.507534
v 0.299536 0.325063 0.508068
v 0.299597 0.324885 0.507943
v 0.299637 0.324765 0.507755
v 0.303135 0.326935 0.508118
v 0.303426 0.326432 0.507540
v 0.303246 0.326743 0.508074
v 0.303341 0.326579 0.507949
v 0.303404 0.326470 0.507761
v 0.306411 0.329281 0.508123
v 0.306795 0.328844 0.507546
v 0.306558 0.329114 0.508080
v 0.306682 0.328972 0.507955
v 0.306766 0.328877 0.507767
v 0.309167 0.332220 0.508128
v 0.309629 0.331867 0.507551
v 0.309343 0.332085 0.508084
v 0.309493 0.331970 0.507959
v 0.309593 0.331894 0.507772
v 0.311296 0.335641 0.508132
v 0.311818 0.335384 0.507554
v 0.311496 0.335543 0.508088
v 0.311665 0.335460 0.507963
v 0.311778 0.335404 0.507776
v 0.312717 0.339412 0.508134
v 0.313279 0.339261 0.507557
v 0.312932 0.339354 0.508090
v 0.313114 0.339305 0.507965
v 0.313236 0.339273 0.507778
v 0.313375 0.343387 0.508135
v 0.313956 0.343349 0.507558
v 0.313597 0.343372 0.508092
v 0.313785 0.343360 0.507967
v 0.313911 0.343352 0.507779
v 0.313245 0.347414 0.508135
v 0.313822 0.347490 0.507558
v 0.313465 0.347443 0.508091
v 0.313652 0.347468 0.507966
v 0.313778 0.347484 0.507779
v 0.312332 0.351339 0.508133
v 0.312883 0.351525 0.507556
v 0.312542 0.351410 0.508090
v 0.312721 0.351471 0.507965
v 0.312840 0.351511 0.507777
v 0.310670 0.355010 0.508131
v 0.311174 0.355300 0.507553
v 0.310863 0.355121 0.508087
v 0.311026 0.355215 0.507962
v 0.311136 0.355278 0.507774
v 0.308324 0.358286 0.508127
v 0.308762 0.358669 0.507549
v 0.308492 0.358432 0.508083
v 0.308634 0.358556 0.507958
v 0.308729 0.358639 0.507770
v 0.305385 0.361041 0.508122
v 0.305739 0.361502 0.507544
v 0.305520 0.361218 0.508078
v 0.305635 0.361367 0.507953
v 0.305712 0.361467 0.507765
v 0.301964 0.363171 0.508116
v 0.302222 0.363691 0.507538
v 0.302062 0.363370 0.508072
v 0.302146 0.363539 0.507947
v 0.302202 0.363652 0.507759
v 0.298193 0.364591 0.508110
v 0.298345 0.365152 0.507532
v 0.298251 0.364806 0.508066
v 0.298300 0.364988 0.507940
v 0.298333 0.365110 0.507753
v 0.294218 0.365249 0.508103
v 0.294257 0.365829 0.507525
v 0.294233 0.365471 0.508059
v 0.294245 0.365659 0.507934
v 0.294254 0.365785 0.507746
v 0.290191 0.365119 0.508096
v 0.290116 0.365695 0.507518
v 0.290162 0.365340 0.508052
v 0.290138 0.365526 0.507927
v 0.290122 0.365651 0.507739
v 0.286267 0.364206 0.508089
v 0.286081 0.364756 0.507511
v 0.286195 0.364416 0.508045
v 0.286135 0.364595 0.507920
v 0.286095 0.364714 0.507732
v 0.283216 0.361469 0.508084
v 0.283309 0.361308 0.507900
v 0.283262 0.361388 0.508060
v 0.283297 0.361330 0.507992
v 0.280261 0.359125 0.507894
v 0.280138 0.359265 0.508079
v 0.280244 0.359144 0.507987
v 0.280199 0.359195 0.508054
v 0.277697 0.356389 0.507890
v 0.277549 0.356503 0.508075
v 0.277676 0.356405 0.507982
v 0.277622 0.356446 0.508050
v 0.275715 0.353206 0.507887
v 0.275548 0.353288 0.508071
v 0.275692 0.353217 0.507979
v 0.275631 0.353247 0.508047
v 0.274393 0.349698 0.507885
v 0.274213 0.349746 0.508069
v 0.274369 0.349704 0.507977
v 0.274303 0.349722 0.508044
v 0.273781 0.345999 0.507883
v 0.273595 0.346011 0.508068
v 0.273755 0.346000 0.507976
v 0.273687 0.346005 0.508043
v 0.273902 0.342251 0.507884
v 0.273717 0.342227 0.508068
v 0.273877 0.342248 0.507976
v 0.273809 0.342239 0.508044
v 0.274752 0.338599 0.507885
v 0.274576 0.338540 0.508070
v 0.274728 0.338591 0.507977
v 0.274663 0.338569 0.508045
v 0.276298 0.335183 0.507888
v 0.276137 0.335090 0.508072
v 0.276276 0.335171 0.507980
v 0.276217 0.335137 0.508048
v 0.278481 0.332135 0.507891
v 0.278341 0.332012 0.508076
v 0.278461 0.332118 0.507984
v 0.278410 0.332073 0.508051
v 0.281216 0.329570 0.507896
v 0.281103 0.329423 0.508081
v 0.281201 0.329550 0.507988
v 0.281159 0.329497 0.508056
v 0.284399 0.327589 0.507901
v 0.284317 0.327423 0.508086
v 0.284388 0.327567 0.507994
v 0.284358 0.327506 0.508061
v 0.287908 0.326267 0.507907
v 0.287859 0.326088 0.508092
v 0.287901 0.326243 0.508000
v 0.287883 0.326177 0.508067
v 0.291607 0.325655 0.507913
v 0.291594 0.325469 0.508098
v 0.291605 0.325630 0.508006
v 0.291601 0.325562 0.508074
v 0.295354 0.325776 0.507920
v 0.295378 0.325592 0.508105
v 0.295358 0.325751 0.508012
v 0.295366 0.325683 0.508080
v 0.299006 0.326626 0.507926
v 0.299066 0.326450 0.508111
v 0.299014 0.326602 0.508018
v 0.299036 0.326537 0.508086
v 0.302422 0.328172 0.507932
v 0.302515 0.328011 0.508117
v 0.302435 0.328150 0.508024
v 0.302469 0.328091 0.508092
v 0.305471 0.330355 0.507937
v 0.305593 0.330215 0.508122
v 0.305487 0.330336 0.508029
v 0.305532 0.330284 0.508097
v 0.308035 0.333090 0.507941
v 0.308182 0.332977 0.508126
v 0.308055 0.333075 0.508034
v 0.308109 0.333033 0.508101
v 0.310016 0.336273 0.507945
v 0.310183 0.336191 0.508130
v 0.310039 0.336262 0.508037
v 0.310100 0.336232 0.508105
v 0.311338 0.339782 0.507947
v 0.311518 0.339734 0.508132
v 0.311363 0.339775 0.508039
v 0.311428 0.339758 0.508107
v 0.311951 0.343481 0.507948
v 0.312136 0.343469 0.508133
v 0.311976 0.343479 0.508040
v 0.312043 0.343475 0.508108
v 0.311830 0.347228 0.507948
v 0.312014 0.347253 0.508133
v 0.311854 0.347232 0.508040
v 0.311922 0.347241 0.508108
v 0.310980 0.350880 0.507946
v 0.311155 0.350940 0.508131
v 0.311003 0.350888 0.508039
v 0.311068 0.350910 0.508106
v 0.309434 0.354296 0.507944
v 0.309594 0.354389 0.508129
v 0.309455 0.354309 0.508036
v 0.309514 0.354343 0.508104
v 0.307251 0.357345 0.507940
v 0.307390 0.357467 0.508125
v 0.307270 0.357361 0.508032
v 0.307321 0.357406 0.508100
v 0.304515 0.359909 0.507935
v 0.304628 0.360056 0.508120
v 0.304531 0.359929 0.508028
v 0.304572 0.359983 0.508096
v 0.301332 0.361890 0.507930
v 0.301414 0.362057 0.508115
v 0.301343 0.361913 0.508022
v 0.301373 0.361974 0.508090
v 0.297824 0.363212 0.507924
v 0.297871 0.363392 0.508109
v 0.297830 0.363237 0.508016
v 0.297848 0.363303 0.508084
v 0.294125 0.363825 0.507918
v 0.294136 0.364010 0.508103
v 0.294126 0.363850 0.508010
v 0.294130 0.363918 0.508078
v 0.290377 0.363704 0.507911
v 0.290353 0.363888 0.508096
v 0.290374 0.363729 0.508004
v 0.290365 0.363796 0.508072
v 0.286725 0.362854 0.507905
v 0.286665 0.363030 0.508090
v 0.286717 0.362878 0.507998
v 0.286695 0.362942 0.508065
v 0.280912 0.358386 0.505654
v 0.280263 0.359125 0.506631
v 0.280664 0.358669 0.505728
v 0.280454 0.358909 0.505940
v 0.280313 0.359069 0.506257
v 0.283311 0.361308 0.506636
v 0.283804 0.360457 0.505659
v 0.283349 0.361243 0.506262
v 0.283456 0.361058 0.505945
v 0.283616 0.360782 0.505733
v 0.278479 0.355791 0.505650
v 0.277699 0.356389 0.506627
v 0.278181 0.356020 0.505724
v 0.277928 0.356214 0.505936
v 0.277759 0.356344 0.506253
v 0.276600 0.352771 0.505647
v 0.275717 0.353206 0.506623
v 0.276263 0.352938 0.505721
v 0.275977 0.353079 0.505932
v 0.275785 0.353173 0.506249
v 0.275346 0.349443 0.505645
v 0.274395 0.349698 0.506621
v 0.274982 0.349540 0.505719
v 0.274674 0.349623 0.505930
v 0.274468 0.349678 0.506247
v 0.274765 0.345934 0.505644
v 0.273783 0.345999 0.506620
v 0.274390 0.345959 0.505718
v 0.274071 0.345980 0.505929
v 0.273858 0.345994 0.506246
v 0.274880 0.342379 0.505644
v 0.273904 0.342251 0.506620
v 0.274507 0.342330 0.505718
v 0.274191 0.342288 0.505929
v 0.273979 0.342261 0.506246
v 0.275686 0.338915 0.505646
v 0.274754 0.338599 0.506622
v 0.275330 0.338794 0.505719
v 0.275028 0.338692 0.505931
v 0.274825 0.338623 0.506248
v 0.277153 0.335674 0.505648
v 0.276300 0.335183 0.506624
v 0.276827 0.335486 0.505722
v 0.276550 0.335327 0.505933
v 0.276365 0.335221 0.506250
v 0.279223 0.332782 0.505651
v 0.278483 0.332135 0.506628
v 0.278940 0.332534 0.505726
v 0.278700 0.332324 0.505937
v 0.278540 0.332184 0.506254
v 0.281818 0.330350 0.505656
v 0.281218 0.329570 0.506633
v 0.281589 0.330051 0.505730
v 0.281395 0.329799 0.505942
v 0.281264 0.329630 0.506258
v 0.284838 0.328470 0.505661
v 0.284401 0.327589 0.506638
v 0.284671 0.328133 0.505735
v 0.284530 0.327847 0.505947
v 0.284435 0.327656 0.506264
v 0.288166 0.327216 0.505667
v 0.287910 0.326267 0.506644
v 0.288069 0.326853 0.505741
v 0.287986 0.326545 0.505953
v 0.287930 0.326339 0.506270
v 0.291675 0.326635 0.505673
v 0.291609 0.325655 0.506650
v 0.291651 0.326260 0.505747
v 0.291629 0.325942 0.505959
v 0.291615 0.325729 0.506276
v 0.295230 0.326750 0.505679
v 0.295357 0.325776 0.506656
v 0.295279 0.326377 0.505753
v 0.295320 0.326061 0.505965
v 0.295348 0.325850 0.506282
v 0.298695 0.327556 0.505684
v 0.299008 0.326626 0.506663
v 0.298815 0.327200 0.505759
v 0.298917 0.326898 0.505971
v 0.298985 0.326697 0.506288
v 0.301935 0.329023 0.505690
v 0.302424 0.328172 0.506668
v 0.302123 0.328697 0.505765
v 0.302282 0.328421 0.505977
v 0.302388 0.328237 0.506294
v 0.304827 0.331093 0.505695
v 0.305473 0.330355 0.506673
v 0.305075 0.330811 0.505769
v 0.305284 0.330571 0.505982
v 0.305424 0.330411 0.506299
v 0.307260 0.333688 0.505699
v 0.308037 0.333090 0.506678
v 0.307558 0.333459 0.505774
v 0.307810 0.333265 0.505986
v 0.307978 0.333136 0.506304
v 0.309139 0.336708 0.505702
v 0.310018 0.336273 0.506681
v 0.309476 0.336542 0.505777
v 0.309762 0.336401 0.505989
v 0.309952 0.336306 0.506307
v 0.310393 0.340037 0.505704
v 0.311341 0.339782 0.506683
v 0.310756 0.339939 0.505779
v 0.311064 0.339857 0.505992
v 0.311269 0.339801 0.506309
v 0.310974 0.343546 0.505705
v 0.311953 0.343481 0.506684
v 0.311349 0.343521 0.505780
v 0.311667 0.343500 0.505993
v 0.311879 0.343486 0.506310
v 0.310859 0.347101 0.505705
v 0.311832 0.347228 0.506684
v 0.311232 0.347150 0.505780
v 0.311548 0.347191 0.505992
v 0.311758 0.347219 0.506310
v 0.310053 0.350565 0.505703
v 0.310982 0.350880 0.506683
v 0.310409 0.350686 0.505778
v 0.310710 0.350788 0.505991
v 0.310912 0.350856 0.506308
v 0.308586 0.353805 0.505701
v 0.309436 0.354296 0.506680
v 0.308912 0.353993 0.505776
v 0.309188 0.354152 0.505988
v 0.309372 0.354259 0.506306
v 0.306516 0.356697 0.505697
v 0.307253 0.357345 0.506676
v 0.306798 0.356945 0.505772
v 0.307038 0.357155 0.505985
v 0.307197 0.357296 0.506302
v 0.303921 0.359130 0.505693
v 0.304518 0.359909 0.506672
v 0.304150 0.359428 0.505768
v 0.304343 0.359681 0.505980
v 0.304473 0.359850 0.506298
v 0.300901 0.361009 0.505688
v 0.301334 0.361890 0.506666
v 0.301067 0.361346 0.505763
v 0.301208 0.361632 0.505975
v 0.301302 0.361823 0.506292
v 0.297573 0.362264 0.505682
v 0.297826 0.363212 0.506661
v 0.297670 0.362627 0.505757
v 0.297752 0.362935 0.505969
v 0.297807 0.363140 0.506286
v 0.294064 0.362844 0.505677
v 0.294127 0.363825 0.506654
v 0.294088 0.363220 0.505751
v 0.294109 0.363538 0.505963
v 0.294122 0.363750 0.506280
v 0.290509 0.362730 0.505671
v 0.290379 0.363704 0.506648
v 0.290460 0.363102 0.505745
v 0.290418 0.363418 0.505957
v 0.290390 0.363629 0.506274
v 0.287044 0.361923 0.505665
v 0.286727 0.362854 0.506642
v 0.286924 0.362279 0.505739
v 0.286821 0.362581 0.505951
v 0.286752 0.362783 0.506268
v 0.200772 0.333881 0.512112
v 0.200848 0.333957 0.512220
v 0.200772 0.334033 0.512112
v 0.200795 0.333903 0.512188
v 0.200761 0.333957 0.512174
v 0.200795 0.334010 0.512188
v 0.200741 0.333957 0.512112
v 0.224993 0.358101 0.512260
v 0.225069 0.358177 0.512153
v 0.224917 0.358177 0.512153
v 0.225047 0.358155 0.512229
v 0.224993 0.358189 0.512215
v 0.224993 0.358209 0.512153
v 0.224939 0.358155 0.512229
v 0.200785 0.333881 0.504701
v 0.200785 0.334033 0.504701
v 0.200861 0.333957 0.504593
v 0.200753 0.333957 0.504701
v 0.200773 0.333957 0.504639
v 0.200807 0.334010 0.504625
v 0.200807 0.333903 0.504625
v 0.225082 0.358177 0.504742
v 0.225006 0.358101 0.504634
v 0.224930 0.358177 0.504741
v 0.225059 0.358155 0.504666
v 0.225006 0.358189 0.504680
v 0.224952 0.358155 0.504665
v 0.225006 0.358209 0.504742
v 0.203351 0.331302 0.512116
v 0.203503 0.331302 0.512117
v 0.203427 0.331378 0.512224
v 0.203427 0.331271 0.512117
v 0.203427 0.331290 0.512179
v 0.203481 0.331324 0.512193
v 0.203373 0.331324 0.512192
v 0.227648 0.355599 0.512157
v 0.227571 0.355523 0.512265
v 0.227648 0.355447 0.512157
v 0.227625 0.355577 0.512233
v 0.227659 0.355523 0.512220
v 0.227625 0.355469 0.512233
v 0.227679 0.355523 0.512157
v 0.203363 0.331302 0.504705
v 0.203440 0.331378 0.504598
v 0.203515 0.331302 0.504705
v 0.203386 0.331324 0.504629
v 0.203440 0.331290 0.504643
v 0.203493 0.331324 0.504629
v 0.203439 0.331271 0.504705
v 0.227660 0.355599 0.504746
v 0.227660 0.355447 0.504746
v 0.227584 0.355523 0.504638
v 0.227691 0.355523 0.504746
v 0.227672 0.355523 0.504684
v 0.227638 0.355469 0.504670
v 0.227638 0.355577 0.504670
v 0.309775 0.348249 0.512296
v 0.309668 0.348238 0.512403
v 0.309658 0.348345 0.512296
v 0.309744 0.348246 0.512372
v 0.309724 0.348306 0.512358
v 0.309660 0.348314 0.512372
v 0.309736 0.348321 0.512296
v 0.275689 0.344870 0.512346
v 0.275582 0.344859 0.512238
v 0.275678 0.344977 0.512238
v 0.275613 0.344863 0.512314
v 0.275621 0.344926 0.512300
v 0.275606 0.344938 0.512238
v 0.275681 0.344946 0.512314
v 0.309788 0.348249 0.504884
v 0.309670 0.348345 0.504884
v 0.309681 0.348238 0.504777
v 0.309749 0.348321 0.504884
v 0.309736 0.348306 0.504822
v 0.309673 0.348314 0.504808
v 0.309756 0.348246 0.504808
v 0.275595 0.344859 0.504827
v 0.275702 0.344870 0.504719
v 0.275691 0.344977 0.504827
v 0.275626 0.344863 0.504751
v 0.275634 0.344926 0.504765
v 0.275694 0.344946 0.504751
v 0.275618 0.344938 0.504827
v 0.310135 0.344620 0.512296
v 0.310038 0.344503 0.512296
v 0.310028 0.344609 0.512404
v 0.310111 0.344541 0.512296
v 0.310096 0.344554 0.512358
v 0.310035 0.344534 0.512372
v 0.310103 0.344617 0.512372
v 0.275942 0.341231 0.512239
v 0.276049 0.341241 0.512347
v 0.276059 0.341134 0.512239
v 0.275973 0.341234 0.512315
v 0.275993 0.341173 0.512301
v 0.276056 0.341166 0.512315
v 0.275981 0.341158 0.512239
v 0.310147 0.344620 0.504885
v 0.310040 0.344609 0.504777
v 0.310051 0.344503 0.504885
v 0.310116 0.344617 0.504809
v 0.310108 0.344554 0.504823
v 0.310048 0.344534 0.504809
v 0.310123 0.344541 0.504885
v 0.275954 0.341231 0.504827
v 0.276072 0.341134 0.504828
v 0.276061 0.341241 0.504720
v 0.275993 0.341158 0.504827
v 0.276006 0.341173 0.504765
v 0.276069 0.341166 0.504752
v 0.275986 0.341234 0.504751
vn -0.0302 -0.9991 0.0301
vn -0.0280 -0.9137 0.4055
vn -0.3698 -0.8528 0.3687
vn -0.4055 -0.9137 0.0266
vn -0.0290 -0.4057 0.9136
vn -0.3705 -0.3689 0.8524
vn -0.0321 -0.0304 0.9990
vn -0.4070 -0.0273 0.9130
vn -0.9142 -0.0272 0.4043
vn -0.8536 -0.3692 0.3675
vn -0.9991 -0.0303 0.0286
vn -0.9136 -0.4057 0.0257
vn -0.0312 0.0366 0.9988
vn -0.0256 0.4120 0.9108
vn -0.3704 0.3690 0.8524
vn -0.4070 0.0273 0.9130
vn -0.0246 0.9113 0.4110
vn -0.3696 0.8530 0.3685
vn -0.0294 0.9989 0.0362
vn -0.4055 0.9137 0.0265
vn -0.9135 0.4059 0.0257
vn -0.8536 0.3692 0.3675
vn -0.9991 0.0303 0.0286
vn -0.9142 0.0272 0.4043
vn -0.0300 -0.9989 -0.0364
vn -0.4054 -0.9137 -0.0280
vn -0.3685 -0.8528 -0.3699
vn -0.0266 -0.9111 -0.4113
vn -0.9137 -0.4054 -0.0288
vn -0.8524 -0.3689 -0.3707
vn -0.9990 -0.0303 -0.0320
vn -0.9130 -0.0272 -0.4071
vn -0.4043 -0.0273 -0.9142
vn -0.3678 -0.3689 -0.8536
vn -0.0287 -0.0366 -0.9989
vn -0.0258 -0.4114 -0.9111
vn -0.0303 0.9991 -0.0304
vn -0.0265 0.9137 -0.4055
vn -0.3683 0.8531 -0.3696
vn -0.4054 0.9137 -0.0279
vn -0.0257 0.4059 -0.9136
vn -0.3677 0.3690 -0.8536
vn -0.0286 0.0302 -0.9991
vn -0.4043 0.0271 -0.9142
vn -0.9130 0.0271 -0.4071
vn -0.8525 0.3689 -0.3704
vn -0.9990 0.0303 -0.0320
vn -0.9135 0.4059 -0.0287
vn 0.0363 -0.9989 0.0302
vn 0.4112 -0.9111 0.0278
vn 0.3685 -0.8529 0.3697
vn 0.0266 -0.9137 0.4055
vn 0.9110 -0.4114 0.0287
vn 0.8525 -0.3688 0.3705
vn 0.9988 -0.0365 0.0320
vn 0.9129 -0.0273 0.4072
vn 0.4043 -0.0271 0.9142
vn 0.3678 -0.3689 0.8536
vn 0.0286 -0.0303 0.9991
vn 0.0257 -0.4057 0.9136
vn 0.0303 0.9991 0.0304
vn 0.0265 0.9137 0.4055
vn 0.3683 0.8531 0.3696
vn 0.4054 0.9137 0.0279
vn 0.0257 0.4059 0.9136
vn 0.3677 0.3690 0.8536
vn 0.0286 0.0302 0.9991
vn 0.4043 0.0271 0.9142
vn 0.9130 0.0271 0.4071
vn 0.8525 0.3689 0.3704
vn 0.9990 0.0303 0.0320
vn 0.9135 0.4059 0.0287
vn 0.0411 -0.0394 -0.9984
vn 0.4119 -0.0179 -0.9111
vn 0.3666 -0.3655 -0.8556
vn 0.0195 -0.4103 -0.9117
vn 0.9124 -0.0181 -0.4089
vn 0.8567 -0.3655 -0.3639
vn 0.9985 -0.0396 -0.0379
vn 0.9118 -0.4104 -0.0166
vn 0.4104 -0.9117 -0.0175
vn 0.3658 -0.8562 -0.3648
vn 0.0394 -0.9984 -0.0393
vn 0.0188 -0.9118 -0.4101
vn 0.0374 0.0366 -0.9986
vn 0.0256 0.4120 -0.9108
vn 0.3706 0.3690 -0.8523
vn 0.4129 0.0273 -0.9104
vn 0.0246 0.9113 -0.4109
vn 0.3698 0.8529 -0.3685
vn 0.0294 0.9989 -0.0363
vn 0.4056 0.9137 -0.0266
vn 0.9135 0.4059 -0.0258
vn 0.8535 0.3690 -0.3679
vn 0.9989 0.0304 -0.0350
vn 0.9118 0.0270 -0.4096
vn 0.9977 0.0620 0.0273
vn 0.9043 0.4268 0.0002
vn 0.8855 0.3715 0.2791
vn 0.9521 0.0311 0.3043
vn 0.4113 0.9115 0.0069
vn 0.3826 0.8592 0.3397
vn 0.0411 0.9985 0.0369
vn 0.0248 0.9139 0.4052
vn 0.0214 0.4107 0.9115
vn 0.4273 0.3904 0.8155
vn 0.0593 0.0436 0.9973
vn 0.5239 0.0348 0.8511
vn 0.9941 0.0985 0.0453
vn 0.9677 0.1060 -0.2289
vn 0.8692 0.4550 -0.1936
vn 0.8784 0.4744 0.0584
vn 0.8403 0.0934 -0.5341
vn 0.4386 0.4273 -0.7906
vn 0.0426 0.0346 -0.9985
vn 0.0344 0.4103 -0.9113
vn 0.0786 0.0371 -0.9962
vn 0.0341 0.9164 -0.3988
vn 0.3856 0.8707 -0.3054
vn 0.0393 0.9989 -0.0268
vn 0.3988 0.9170 0.0078
vn -0.9939 0.1021 -0.0428
vn -0.9682 0.1103 0.2246
vn -0.8691 0.4600 0.1820
vn -0.8762 0.4779 -0.0633
vn -0.8480 0.0988 0.5207
vn -0.4427 0.4312 0.7862
vn -0.0435 0.0349 0.9984
vn -0.0349 0.4107 0.9111
vn -0.0801 0.0375 0.9961
vn -0.0345 0.9166 0.3984
vn -0.3865 0.8717 0.3014
vn -0.0395 0.9989 0.0266
vn -0.3984 0.9172 -0.0098
vn -0.9977 0.0630 -0.0256
vn -0.9037 0.4281 -0.0011
vn -0.8841 0.3710 -0.2841
vn -0.9509 0.0301 -0.3081
vn -0.4114 0.9114 -0.0074
vn -0.3816 0.8591 -0.3410
vn -0.0413 0.9985 -0.0370
vn -0.0247 0.9139 -0.4053
vn -0.0216 0.4109 -0.9114
vn -0.4242 0.3887 -0.8179
vn -0.0579 0.0433 -0.9974
vn -0.5175 0.0336 -0.8550
vn 0.0803 0.9952 0.0566
vn 0.3557 0.9316 0.0744
vn 0.2990 0.8320 0.4673
vn 0.0646 0.9364 0.3449
vn 0.1389 0.3140 0.9392
vn 0.0542 0.4446 0.8941
vn 0.0071 0.0182 0.9998
vn 0.0027 0.0291 0.9996
vn 0.7038 0.7046 0.0904
vn 0.5962 0.5980 0.5356
vn 0.2193 0.2212 0.9503
vn 0.0111 0.0128 0.9999
vn 0.9326 0.3538 0.0716
vn 0.8296 0.2992 0.4713
vn 0.3108 0.1403 0.9401
vn 0.0164 0.0088 0.9998
vn 0.9958 0.0814 0.0414
vn 0.9395 0.0613 0.3370
vn 0.4538 0.0553 0.8894
vn 0.0288 0.0044 0.9996
vn 0.9964 0.0845 0.0039
vn 0.9320 0.3614 -0.0282
vn 0.8503 0.3038 -0.4298
vn 0.9514 0.0625 -0.3016
vn 0.3140 0.1398 -0.9391
vn 0.4349 0.0549 -0.8988
vn 0.0198 0.0089 -0.9998
vn 0.0295 0.0043 -0.9996
vn 0.7068 0.7066 -0.0336
vn 0.6183 0.6179 -0.4857
vn 0.2231 0.2218 -0.9492
vn 0.0146 0.0131 -0.9998
vn 0.3614 0.9320 -0.0287
vn 0.3046 0.8509 -0.4281
vn 0.1416 0.3142 -0.9387
vn 0.0105 0.0183 -0.9998
vn 0.0845 0.9962 -0.0198
vn 0.0628 0.9466 -0.3162
vn 0.0564 0.4404 -0.8960
vn 0.0061 0.0289 -0.9996
vn -0.9966 0.0803 0.0164
vn -0.9322 0.3528 0.0801
vn -0.8280 0.2972 0.4754
vn -0.9452 0.0639 0.3201
vn -0.3137 0.1402 0.9391
vn -0.4383 0.0557 0.8971
vn -0.0196 0.0088 0.9998
vn -0.0297 0.0044 0.9995
vn -0.7040 0.7018 0.1089
vn -0.5907 0.5883 0.5523
vn -0.2223 0.2209 0.9496
vn -0.0145 0.0128 0.9998
vn -0.3533 0.9304 0.0979
vn -0.2989 0.8201 0.4879
vn -0.1420 0.3137 0.9388
vn -0.0105 0.0181 0.9998
vn -0.0782 0.9948 0.0652
vn -0.0680 0.9312 0.3581
vn -0.0572 0.4442 0.8941
vn -0.0061 0.0291 0.9996
vn -0.0845 0.9962 -0.0202
vn -0.3613 0.9320 -0.0300
vn -0.3029 0.8507 -0.4297
vn -0.0617 0.9466 -0.3165
vn -0.1383 0.3138 -0.9394
vn -0.0533 0.4405 -0.8962
vn -0.0071 0.0183 -0.9998
vn -0.0027 0.0291 -0.9996
vn -0.7065 0.7068 -0.0358
vn -0.6167 0.6177 -0.4880
vn -0.2195 0.2213 -0.9502
vn -0.0111 0.0128 -0.9999
vn -0.9319 0.3614 -0.0310
vn -0.8489 0.3038 -0.4325
vn -0.3106 0.1397 -0.9402
vn -0.0164 0.0087 -0.9998
vn -0.9961 0.0845 -0.0268
vn -0.9424 0.0623 -0.3285
vn -0.4496 0.0546 -0.8915
vn -0.0289 0.0044 -0.9996
vn 1.0000 -0.0000 0.0017
vn -0.0017 -0.0000 1.0000
vn 0.0017 -0.0000 -1.0000
vn -0.0000 -1.0000 -0.0000
vn -1.0000 -0.0000 -0.0017
vn 0.0029 0.8992 0.4375
vn -0.0043 0.8992 0.4375
vn -0.0044 0.8946 0.4468
vn 0.0029 0.8946 0.4469
vn 0.8905 0.0027 0.4549
vn 0.7195 0.4143 0.5574
vn 0.7151 0.4113 0.5652
vn 0.8857 0.0028 0.4643
vn 0.0005 -0.8320 0.5548
vn 0.2703 -0.6530 0.7075
vn 0.2676 -0.6465 0.7145
vn 0.0004 -0.8245 0.5659
vn 0.9988 -0.0028 0.0489
vn 0.9988 0.0028 0.0490
vn 1.0000 0.0023 0.0017
vn 1.0000 -0.0023 0.0015
vn 0.9499 0.3087 0.0483
vn 0.8081 0.5871 0.0487
vn 0.8090 0.5878 0.0013
vn 0.9511 0.3090 0.0015
vn -0.9988 0.0028 0.0483
vn -0.9988 -0.0028 0.0483
vn -1.0000 -0.0023 -0.0017
vn -1.0000 0.0023 -0.0016
vn -0.0024 0.9989 0.0472
vn -0.3088 0.9500 0.0468
vn -0.3090 0.9510 -0.0005
vn -0.0018 1.0000 -0.0000
vn 0.8081 -0.5871 0.0487
vn 0.9496 -0.3097 0.0484
vn 0.9510 -0.3090 0.0015
vn 0.8090 -0.5878 0.0013
vn 0.3086 -0.9500 0.0479
vn 0.5862 -0.8087 0.0488
vn 0.5878 -0.8090 0.0009
vn 0.3090 -0.9511 0.0005
vn 0.0022 -0.9989 0.0473
vn 0.0018 -1.0000 -0.0000
vn 0.5870 0.8081 0.0490
vn 0.3085 0.9500 0.0479
vn 0.3090 0.9511 0.0005
vn 0.5877 0.8090 0.0009
vn -0.5872 0.8081 0.0463
vn -0.8084 0.5871 0.0430
vn -0.8090 0.5878 -0.0016
vn -0.5878 0.8090 -0.0009
vn -0.0014 -0.0000 1.0000
vn -0.0031 -0.0000 1.0000
vn -0.0024 0.0002 1.0000
vn -0.8083 -0.5871 0.0440
vn -0.5872 -0.8081 0.0463
vn -0.5878 -0.8090 -0.0009
vn -0.8090 -0.5878 -0.0013
vn 0.0023 0.9989 0.0472
vn 0.0018 1.0000 -0.0000
vn -0.3088 -0.9500 0.0467
vn -0.3090 -0.9510 -0.0005
vn -0.0024 -0.9989 0.0472
vn -0.0018 -1.0000 -0.0000
vn -0.0016 -0.0000 1.0000
vn 0.0070 -0.0266 0.9996
vn -0.0016 -0.0367 0.9993
vn -0.9500 -0.3088 0.0454
vn -0.9510 -0.3090 -0.0015
vn -0.9501 0.3088 0.0439
vn -0.9511 0.3090 -0.0015
vn -0.0024 -0.0002 1.0000
vn -0.0032 -0.0000 1.0000
vn 0.2688 0.9060 0.3270
vn 0.2289 0.9735 0.0009
vn 0.5512 0.8344 0.0014
vn 0.5392 0.7620 0.3587
vn 0.7520 0.5289 0.3933
vn 0.8437 0.5367 0.0019
vn 0.9753 0.2209 0.0021
vn 0.8694 0.2544 0.4236
vn 0.8774 -0.2434 0.4134
vn 0.9840 -0.1783 0.0022
vn 0.8900 -0.4560 0.0020
vn 0.7704 -0.5109 0.3814
vn -0.7555 -0.5297 0.3855
vn -0.8312 -0.5541 -0.0454
vn -0.9125 -0.4086 -0.0191
vn -0.8729 -0.2684 0.4075
vn -0.2696 -0.9098 0.3157
vn -0.2256 -0.9739 -0.0266
vn -0.5400 -0.8404 -0.0463
vn -0.5447 -0.7614 0.3516
vn -0.0016 0.0001 1.0000
vn -0.0017 0.0001 1.0000
vn -0.0017 -0.0366 0.9993
vn -0.0104 -0.0265 0.9996
vn -0.9999 0.0141 -0.0003
vn -0.9015 0.0009 0.4328
vn -0.2634 0.9068 0.3290
vn -0.2269 0.9739 0.0001
vn -0.0001 1.0000 0.0005
vn -0.0015 0.9558 0.2939
vn 0.8995 -0.0010 0.4369
vn 1.0000 0.0003 0.0022
vn -0.0195 -0.0133 0.9997
vn -0.0228 -0.0073 0.9997
vn 0.0011 0.9558 0.2939
vn 0.0015 1.0000 0.0005
vn -0.5351 0.7605 0.3678
vn -0.5493 0.8356 -0.0004
vn -0.9049 -0.0069 0.4257
vn -0.9996 -0.0271 -0.0012
vn -0.9810 0.1942 -0.0012
vn -0.8723 0.2395 0.4264
vn 1.0000 0.0018 0.0022
vn 0.8994 0.0020 0.4371
vn 0.6334 -0.7738 0.0015
vn 0.5629 -0.7516 0.3440
vn -0.0015 -0.0001 1.0000
vn -0.0015 -0.0000 1.0000
vn 0.0274 -0.0001 0.9996
vn 0.0218 -0.0077 0.9997
vn 0.0010 -0.9586 0.2846
vn 0.0012 -1.0000 0.0005
vn -0.0000 -1.0000 -0.0068
vn -0.0016 -0.9586 0.2846
vn -0.0019 0.0001 1.0000
vn -0.0294 0.0001 0.9996
vn -0.0253 0.0077 0.9996
vn 0.2790 -0.9603 0.0010
vn 0.2851 -0.9064 0.3118
vn 0.0126 0.0196 0.9997
vn 0.0172 0.0137 0.9998
vn -0.0016 -0.0001 1.0000
vn 0.0172 -0.0138 0.9998
vn 0.0126 -0.0197 0.9997
vn -0.0018 0.0368 0.9993
vn -0.0016 0.0367 0.9993
vn -0.7519 0.5225 0.4019
vn -0.8430 0.5380 -0.0009
vn 0.0070 0.0265 0.9996
vn -0.0292 -0.0009 0.9996
vn -0.0160 -0.0196 0.9997
vn -0.0206 0.0138 0.9997
vn 0.0274 0.0001 0.9996
vn -0.0104 0.0267 0.9996
vn 0.0217 0.0076 0.9997
vn -0.0160 0.0197 0.9997
vn 0.0004 0.8319 0.5549
vn -0.0023 0.8319 0.5549
vn -0.0023 0.8245 0.5659
vn 0.0004 0.8245 0.5659
vn -0.6930 -0.0016 0.7210
vn -0.5922 -0.2438 0.7680
vn -0.5864 -0.2414 0.7732
vn -0.6862 -0.0016 0.7274
vn 0.6903 -0.0015 0.7236
vn 0.6902 0.0015 0.7237
vn 0.6837 0.0015 0.7297
vn 0.6838 -0.0015 0.7297
vn 0.5897 -0.2439 0.7699
vn 0.5838 -0.2414 0.7752
vn -0.4574 -0.4544 0.7644
vn -0.2727 -0.6529 0.7066
vn -0.2700 -0.6465 0.7136
vn -0.4529 -0.4498 0.7698
vn -0.2727 0.6529 0.7066
vn -0.4573 0.4544 0.7645
vn -0.4529 0.4498 0.7698
vn -0.2700 0.6465 0.7135
vn -0.5922 0.2438 0.7680
vn -0.6930 0.0016 0.7210
vn -0.6862 0.0015 0.7274
vn -0.5864 0.2414 0.7732
vn 0.5896 0.2438 0.7700
vn 0.4548 0.4544 0.7660
vn 0.4503 0.4498 0.7713
vn 0.5838 0.2414 0.7752
vn 0.2703 0.6530 0.7075
vn 0.2676 0.6465 0.7145
vn -0.0023 -0.8319 0.5549
vn -0.0023 -0.8245 0.5659
vn 0.4549 -0.4545 0.7658
vn 0.4503 -0.4498 0.7713
vn 0.0541 -0.1429 0.9883
vn -0.0015 -0.1654 0.9862
vn -0.0013 -0.3053 0.9522
vn 0.1054 -0.2641 0.9587
vn -0.0007 -0.5614 0.8275
vn 0.1826 -0.4486 0.8749
vn -0.4725 -0.0008 0.8813
vn -0.4725 0.0008 0.8813
vn -0.2723 -0.0004 0.9622
vn -0.2723 0.0004 0.9622
vn -0.1542 -0.0002 0.9880
vn -0.1542 0.0002 0.9880
vn -0.1380 0.0546 0.9889
vn -0.2491 0.1005 0.9633
vn -0.4117 0.1682 0.8957
vn -0.0585 0.1426 0.9880
vn -0.0018 0.1654 0.9862
vn -0.0019 0.3054 0.9522
vn -0.1087 0.2642 0.9583
vn -0.0020 0.5614 0.8275
vn -0.1856 0.4486 0.8743
vn 0.1508 0.0002 0.9886
vn 0.1508 -0.0002 0.9886
vn 0.2691 -0.0004 0.9631
vn 0.2691 0.0004 0.9631
vn 0.4695 -0.0008 0.8829
vn 0.4696 0.0008 0.8829
vn 0.4087 0.1682 0.8970
vn 0.2458 0.1005 0.9641
vn 0.1340 0.0549 0.9895
vn 0.3151 0.3161 0.8949
vn 0.1900 0.1915 0.9629
vn 0.1020 0.1048 0.9893
vn -0.0018 -0.1654 0.9862
vn -0.0584 -0.1427 0.9880
vn -0.1087 -0.2642 0.9583
vn -0.0019 -0.3057 0.9521
vn -0.1856 -0.4486 0.8743
vn -0.0020 -0.5614 0.8275
vn -0.0007 0.5615 0.8275
vn 0.1827 0.4486 0.8749
vn -0.0013 0.3054 0.9522
vn 0.1054 0.2642 0.9587
vn -0.0015 0.1654 0.9862
vn 0.0550 0.1424 0.9883
vn 0.1340 -0.0548 0.9895
vn 0.1025 -0.1046 0.9892
vn 0.1900 -0.1915 0.9629
vn 0.2458 -0.1005 0.9641
vn 0.3151 -0.3161 0.8949
vn 0.4087 -0.1682 0.8970
vn -0.1059 0.1053 0.9888
vn -0.1932 0.1915 0.9623
vn -0.3181 0.3161 0.8938
vn -0.1374 -0.0554 0.9890
vn -0.2491 -0.1005 0.9633
vn -0.4117 -0.1682 0.8957
vn -0.3181 -0.3161 0.8938
vn -0.1932 -0.1915 0.9623
vn -0.1059 -0.1053 0.9888
vn -0.7212 -0.4141 0.5553
vn -0.4194 -0.7215 0.5510
vn -0.4170 -0.7170 0.5587
vn -0.7170 -0.4113 0.5628
vn -0.8920 -0.0026 0.4520
vn -0.8873 -0.0028 0.4612
vn -0.0043 -0.8993 0.4374
vn 0.0028 -0.8993 0.4374
vn 0.0029 -0.8946 0.4469
vn -0.0044 -0.8946 0.4469
vn -0.7212 0.4140 0.5554
vn -0.8920 0.0027 0.4520
vn -0.8873 0.0028 0.4613
vn -0.7170 0.4113 0.5628
vn 0.4175 -0.7214 0.5525
vn 0.4151 -0.7169 0.5601
vn 0.7194 -0.4140 0.5577
vn 0.8905 -0.0028 0.4549
vn 0.8856 -0.0028 0.4643
vn 0.7151 -0.4113 0.5652
vn -0.4194 0.7214 0.5511
vn -0.4170 0.7169 0.5587
vn 0.4177 0.7216 0.5521
vn 0.4151 0.7170 0.5601
vn 0.1542 -0.0003 0.9880
vn 0.1278 -0.0710 0.9893
vn 0.2436 -0.1366 0.9602
vn 0.2885 -0.0006 0.9575
vn 0.4160 -0.2358 0.8783
vn 0.5152 -0.0012 0.8571
vn 0.5698 -0.3253 0.7546
vn 0.7139 -0.0020 0.7002
vn -0.0013 -0.1569 0.9876
vn -0.0021 -0.1569 0.9876
vn -0.0024 -0.2927 0.9562
vn -0.0008 -0.2927 0.9562
vn -0.0031 -0.5225 0.8526
vn 0.0002 -0.5225 0.8526
vn -0.0043 -0.7235 0.6903
vn 0.0013 -0.7236 0.6902
vn -0.1307 0.0715 0.9888
vn -0.0743 0.1289 0.9889
vn -0.1410 0.2448 0.9593
vn -0.2471 0.1369 0.9593
vn -0.2416 0.4169 0.8763
vn -0.4189 0.2357 0.8769
vn -0.3323 0.5707 0.7509
vn -0.5723 0.3253 0.7527
vn -0.0013 0.1568 0.9876
vn 0.0707 0.1289 0.9891
vn 0.1380 0.2457 0.9595
vn -0.0008 0.2926 0.9562
vn 0.2387 0.4169 0.8771
vn 0.0002 0.5225 0.8526
vn 0.3298 0.5707 0.7520
vn 0.0017 0.7236 0.6902
vn 0.0717 -0.1282 0.9891
vn 0.1377 -0.2449 0.9597
vn 0.2387 -0.4169 0.8771
vn 0.3298 -0.5707 0.7520
vn -0.0040 0.7235 0.6903
vn -0.0031 0.5225 0.8526
vn -0.0024 0.2926 0.9562
vn -0.0021 0.1569 0.9876
vn -0.0742 -0.1289 0.9889
vn -0.1410 -0.2448 0.9593
vn -0.2416 -0.4169 0.8763
vn -0.3323 -0.5707 0.7509
vn -0.7163 -0.0018 0.6978
vn -0.7163 0.0021 0.6978
vn -0.5181 -0.0012 0.8553
vn -0.5181 0.0012 0.8553
vn -0.2918 -0.0006 0.9565
vn -0.2918 0.0006 0.9565
vn -0.1576 -0.0003 0.9875
vn -0.1576 0.0003 0.9875
vn -0.1312 -0.0710 0.9888
vn -0.2469 -0.1367 0.9594
vn -0.4189 -0.2358 0.8769
vn -0.5724 -0.3253 0.7527
vn 0.1542 0.0003 0.9880
vn 0.2885 0.0006 0.9575
vn 0.5152 0.0012 0.8571
vn 0.7140 0.0017 0.7002
vn 0.5698 0.3253 0.7546
vn 0.4160 0.2358 0.8783
vn 0.2438 0.1367 0.9601
vn 0.1277 0.0712 0.9893
vn 0.5113 -0.2960 0.8068
vn 0.6356 -0.0016 0.7721
vn 0.2934 -0.1701 0.9407
vn 0.3530 -0.0010 0.9356
vn -0.0014 -0.0001 1.0000
vn -0.0007 -0.0000 1.0000
vn -0.0035 -0.6540 0.7565
vn 0.0010 -0.6540 0.7565
vn -0.0029 -0.3767 0.9263
vn -0.0002 -0.3768 0.9263
vn -0.0018 -0.0009 1.0000
vn -0.0015 -0.0009 1.0000
vn -0.2987 0.5157 0.8030
vn -0.5147 0.2961 0.8046
vn -0.1726 0.2963 0.9394
vn -0.2967 0.1705 0.9396
vn -0.0021 0.0002 1.0000
vn 0.3049 0.5255 0.7943
vn 0.0010 0.6539 0.7566
vn 0.1787 0.3058 0.9352
vn -0.0003 0.3767 0.9263
vn -0.0013 0.0007 1.0000
vn -0.0016 0.0009 1.0000
vn 0.2961 -0.5158 0.8039
vn 0.1694 -0.2962 0.9400
vn -0.0016 -0.0003 1.0000
vn -0.0017 0.0009 1.0000
vn -0.0029 0.3767 0.9263
vn -0.0036 0.6539 0.7565
vn -0.2987 -0.5158 0.8030
vn -0.1726 -0.2961 0.9394
vn -0.0019 -0.0003 1.0000
vn -0.0027 0.0002 1.0000
vn -0.0026 -0.0000 1.0000
vn -0.3747 -0.0010 0.9272
vn -0.3746 0.0010 0.9272
vn -0.6476 -0.0017 0.7620
vn -0.6476 0.0017 0.7620
vn -0.5147 -0.2962 0.8046
vn -0.2967 -0.1705 0.9396
vn -0.0018 -0.0000 1.0000
vn 0.6355 0.0016 0.7721
vn 0.3529 0.0009 0.9357
vn 0.3000 0.1778 0.9372
vn 0.5181 0.3031 0.7998
vn 0.3153 -0.3155 0.8950
vn 0.4069 -0.1698 0.8976
vn 0.1844 -0.1836 0.9656
vn 0.2369 -0.1000 0.9664
vn -0.0017 -0.0001 1.0000
vn -0.1819 0.4423 0.8782
vn -0.3126 0.3129 0.8969
vn -0.1040 0.2511 0.9624
vn -0.1818 0.1814 0.9665
vn -0.2367 0.0975 0.9667
vn -0.4056 0.1672 0.8986
vn -0.1040 -0.2510 0.9624
vn -0.1818 -0.1814 0.9665
vn -0.1820 -0.4423 0.8782
vn -0.3126 -0.3129 0.8969
vn 0.2611 -0.0005 0.9653
vn 0.4560 -0.0007 0.8900
vn -0.0007 -0.5556 0.8315
vn 0.1778 -0.4431 0.8786
vn -0.0012 -0.3087 0.9512
vn 0.1000 -0.2526 0.9624
vn -0.0017 -0.0002 1.0000
vn -0.0021 0.5556 0.8314
vn -0.0020 0.3087 0.9512
vn -0.0017 0.0003 1.0000
vn 0.1785 0.1813 0.9671
vn 0.2331 0.0957 0.9677
vn 0.3095 0.3128 0.8980
vn 0.4028 0.1658 0.9001
vn -0.0021 -0.5555 0.8315
vn -0.0020 -0.3086 0.9512
vn -0.4700 -0.0008 0.8827
vn -0.4057 -0.1672 0.8986
vn -0.2734 -0.0005 0.9619
vn -0.2367 -0.0975 0.9667
vn 0.1007 0.2510 0.9627
vn 0.1790 0.4425 0.8787
vn -0.0007 0.5557 0.8314
vn -0.0012 0.3088 0.9511
vn -0.2734 0.0005 0.9619
vn -0.4700 0.0008 0.8827
vn 0.4561 0.0008 0.8899
vn 0.2610 0.0005 0.9653
vn -0.0017 -0.0016 1.0000
vn -0.0014 -0.0007 1.0000
vn 0.0776 -0.2440 0.9667
vn -0.0011 -0.2587 0.9660
vn 0.0001 -0.7071 0.7071
vn 0.2160 -0.6686 0.7116
vn 0.2659 -0.8204 0.5061
vn 0.0007 -0.8660 0.5000
vn -0.4738 -0.1562 0.8667
vn -0.4804 -0.0011 0.8771
vn -0.8226 -0.2689 0.5010
vn -0.6880 -0.0015 0.7257
vn -0.9625 -0.0022 0.2713
vn -0.0024 -0.8660 0.5000
vn -0.0025 -0.7072 0.7070
vn -0.0021 -0.2587 0.9660
vn 0.0025 -0.0000 1.0000
vn -0.0009 0.0002 1.0000
vn 0.2448 0.0808 0.9662
vn 0.2571 0.0006 0.9664
vn 0.7058 0.0016 0.7084
vn 0.6716 0.2195 0.7076
vn 0.8223 0.2681 0.5019
vn 0.8651 0.0020 0.5016
vn 0.8651 -0.0020 0.5016
vn 0.7058 -0.0016 0.7085
vn 0.2571 -0.0006 0.9664
vn 0.6977 0.5067 0.5065
vn 0.5042 0.6960 0.5112
vn 0.3988 0.2896 0.8701
vn 0.2856 0.3962 0.8726
vn -0.0011 0.0004 1.0000
vn -0.0012 0.0006 1.0000
vn -0.5078 0.6986 0.5042
vn -0.7110 0.5137 0.4802
vn -0.4138 0.5687 0.7109
vn -0.5904 0.4247 0.6863
vn -0.2238 0.1585 0.9617
vn -0.1516 0.2072 0.9665
vn -0.0022 0.0006 1.0000
vn -0.0023 0.0005 1.0000
vn -0.9625 0.0022 0.2712
vn -0.6882 0.0015 0.7256
vn -0.4805 0.0011 0.8770
vn -0.4850 0.1600 0.8598
vn -0.8291 0.2711 0.4890
vn -0.0017 0.0016 1.0000
vn -0.0018 0.0007 1.0000
vn -0.0810 0.2441 0.9664
vn -0.0021 0.2587 0.9660
vn -0.0025 0.7071 0.7071
vn -0.2182 0.6682 0.7112
vn -0.2676 0.8206 0.5050
vn -0.0024 0.8660 0.5000
vn 0.0007 0.8660 0.5000
vn 0.0001 0.7071 0.7071
vn -0.0011 0.2587 0.9660
vn -0.0014 0.0007 1.0000
vn 0.0774 0.2433 0.9668
vn 0.2157 0.6678 0.7124
vn 0.2659 0.8205 0.5061
vn 0.1299 -0.4042 0.9054
vn -0.0005 -0.5192 0.8546
vn 0.2229 -0.6895 0.6891
vn 0.0005 -0.8018 0.5975
vn -0.3698 -0.1282 0.9202
vn -0.4027 -0.0015 0.9153
vn -0.6374 -0.2216 0.7380
vn -0.6833 -0.0025 0.7302
vn -0.0025 -0.8019 0.5975
vn -0.0024 -0.5193 0.8546
vn 0.3544 0.1157 0.9279
vn 0.4167 0.0010 0.9090
vn 0.6236 0.2030 0.7549
vn 0.6903 0.0016 0.7235
vn 0.6904 -0.0015 0.7234
vn 0.4168 -0.0010 0.9090
vn 0.5259 0.3830 0.7595
vn 0.3934 0.5431 0.7418
vn 0.2913 0.2127 0.9327
vn 0.2188 0.3030 0.9275
vn -0.3936 0.5402 0.7438
vn -0.5236 0.3797 0.7627
vn -0.2186 0.2987 0.9290
vn -0.2880 0.2083 0.9347
vn -0.6831 0.0010 0.7303
vn -0.4025 0.0006 0.9154
vn -0.3473 0.1127 0.9310
vn -0.6190 0.2010 0.7592
vn -0.1295 0.3934 0.9102
vn -0.0024 0.5032 0.8642
vn -0.2226 0.6813 0.6973
vn -0.0025 0.7901 0.6130
vn 0.0004 0.7900 0.6131
vn -0.0005 0.5031 0.8642
vn 0.1274 0.3959 0.9094
vn 0.2205 0.6816 0.6978
vn -0.4068 -0.5580 0.7233
vn -0.2273 -0.6967 0.6804
vn -0.2344 -0.3198 0.9181
vn -0.1364 -0.4139 0.9000
vn -0.0013 -0.0006 1.0000
vn 0.2859 -0.3965 0.8724
vn 0.5045 -0.6962 0.5106
vn 0.2221 -0.3077 0.9252
vn 0.3969 -0.5480 0.7364
vn -0.5078 -0.6984 0.5043
vn -0.2674 -0.8206 0.5050
vn -0.4140 -0.5681 0.7112
vn -0.2183 -0.6681 0.7113
vn -0.0809 -0.2437 0.9665
vn -0.1516 -0.2073 0.9665
vn -0.0022 -0.0007 1.0000
vn -0.0020 -0.0007 1.0000
vn 0.8220 -0.2679 0.5025
vn 0.6710 -0.2192 0.7083
vn 0.2437 -0.0820 0.9664
vn -0.0009 -0.0002 1.0000
vn 0.6976 -0.5067 0.5065
vn 0.3986 -0.2897 0.8702
vn -0.0011 -0.0004 1.0000
vn 0.6283 -0.2047 0.7506
vn 0.3579 -0.1169 0.9264
vn 0.5299 -0.3860 0.7552
vn 0.2947 -0.2153 0.9310
vn -0.7071 -0.5114 0.4884
vn -0.5838 -0.4207 0.6944
vn -0.2188 -0.1556 0.9633
vn -0.0023 -0.0004 1.0000
vn -0.5391 -0.4056 0.7381
vn -0.3096 -0.2315 0.9222
vn -0.0017 0.0027 1.0000
vn -0.0017 0.0023 1.0000
vn -0.0017 0.3827 0.9239
vn -0.0021 0.0008 1.0000
vn -0.0024 0.7068 0.7074
vn -0.5245 0.5030 0.6869
vn -0.9433 0.2355 0.2340
vn -0.9433 0.2354 0.2339
vn -0.0016 0.3826 0.9239
vn -0.0012 0.7067 0.7075
vn -0.0006 0.9237 0.3831
vn -0.0006 0.9239 0.3826
vn -0.0000 1.0000 0.0013
vn 0.0002 0.9952 -0.0980
vn 0.0006 0.9238 -0.3828
vn 0.0006 0.9239 -0.3828
vn 0.0012 0.7070 -0.7072
vn 0.0017 0.3824 -0.9240
vn 0.0016 0.3828 -0.9238
vn 0.0017 0.0981 -0.9952
vn -0.0000 1.0000 -0.0000
vn 0.0020 1.0000 -0.0008
vn 0.0023 1.0000 -0.0000
vn -0.1140 0.9546 0.2753
vn -0.1081 0.9029 0.4159
vn 0.1111 0.9024 0.4163
vn 0.1177 0.9540 0.2757
vn -0.0451 0.3926 -0.9186
vn -0.0832 0.7094 -0.6998
vn 0.0890 0.7090 -0.6995
vn 0.0501 0.3924 -0.9184
vn -0.0856 0.7094 0.6995
vn 0.0867 0.7090 0.6998
vn 0.0006 1.0000 -0.0010
vn 0.0012 1.0000 -0.0011
vn 0.0004 1.0000 -0.0008
vn 0.0020 0.1595 -0.9872
vn 0.1426 0.3693 -0.9183
vn 0.2270 0.3248 -0.9181
vn 0.1396 0.3693 0.9188
vn -0.0014 0.1269 0.9919
vn 0.2238 0.3248 0.9189
vn 0.3238 0.8494 0.4167
vn 0.3426 0.8980 0.2761
vn 0.5177 0.7471 0.4170
vn 0.5476 0.7898 0.2764
vn 0.2562 0.6674 -0.6993
vn 0.2538 0.6674 0.7001
vn 0.3222 0.8413 -0.4341
vn 0.5142 0.7399 -0.4338
vn 0.4085 0.5870 -0.6990
vn 0.4061 0.5870 0.7004
vn 0.1115 0.8938 -0.4345
vn 0.1173 0.9423 -0.3136
vn 0.3394 0.8869 -0.3132
vn 0.6763 0.5956 -0.4335
vn 0.5371 0.4725 -0.6988
vn 0.2950 0.2614 0.9190
vn 0.5347 0.4724 0.7006
vn 0.5419 0.7801 -0.3129
vn 0.2981 0.2614 -0.9180
vn 0.6814 0.6013 0.4173
vn 0.7207 0.6357 0.2767
vn 0.3490 0.1828 0.9191
vn 0.3521 0.1828 -0.9179
vn 0.8055 0.4206 0.4175
vn 0.8518 0.4446 0.2769
vn 0.7992 0.4166 -0.4333
vn 0.6346 0.3305 -0.6986
vn 0.7128 0.6279 -0.3126
vn 0.6323 0.3305 0.7007
vn 0.8757 0.2134 -0.4332
vn 0.6953 0.1693 -0.6985
vn 0.8423 0.4392 -0.3124
vn 0.3846 0.1421 -0.9121
vn 0.3826 0.0937 0.9192
vn 0.9230 0.2249 -0.3123
vn 0.6923 0.1703 0.7012
vn 0.3934 0.0470 0.9182
vn 0.3952 0.1441 -0.9072
vn 0.1923 0.2266 -0.9548
vn 0.8811 0.2200 0.4187
vn 0.9333 0.2352 0.2714
vn 0.7098 0.0868 0.6991
vn 0.9071 0.1181 0.4039
vn 0.7131 0.0847 -0.6959
vn 0.9558 0.1287 0.2643
vn 0.8963 0.1065 -0.4306
vn 0.9440 0.1122 -0.3101
vn -0.1878 0.2278 -0.9554
vn -0.3915 0.1459 -0.9086
vn -0.3809 0.1439 -0.9134
vn -0.3963 0.0489 0.9168
vn -0.3852 0.0956 0.9179
vn -0.8943 0.1109 -0.4336
vn -0.9424 0.1169 -0.3133
vn -0.9208 0.2295 -0.3154
vn -0.8732 0.2177 -0.4361
vn -0.7117 0.0903 0.6967
vn -0.6938 0.1737 0.6989
vn -0.7104 0.0881 -0.6983
vn -0.6921 0.1727 -0.7009
vn -0.3512 0.1845 0.9179
vn -0.9560 0.1334 0.2611
vn -0.9079 0.1225 0.4009
vn -0.8814 0.2243 0.4157
vn -0.9330 0.2398 0.2682
vn -0.6330 0.3336 0.6986
vn -0.8048 0.4246 0.4148
vn -0.6306 0.3336 -0.7008
vn -0.3481 0.1845 -0.9191
vn -0.8505 0.4488 0.2741
vn -0.7957 0.4205 -0.4360
vn -0.8391 0.4433 -0.3152
vn -0.2937 0.2629 -0.9190
vn -0.2968 0.2629 0.9180
vn -0.7086 0.6314 -0.3150
vn -0.6719 0.5988 -0.4358
vn -0.5348 0.4751 0.6988
vn -0.5324 0.4750 -0.7006
vn -0.6799 0.6046 0.4150
vn -0.7184 0.6392 0.2743
vn -0.5090 0.7424 -0.4355
vn -0.4032 0.5890 -0.7004
vn -0.2222 0.3259 -0.9189
vn -0.5154 0.7496 0.4153
vn -0.5446 0.7925 0.2746
vn -0.2252 0.3260 0.9182
vn -0.4056 0.5890 0.6990
vn -0.5369 0.7827 -0.3147
vn -0.1377 0.3700 -0.9188
vn -0.1408 0.3700 0.9183
vn -0.3210 0.8510 0.4156
vn -0.3391 0.8997 0.2749
vn -0.2529 0.6686 0.6993
vn -0.3165 0.8429 -0.4352
vn -0.2505 0.6686 -0.7001
vn -0.1056 0.8943 -0.4349
vn -0.0483 0.3926 0.9184
vn -0.3340 0.8886 -0.3144
vn -0.1116 0.9428 -0.3140
vn 0.0471 0.3924 0.9186
vn -0.0293 0.0146 0.9995
vn -0.0318 0.0075 0.9995
vn 0.0126 -0.0291 -0.9995
vn 0.0054 -0.0309 -0.9995
vn -0.0053 0.0309 0.9995
vn -0.0126 0.0291 0.9995
vn -0.0160 -0.0255 -0.9995
vn -0.0216 -0.0205 -0.9996
vn 0.0325 -0.0037 -0.9995
vn 0.0318 -0.0075 -0.9995
vn 0.0215 0.0205 0.9996
vn 0.0160 0.0255 0.9995
vn 0.0388 0.9992 0.0010
vn 0.0388 0.9992 0.0014
vn 0.1228 0.9924 0.0040
vn 0.0192 -0.0256 -0.9995
vn -0.0325 0.0037 0.9995
vn -0.0192 0.0256 0.9995
vn -0.0094 -0.0289 -0.9995
vn 0.0094 0.0290 0.9995
vn -0.0284 -0.0073 -0.9996
vn -0.0292 -0.0036 -0.9996
vn 0.0019 1.0000 0.0009
vn 0.0012 1.0000 0.0011
vn 0.0005 1.0000 -0.0009
vn 0.0005 1.0000 -0.0008
vn 0.0003 1.0000 -0.0003
vn 0.0011 1.0000 0.0012
vn 0.0004 1.0000 0.0009
vn 0.0004 1.0000 0.0008
vn -0.9145 -0.0000 -0.4046
vn -0.7064 -0.0000 -0.7078
vn -0.7062 -0.0000 -0.7080
vn -0.9145 -0.0000 -0.4047
vn 0.0020 1.0000 0.0008
vn 0.0002 1.0000 0.0003
vn 0.0007 1.0000 0.0009
vn -0.0369 0.9993 0.0013
vn 0.0003 1.0000 0.0003
vn 0.0006 1.0000 0.0007
vn -0.0370 0.9993 0.0010
vn 0.0001 1.0000 -0.0002
vn 0.3808 -0.0001 0.9246
vn -0.0020 -0.0001 1.0000
vn 0.3812 -0.0001 0.9245
vn -0.4262 0.0001 -0.9046
vn -0.4261 -0.0002 -0.9047
vn -0.3845 -0.0000 0.9231
vn -0.3841 -0.0000 0.9233
vn 0.7085 -0.0000 -0.7057
vn 0.9158 -0.0000 -0.4017
vn 0.9158 -0.0000 -0.4016
vn 0.7087 -0.0000 -0.7055
vn 0.9146 -0.0000 0.4043
vn 0.7061 -0.0000 0.7081
vn 0.7063 -0.0000 0.7079
vn 0.9147 -0.0000 0.4042
vn 0.4289 -0.0001 -0.9034
vn 0.4292 -0.0001 -0.9032
vn 0.9943 -0.0000 0.1068
vn 0.0015 -0.0000 -1.0000
vn 0.1966 -0.0002 -0.9805
vn 0.1968 -0.0002 -0.9804
vn -0.1936 0.0002 -0.9811
vn -0.1934 0.0002 -0.9811
vn 0.9910 -0.0000 -0.1339
vn -0.7088 0.0001 0.7054
vn -0.7086 0.0001 0.7057
vn -0.9161 -0.0000 0.4010
vn -0.9946 -0.0000 0.1034
vn -0.9160 -0.0000 0.4012
vn 0.0019 1.0000 -0.0009
vn -0.9905 -0.0000 -0.1372
vn 0.0023 1.0000 -0.0004
vn 0.0024 1.0000 -0.0000
vn 0.0023 1.0000 0.0004
vn 0.3568 0.9337 -0.0305
vn 0.1230 0.9919 -0.0309
vn 0.5699 0.8212 -0.0301
vn 0.7498 0.6610 -0.0298
vn 0.8862 0.4623 -0.0296
vn 0.9715 0.2353 -0.0294
vn 0.9929 0.1150 -0.0291
vn -0.9702 0.2401 -0.0327
vn -0.9923 0.1199 -0.0325
vn -0.8838 0.4667 -0.0326
vn -0.7464 0.6647 -0.0323
vn -0.5657 0.8240 -0.0320
vn -0.3521 0.9354 -0.0317
vn -0.1180 0.9925 -0.0313
vn 0.0258 0.0143 0.9996
vn -0.0021 -0.0308 -0.9995
vn 0.0293 -0.0146 -0.9995
vn -0.0258 -0.0143 -0.9996
vn -0.0264 -0.0147 -0.9995
vn 0.0021 0.0309 0.9995
vn -0.0250 0.0207 0.9995
vn 0.0250 -0.0207 -0.9995
vn 0.0284 0.0073 0.9996
vn -0.1180 0.9930 0.0036
vn 0.0292 0.0036 0.9996
vn -0.4998 0.8661 -0.0009
vn -0.4997 0.8662 -0.0007
vn -0.5000 0.8660 -0.0008
vn -0.5001 0.8659 -0.0007
vn -0.5001 0.8660 -0.0007
vn -0.4997 0.8662 -0.0010
vn -0.5000 0.8660 -0.0007
vn -0.5001 0.8660 -0.0009
vn -0.5003 0.8659 -0.0011
vn -0.5001 0.8660 -0.0012
vn 0.4999 -0.8661 0.0009
vn 0.4999 -0.8661 0.0010
vn 0.5000 -0.8660 0.0010
vn -0.4998 0.8661 -0.0007
vn -0.5002 0.8659 -0.0009
vn 0.4991 -0.8666 0.0013
vn 0.4999 -0.8661 0.0008
vn 0.4995 -0.8663 0.0010
vn -0.4999 0.8661 -0.0009
vn -0.4994 0.8664 -0.0012
vn -0.4999 0.8661 -0.0011
vn -0.4999 0.8661 -0.0014
vn -0.5000 0.8660 -0.0010
vn -0.5001 0.8659 -0.0008
vn -0.5000 0.8660 -0.0006
vn -0.4997 0.8662 -0.0008
vn -0.4998 0.8662 -0.0009
vn -0.4315 -0.2500 -0.8668
vn -0.7491 -0.4330 -0.5013
vn -0.7492 -0.4330 -0.5012
vn -0.8660 -0.5000 -0.0015
vn -0.7509 -0.4330 0.4987
vn -0.7509 -0.4330 0.4986
vn -0.4344 -0.2500 0.8653
vn -0.4345 -0.2500 0.8653
vn 0.4314 0.2499 0.8668
vn 0.4315 0.2500 0.8668
vn 0.7491 0.4330 0.5013
vn 0.8660 0.5000 0.0015
vn 0.7508 0.4330 -0.4987
vn 0.4344 0.2500 -0.8653
vn -0.5001 0.8660 -0.0005
vn -0.5003 0.8659 -0.0005
vn 0.5001 -0.8660 0.0010
vn 0.5001 -0.8660 0.0009
vn -0.5002 0.8659 -0.0005
vn -0.5004 0.8658 -0.0006
vn -0.5001 0.8660 -0.0008
vn -0.5007 0.8656 -0.0006
vn -0.5004 0.8658 -0.0007
vn 0.4999 -0.8661 0.0016
vn -0.5004 0.8658 -0.0002
vn -0.4999 0.8661 -0.0010
vn -0.4994 0.8664 -0.0007
vn -0.4999 0.8661 -0.0008
vn 0.4314 0.2498 0.8669
vn 0.8660 0.5001 0.0017
vn 0.7510 0.4330 -0.4986
vn 0.7509 0.4330 -0.4986
vn 0.8661 0.4999 0.0010
vn -0.4999 0.8661 -0.0007
vn -0.7489 -0.4332 -0.5016
vn -0.8660 -0.5001 -0.0015
vn -0.8660 -0.5001 -0.0014
vn -0.7489 -0.4332 -0.5014
vn 0.4346 0.2500 -0.8652
vn 0.0020 -0.0001 -1.0000
vn 0.0020 -0.0002 -1.0000
vn -0.4344 -0.2499 0.8653
vn -0.4346 -0.2500 0.8652
vn -0.5002 0.8659 -0.0010
vn 0.7493 0.4330 0.5010
vn 0.7492 0.4330 0.5011
vn -0.4316 -0.2500 -0.8667
vn -0.4314 -0.2499 -0.8668
vn 0.0016 -0.0001 -1.0000
vn -0.7492 -0.4330 -0.5013
vn -0.7491 -0.4329 -0.5014
vn -0.8660 -0.5000 -0.0013
vn -0.7510 -0.4331 0.4985
vn -0.4344 -0.2499 0.8654
vn 0.4316 0.2500 0.8667
vn 0.4316 0.2500 0.8668
vn 0.7491 0.4329 0.5015
vn 0.8659 0.5001 0.0023
vn 0.8660 0.5000 0.0017
vn 0.7508 0.4330 -0.4988
vn 0.4345 0.2500 -0.8653
vn -0.5000 0.8661 -0.0008
vn -0.4998 0.8661 -0.0008
vn -0.5002 0.8659 -0.0012
vn -0.4998 0.8661 -0.0010
vn -0.7509 -0.4331 0.4986
vn -0.5000 0.8660 -0.0004
vn -0.5000 0.8660 -0.0003
vn -0.5007 0.8656 -0.0007
vn 0.4995 -0.8663 0.0007
vn 0.5010 -0.8655 0.0010
vn 0.5002 -0.8659 0.0008
vn 0.4996 -0.8663 0.0010
vn -0.5000 0.8660 -0.0009
vn -0.5000 0.8660 -0.0012
vn -0.5003 0.8659 -0.0007
vn -0.4316 -0.2500 -0.8668
vn 0.0018 -0.0000 -1.0000
vn 0.0018 0.0001 -1.0000
vn -0.7491 -0.4330 -0.5014
vn -0.7491 -0.4329 -0.5015
vn -0.8660 -0.5000 -0.0014
vn -0.4342 -0.2498 0.8655
vn -0.0015 0.0001 1.0000
vn 0.4314 0.2499 0.8669
vn 0.7492 0.4330 0.5012
vn 0.8660 0.5000 0.0014
vn 0.7510 0.4331 -0.4985
vn 0.7509 0.4331 -0.4986
vn 0.4346 0.2501 -0.8652
vn 0.7510 0.4331 -0.4984
vn 0.7509 0.4330 -0.4987
vn 0.8660 0.5000 0.0013
vn 0.7490 0.4329 0.5015
vn 0.4312 0.2498 0.8670
vn -0.0020 -0.0002 1.0000
vn -0.4348 -0.2502 0.8651
vn -0.7511 -0.4332 0.4982
vn -0.7511 -0.4331 0.4983
vn -0.7493 -0.4331 -0.5009
vn -0.4313 -0.2498 -0.8669
vn -0.4999 0.8661 -0.0005
vn 0.5000 -0.8660 0.0014
vn 0.5000 -0.8660 0.0009
vn -0.4993 0.8664 -0.0008
vn 0.4998 0.8661 0.0007
vn 0.4997 0.8662 0.0009
vn 0.5003 0.8659 0.0007
vn 0.5001 0.8660 0.0009
vn 0.5001 0.8660 0.0010
vn 0.4998 0.8662 0.0007
vn 0.5002 0.8659 0.0009
vn 0.5000 0.8660 0.0010
vn 0.5002 0.8659 0.0010
vn 0.5000 0.8660 0.0008
vn 0.5009 0.8655 -0.0001
vn -0.5002 -0.8659 -0.0007
vn -0.5004 -0.8658 -0.0006
vn -0.4999 -0.8661 -0.0009
vn -0.4995 -0.8663 -0.0007
vn -0.5002 -0.8659 -0.0005
vn -0.4999 -0.8661 -0.0010
vn 0.4999 0.8661 0.0008
vn 0.5001 0.8659 0.0008
vn 0.4994 0.8664 0.0006
vn 0.5004 0.8658 0.0008
vn 0.4998 0.8661 -0.0000
vn 0.5001 0.8659 0.0010
vn 0.5001 0.8660 0.0008
vn 0.5002 0.8659 0.0007
vn 0.5001 0.8660 0.0003
vn 0.4999 0.8661 0.0006
vn 0.4346 -0.2501 -0.8652
vn 0.7509 -0.4330 -0.4987
vn 0.8660 -0.5000 0.0019
vn 0.8660 -0.5001 0.0022
vn 0.7493 -0.4331 0.5011
vn 0.4318 -0.2501 0.8666
vn 0.4315 -0.2500 0.8668
vn -0.4344 0.2500 0.8653
vn -0.4345 0.2500 0.8653
vn -0.7508 0.4330 0.4988
vn -0.8660 0.5000 -0.0014
vn -0.7491 0.4330 -0.5013
vn -0.4316 0.2500 -0.8667
vn 0.5000 0.8660 0.0009
vn 0.4999 0.8661 0.0011
vn -0.5006 -0.8657 -0.0007
vn 0.5003 0.8658 0.0013
vn 0.5001 0.8659 0.0007
vn 0.5000 0.8661 0.0008
vn 0.5001 0.8660 0.0005
vn -0.4992 -0.8665 -0.0004
vn -0.5000 -0.8660 -0.0008
vn 0.4995 0.8663 0.0009
vn 0.4999 0.8661 0.0009
vn 0.5001 0.8660 0.0007
vn -0.4998 -0.8662 -0.0006
vn 0.4998 0.8661 0.0008
vn 0.5008 0.8656 0.0006
vn 0.5003 0.8658 0.0008
vn -0.4340 0.2499 0.8656
vn -0.8658 0.5004 -0.0017
vn -0.8659 0.5001 -0.0016
vn -0.7491 0.4333 -0.5012
vn -0.7490 0.4332 -0.5013
vn 0.4998 0.8662 0.0009
vn 0.7511 -0.4333 -0.4982
vn 0.7508 -0.4330 -0.4989
vn 0.8660 -0.5000 0.0011
vn -0.4315 0.2499 -0.8668
vn -0.4314 0.2499 -0.8669
vn 0.0015 -0.0001 -1.0000
vn 0.4314 -0.2499 0.8669
vn 0.4317 -0.2500 0.8667
vn 0.5000 0.8660 0.0007
vn -0.7507 0.4334 0.4986
vn -0.7509 0.4329 0.4987
vn 0.4345 -0.2503 -0.8652
vn 0.4345 -0.2502 -0.8652
vn 0.4345 -0.2500 -0.8653
vn 0.0015 0.0001 -1.0000
vn 0.7509 -0.4331 -0.4986
vn 0.7509 -0.4331 -0.4985
vn 0.8660 -0.5000 0.0014
vn 0.7493 -0.4331 0.5009
vn 0.7494 -0.4331 0.5009
vn 0.4316 -0.2500 0.8667
vn -0.4343 0.2499 0.8654
vn -0.8660 0.5000 -0.0015
vn -0.7490 0.4329 -0.5015
vn -0.7490 0.4329 -0.5016
vn -0.4315 0.2500 -0.8668
vn 0.4997 0.8662 0.0013
vn 0.4998 0.8661 0.0010
vn 0.7492 -0.4330 0.5012
vn 0.7492 -0.4332 0.5010
vn 0.5001 0.8660 0.0012
vn 0.4998 0.8661 0.0011
vn -0.4999 -0.8661 -0.0008
vn 0.5001 0.8660 0.0006
vn 0.4999 0.8661 0.0010
vn -0.4995 -0.8663 -0.0013
vn 0.4997 0.8662 0.0010
vn -0.5003 -0.8659 -0.0008
vn -0.5004 -0.8658 -0.0008
vn 0.4344 -0.2500 -0.8654
vn 0.0021 -0.0002 -1.0000
vn 0.4343 -0.2499 -0.8654
vn 0.7508 -0.4330 -0.4988
vn 0.8660 -0.5000 0.0015
vn 0.7492 -0.4331 0.5011
vn 0.4313 -0.2499 0.8669
vn -0.7510 0.4331 0.4985
vn -0.7509 0.4331 0.4986
vn -0.7491 0.4330 -0.5014
vn -0.7493 0.4331 -0.5011
vn 0.0014 0.0002 -1.0000
vn -0.4320 0.2502 -0.8665
vn -0.4322 0.2503 -0.8663
vn 0.0012 0.0003 -1.0000
vn -0.8660 0.5000 -0.0018
vn -0.8660 0.5000 -0.0013
vn -0.4349 0.2502 0.8650
vn -0.4346 0.2500 0.8652
vn 0.4321 -0.2503 0.8664
vn 0.7496 -0.4332 0.5004
vn 0.7491 -0.4330 0.5013
vn 0.8660 -0.5000 0.0017
vn 0.7510 -0.4331 -0.4984
vn 0.4345 -0.2501 -0.8653
vn 0.5002 0.8659 0.0008
vn 0.4997 0.8662 0.0008
vn 0.6396 -0.6403 0.4252
vn 0.8359 -0.3467 0.4256
vn 0.8511 -0.3529 0.3886
vn 0.6514 -0.6520 0.3880
vn 0.3459 -0.8368 0.4243
vn 0.6398 -0.6405 0.4248
vn 0.6513 -0.6520 0.3882
vn 0.3524 -0.8519 0.3875
vn -0.0005 0.9637 0.2671
vn -0.3692 0.8903 0.2665
vn -0.3745 0.9033 0.2094
vn -0.0004 0.9777 0.2100
vn 0.8898 -0.3689 0.2686
vn 0.9029 -0.3742 0.2117
vn 0.6910 -0.6913 0.2112
vn 0.6810 -0.6814 0.2682
vn -0.0019 0.0002 1.0000
vn -0.0018 0.0003 1.0000
vn -0.0016 0.0003 1.0000
vn -0.0015 0.0002 1.0000
vn -0.0014 0.0001 1.0000
vn -0.0020 0.0001 1.0000
vn -0.6819 0.6814 0.2660
vn -0.6917 0.6913 0.2089
vn 0.6811 0.6813 0.2681
vn 0.3682 0.8904 0.2677
vn 0.3738 0.9033 0.2107
vn 0.6910 0.6913 0.2112
vn 0.8360 0.3465 0.4256
vn 0.8514 0.3528 0.3882
vn 0.9215 -0.0000 0.3884
vn 0.9049 -0.0000 0.4257
vn -0.8908 0.3687 0.2656
vn -0.9641 -0.0000 0.2655
vn -0.9780 -0.0000 0.2085
vn -0.9036 0.3742 0.2086
vn 0.4456 0.1852 0.8759
vn 0.3406 0.3421 0.8757
vn 0.0261 0.0278 0.9993
vn 0.0345 0.0153 0.9993
vn 0.3684 -0.8903 0.2677
vn 0.3739 -0.9032 0.2106
vn -0.6819 -0.6814 0.2659
vn -0.6917 -0.6913 0.2089
vn -0.9036 -0.3742 0.2086
vn -0.8908 -0.3687 0.2656
vn 0.6396 0.6404 0.4252
vn 0.6515 0.6520 0.3879
vn 0.8361 -0.3466 0.4251
vn 0.9051 -0.0000 0.4252
vn 0.9214 -0.0000 0.3887
vn 0.8512 -0.3528 0.3887
vn 0.3458 -0.8367 0.4248
vn 0.3523 -0.8519 0.3875
vn -0.6411 -0.6404 0.4231
vn -0.3474 -0.8366 0.4236
vn -0.3535 -0.8519 0.3865
vn -0.6526 -0.6520 0.3860
vn -0.0007 0.9056 0.4241
vn -0.0007 0.9221 0.3870
vn 0.3521 0.8520 0.3875
vn 0.3458 0.8367 0.4247
vn -0.6412 -0.6405 0.4226
vn -0.3474 -0.8369 0.4231
vn -0.3536 -0.8519 0.3864
vn -0.6526 -0.6520 0.3861
vn -0.3694 -0.8903 0.2664
vn -0.3746 -0.9032 0.2094
vn -0.3473 0.8367 0.4236
vn -0.3534 0.8519 0.3865
vn -0.0004 -0.9637 0.2671
vn -0.0004 -0.9777 0.2100
vn 0.9632 0.0001 0.2687
vn 0.9773 -0.0000 0.2118
vn -0.0007 -0.9056 0.4242
vn -0.0007 -0.9221 0.3870
vn -0.5901 0.5891 0.5520
vn -0.7707 0.3188 0.5517
vn -0.0436 0.0174 0.9989
vn -0.0338 0.0322 0.9989
vn -0.8376 0.3466 0.4223
vn -0.9065 -0.0000 0.4222
vn -0.9227 -0.0000 0.3856
vn -0.8526 0.3531 0.3853
vn -0.3474 0.8369 0.4231
vn -0.6413 0.6404 0.4226
vn -0.6526 0.6520 0.3860
vn -0.3535 0.8519 0.3864
vn -0.0006 0.9221 0.3869
vn -0.0007 0.9058 0.4237
vn 0.0388 -0.0000 0.9992
vn 0.0357 -0.0157 0.9992
vn 0.3777 -0.1572 0.9125
vn 0.4090 -0.0000 0.9125
vn -0.6411 0.6403 0.4231
vn -0.8376 0.3460 0.4227
vn -0.8525 0.3528 0.3857
vn -0.6527 0.6519 0.3860
vn -0.0006 -0.9058 0.4237
vn -0.0006 -0.9221 0.3870
vn 0.8361 0.3466 0.4251
vn 0.8512 0.3528 0.3886
vn -0.9063 -0.0000 0.4226
vn -0.8373 -0.3467 0.4228
vn -0.8525 -0.3528 0.3858
vn -0.9226 -0.0000 0.3857
vn 0.8899 0.3687 0.2687
vn 0.9029 0.3742 0.2116
vn -0.8376 -0.3467 0.4223
vn 0.6398 0.6405 0.4248
vn 0.6513 0.6520 0.3881
vn 0.3459 0.8369 0.4243
vn 0.3522 0.8519 0.3875
vn -0.0016 -0.0002 1.0000
vn -0.0018 -0.0001 1.0000
vn -0.0018 -0.0002 1.0000
vn -0.0013 -0.6345 0.7729
vn 0.2414 -0.5860 0.7735
vn 0.4474 -0.4487 0.7736
vn 0.0854 -0.2102 0.9739
vn 0.1593 -0.1609 0.9740
vn 0.6331 -0.0000 0.7740
vn 0.2259 -0.0000 0.9741
vn 0.2085 0.0870 0.9741
vn 0.5848 0.2428 0.7740
vn 0.4469 -0.4482 0.7742
vn 0.5848 -0.2428 0.7740
vn 0.1592 -0.1609 0.9740
vn 0.2086 -0.0871 0.9741
vn 0.2092 0.0855 0.9741
vn 0.3945 -0.3974 0.8285
vn 0.2132 -0.5183 0.8282
vn 0.1192 -0.2916 0.9491
vn 0.2217 -0.2233 0.9492
vn -0.3973 -0.3974 0.8272
vn -0.2161 -0.5183 0.8274
vn -0.0003 -0.5609 0.8279
vn -0.5623 -0.0000 0.8269
vn -0.5201 0.2137 0.8269
vn 0.3945 0.3974 0.8285
vn 0.2133 0.5184 0.8281
vn 0.2900 -0.1208 0.9494
vn 0.5164 -0.2157 0.8287
vn -0.1224 -0.2918 0.9486
vn -0.2249 -0.2233 0.9485
vn -0.0016 -0.3157 0.9489
vn -0.5198 -0.2146 0.8269
vn 0.5596 -0.0000 0.8288
vn -0.2932 -0.1208 0.9484
vn -0.0016 0.2275 0.9738
vn -0.0887 0.2102 0.9736
vn -0.2441 0.5861 0.7726
vn -0.0013 0.6343 0.7730
vn 0.5849 -0.2428 0.7739
vn -0.0016 -0.2274 0.9738
vn -0.1625 0.1606 0.9736
vn -0.2123 0.0861 0.9734
vn -0.5879 0.2418 0.7720
vn -0.4500 0.4484 0.7723
vn -0.0887 -0.2102 0.9736
vn -0.1625 -0.1608 0.9735
vn 0.5169 0.2146 0.8287
vn -0.2246 0.2230 0.9486
vn -0.2932 0.1208 0.9484
vn -0.3982 0.3966 0.8271
vn -0.3172 -0.0000 0.9483
vn -0.2439 -0.5857 0.7730
vn -0.4498 -0.4485 0.7723
vn -0.5875 -0.2428 0.7719
vn -0.2118 -0.0870 0.9734
vn -0.2294 0.0004 0.9733
vn -0.6358 -0.0002 0.7719
vn 0.1592 0.1609 0.9740
vn 0.0854 0.2102 0.9739
vn 0.2415 0.5862 0.7733
vn 0.4473 0.4486 0.7737
vn -0.0887 0.2103 0.9736
vn -0.1626 0.1609 0.9735
vn -0.4496 0.4483 0.7726
vn -0.2439 0.5857 0.7730
vn -0.0013 0.6344 0.7730
vn 0.2413 0.5857 0.7738
vn -0.0017 0.2275 0.9738
vn 0.1605 0.1600 0.9740
vn -0.0014 0.5610 0.8278
vn -0.0013 -0.6339 0.7734
vn -0.2119 0.0871 0.9734
vn -0.5870 0.2426 0.7724
vn -0.6352 -0.0000 0.7723
vn -0.5870 -0.2426 0.7724
vn -0.2291 -0.0000 0.9734
vn -0.4496 -0.4482 0.7726
vn 0.4492 0.4482 0.7729
vn 0.5844 0.2410 0.7748
vn 0.6330 -0.0000 0.7741
vn 0.3141 -0.0000 0.9494
vn 0.2901 0.1208 0.9494
vn 0.2216 0.2232 0.9493
vn 0.1192 0.2917 0.9491
vn -0.0016 0.3156 0.9489
vn -0.2161 0.5183 0.8274
vn -0.1225 0.2918 0.9486
vn -0.9228 -0.3822 0.0479
vn -0.9224 -0.3820 0.0568
vn -0.9984 -0.0000 0.0565
vn -0.9989 -0.0000 0.0477
vn 0.9227 0.3821 0.0510
vn 0.7062 0.7063 0.0506
vn 0.7058 0.7059 0.0594
vn 0.9222 0.3820 0.0599
vn -0.7064 -0.7062 0.0483
vn -0.3823 -0.9228 0.0488
vn -0.3821 -0.9223 0.0577
vn -0.7061 -0.7058 0.0571
vn -0.7065 -0.7064 0.0433
vn -0.7062 -0.7061 0.0515
vn -0.9227 -0.3822 0.0511
vn -0.9230 -0.3824 0.0429
vn -0.9224 -0.3820 0.0567
vn -0.9991 -0.0000 0.0428
vn -0.9987 -0.0000 0.0510
vn -0.0001 -0.9988 0.0494
vn -0.0001 -0.9983 0.0582
vn 0.3821 0.9228 0.0501
vn 0.3820 0.9223 0.0589
vn 0.3821 -0.9227 0.0501
vn 0.7062 -0.7062 0.0506
vn 0.7058 -0.7059 0.0595
vn 0.3820 -0.9223 0.0590
vn 0.7063 0.7064 0.0457
vn 0.3822 0.9230 0.0452
vn 0.3821 0.9226 0.0534
vn 0.7060 0.7062 0.0539
vn -0.3824 -0.9229 0.0439
vn -0.0001 -0.9990 0.0445
vn -0.0001 -0.9986 0.0528
vn -0.3822 -0.9226 0.0521
vn 0.9227 0.3822 0.0510
vn 0.7062 0.7062 0.0506
vn 0.9222 0.3821 0.0599
vn -0.7065 0.7064 0.0433
vn -0.9230 0.3824 0.0429
vn -0.9227 0.3822 0.0512
vn -0.7062 0.7062 0.0515
vn 0.7064 -0.7064 0.0457
vn 0.9229 -0.3823 0.0461
vn 0.9225 -0.3822 0.0543
vn 0.7060 -0.7061 0.0538
vn -0.0001 0.9990 0.0445
vn -0.0001 0.9986 0.0526
vn 0.3822 0.9227 0.0501
vn 0.3819 0.9223 0.0590
vn -0.0001 0.9988 0.0495
vn -0.0001 0.9983 0.0582
vn -0.7060 -0.7059 0.0571
vn -0.7063 -0.7063 0.0483
vn 0.9227 -0.3822 0.0510
vn 0.9987 -0.0000 0.0511
vn 0.9982 -0.0000 0.0600
vn 0.9222 -0.3820 0.0599
vn -0.7063 0.7062 0.0482
vn -0.9228 0.3822 0.0479
vn -0.9224 0.3821 0.0568
vn -0.7061 0.7058 0.0571
vn 0.9989 -0.0000 0.0462
vn 0.9985 -0.0000 0.0544
vn -0.3823 0.9227 0.0488
vn -0.3821 0.9223 0.0577
vn -0.3822 0.9226 0.0521
vn -0.3824 0.9229 0.0439
vn 0.3821 -0.9228 0.0501
vn 0.3819 -0.9223 0.0590
vn -0.2368 -0.5685 0.7878
vn -0.4364 -0.4352 0.7875
vn 0.0131 0.0365 0.9992
vn -0.7059 0.7060 0.0571
vn -0.7063 0.7063 0.0483
vn 0.9229 0.3824 0.0460
vn 0.9225 0.3822 0.0543
vn 0.3822 -0.9230 0.0452
vn 0.3821 -0.9226 0.0534
vn -0.3823 0.9228 0.0488
vn -0.0001 0.9983 0.0583
vn -0.9989 -0.0000 0.0478
vn -0.9984 -0.0000 0.0566
vn 0.5273 -0.2189 0.8210
vn 0.5708 -0.0000 0.8211
vn 0.9164 -0.0000 0.4003
vn 0.8466 -0.3508 0.4002
vn 0.9227 -0.3821 0.0510
vn 0.7059 -0.7058 0.0594
vn 0.9982 -0.0000 0.0598
vn -0.6720 0.6715 0.3122
vn -0.8779 0.3634 0.3117
vn -0.8874 0.3674 0.2784
vn -0.6793 0.6788 0.2787
vn -0.2203 0.5286 0.8198
vn -0.0014 0.5722 0.8201
vn -0.0017 -0.0454 0.9990
vn 0.0156 -0.0420 0.9990
vn -0.3640 -0.8773 0.3128
vn -0.0006 -0.9497 0.3133
vn -0.0005 -0.9600 0.2799
vn -0.3679 -0.8869 0.2793
vn 0.5273 0.2188 0.8210
vn 0.8464 0.3513 0.4002
vn 0.3629 -0.8774 0.3136
vn 0.6709 -0.6716 0.3145
vn 0.6784 -0.6789 0.2810
vn 0.3669 -0.8869 0.2805
vn -0.6721 -0.6716 0.3118
vn -0.3639 -0.8774 0.3126
vn -0.6793 -0.6788 0.2787
vn -0.8779 -0.3635 0.3118
vn -0.6719 -0.6716 0.3123
vn -0.8874 -0.3674 0.2784
vn -0.9605 -0.0000 0.2783
vn -0.9502 -0.0000 0.3118
vn 0.6711 -0.6716 0.3140
vn 0.8769 -0.3634 0.3147
vn 0.8865 -0.3674 0.2814
vn 0.6784 -0.6788 0.2810
vn 0.8770 0.3633 0.3143
vn 0.8865 0.3674 0.2814
vn 0.9596 -0.0000 0.2815
vn 0.9493 -0.0000 0.3144
vn 0.3629 -0.8775 0.3135
vn 0.3669 -0.8870 0.2805
vn -0.0006 -0.9497 0.3130
vn -0.6721 0.6716 0.3117
vn -0.8780 0.3634 0.3115
vn -0.3640 0.8775 0.3122
vn -0.3679 0.8869 0.2793
vn 0.3628 0.8776 0.3134
vn 0.3669 0.8870 0.2805
vn 0.6784 0.6788 0.2810
vn 0.6711 0.6716 0.3139
vn -0.9502 -0.0000 0.3115
vn -0.8778 -0.3635 0.3120
vn 0.6481 -0.6482 0.3999
vn 0.4032 -0.4046 0.8208
vn 0.3502 -0.8472 0.3994
vn 0.2176 -0.5286 0.8205
vn 0.9492 -0.0000 0.3148
vn 0.8768 -0.3634 0.3149
vn 0.2176 0.5286 0.8205
vn -0.0190 -0.0419 0.9989
vn -0.9177 -0.0004 0.3972
vn -0.5735 -0.0000 0.8192
vn -0.5300 -0.2189 0.8192
vn -0.8478 -0.3513 0.3973
vn -0.5300 0.2190 0.8192
vn -0.4060 0.4046 0.8194
vn 0.0304 -0.0321 0.9990
vn 0.0403 -0.0173 0.9990
vn -0.6488 -0.6487 0.3977
vn -0.4061 -0.4045 0.8194
vn -0.6491 0.6485 0.3977
vn -0.3517 0.8472 0.3981
vn -0.0003 -0.9171 0.3988
vn -0.3517 -0.8472 0.3982
vn -0.2204 -0.5286 0.8198
vn -0.0013 -0.5722 0.8201
vn 0.5957 -0.2475 0.7641
vn 0.8795 -0.3644 0.3061
vn 0.9520 -0.0000 0.3061
vn 0.6451 -0.0005 0.7641
vn 0.6709 0.6715 0.3146
vn 0.3630 0.8775 0.3135
vn 0.6784 0.6789 0.2810
vn 0.8769 0.3635 0.3145
vn 0.8865 -0.3674 0.2813
vn -0.0006 0.9498 0.3130
vn -0.0005 0.9600 0.2799
vn -0.0006 0.9497 0.3133
vn -0.0470 -0.0000 0.9989
vn 0.0437 -0.0000 0.9990
vn 0.0138 -0.0374 0.9992
vn 0.0270 -0.0286 0.9992
vn 0.0357 -0.0155 0.9992
vn 0.0389 -0.0000 0.9992
vn 0.0357 0.0155 0.9992
vn 0.0270 0.0286 0.9992
vn 0.0138 0.0374 0.9992
vn -0.0017 0.0405 0.9992
vn -0.0172 0.0374 0.9992
vn -0.0303 0.0286 0.9991
vn -0.0391 0.0155 0.9991
vn -0.0422 -0.0000 0.9991
vn -0.0391 -0.0155 0.9991
vn -0.0303 -0.0286 0.9991
vn -0.0172 -0.0374 0.9992
vn -0.0017 -0.0405 0.9992
vn 0.0270 0.0287 0.9992
vn -0.0172 -0.0375 0.9991
vn 0.4630 -0.4642 0.7551
vn 0.2500 -0.6066 0.7547
vn 0.3236 -0.7814 0.5335
vn 0.5975 -0.5985 0.5337
vn 0.2469 -0.2485 0.9366
vn 0.1329 -0.3246 0.9365
vn 0.3231 -0.1345 0.9368
vn 0.4557 -0.4570 0.7639
vn 0.6730 -0.6735 0.3058
vn 0.8865 0.3674 0.2813
vn 0.8795 0.3644 0.3061
vn 0.6053 -0.2513 0.7553
vn 0.7809 -0.3239 0.5342
vn 0.3236 0.7814 0.5335
vn 0.5975 0.5982 0.5340
vn -0.0009 -0.8461 0.5330
vn 0.3250 -0.7892 0.5212
vn -0.0008 -0.8536 0.5208
vn 0.4719 -0.4730 0.7440
vn 0.2548 -0.6182 0.7436
vn 0.6028 -0.6036 0.5219
vn 0.3498 -0.0000 0.9368
vn 0.3231 0.1345 0.9368
vn -0.2524 -0.6066 0.7539
vn -0.4655 -0.4642 0.7535
vn -0.5987 -0.5988 0.5320
vn -0.3247 -0.7817 0.5325
vn -0.1360 -0.3247 0.9360
vn -0.2500 -0.2485 0.9358
vn -0.0017 -0.3514 0.9362
vn -0.0013 -0.6565 0.7543
vn -0.3262 -0.1345 0.9357
vn -0.6078 -0.2512 0.7533
vn -0.7823 -0.3245 0.5317
vn 0.8452 -0.0008 0.5344
vn -0.2500 0.2485 0.9358
vn -0.3262 0.1345 0.9357
vn 0.6678 -0.0001 0.7443
vn 0.6169 0.2561 0.7442
vn 0.8529 0.0010 0.5221
vn 0.7879 0.3266 0.5221
vn 0.6169 -0.2561 0.7442
vn 0.7881 -0.3257 0.5223
vn -0.3266 0.7890 0.5203
vn -0.0008 0.8536 0.5209
vn -0.7892 0.3276 0.5195
vn -0.6047 0.6037 0.5195
vn -0.0012 -0.6691 0.7432
vn -0.0016 -0.3514 0.9362
vn -0.4654 0.4643 0.7535
vn -0.6078 0.2511 0.7533
vn -0.5997 0.5977 0.5320
vn -0.7827 0.3238 0.5316
vn 0.7811 0.3231 0.5343
vn -0.2572 -0.6182 0.7428
vn -0.4743 -0.4731 0.7424
vn -0.6040 -0.6045 0.5194
vn -0.3276 -0.7886 0.5204
vn -0.1361 -0.3247 0.9360
vn -0.2501 0.2485 0.9358
vn -0.4743 0.4732 0.7424
vn -0.6194 0.2561 0.7421
vn -0.7894 -0.3268 0.5197
vn -0.6194 -0.2560 0.7421
vn -0.8545 -0.0010 0.5195
vn -0.6704 -0.0000 0.7420
vn -0.3530 -0.0000 0.9356
vn -0.1361 0.3247 0.9360
vn -0.2572 0.6182 0.7427
vn 0.3267 0.7882 0.5215
vn 0.6028 0.6036 0.5219
vn -0.3650 0.8800 0.3040
vn -0.6741 0.6735 0.3034
vn -0.4580 0.4574 0.7623
vn -0.2486 0.5972 0.7626
vn 0.5959 0.2473 0.7640
vn 0.3777 0.1572 0.9125
vn 0.2886 -0.2904 0.9123
vn -0.0005 0.9525 0.3047
vn -0.0008 0.6463 0.7631
vn 0.2462 0.5971 0.7635
vn 0.3639 0.8800 0.3052
vn 0.6730 0.6735 0.3058
vn 0.4557 0.4570 0.7638
vn 0.2886 0.2904 0.9123
vn 0.3670 0.8869 0.2805
vn -0.6578 -0.0000 0.7532
vn -0.8470 -0.0008 0.5316
vn 0.3639 -0.8800 0.3052
vn 0.2462 -0.5971 0.7635
vn 0.1554 0.3793 0.9121
vn 0.1555 -0.3793 0.9121
vn -0.0014 -0.6464 0.7630
vn -0.0005 -0.9525 0.3046
vn -0.0004 0.9601 0.2798
vn -0.8805 0.3645 0.3031
vn -0.5983 0.2478 0.7620
vn -0.0016 0.4105 0.9119
vn -0.0016 -0.4105 0.9119
vn -0.5986 -0.2469 0.7620
vn -0.6476 -0.0000 0.7620
vn -0.9529 -0.0000 0.3031
vn -0.8806 -0.3645 0.3030
vn -0.0005 -0.9601 0.2798
vn -0.3678 0.8870 0.2792
vn -0.3650 -0.8800 0.3040
vn -0.2486 -0.5972 0.7626
vn -0.1588 0.3792 0.9116
vn -0.1588 -0.3792 0.9116
vn -0.6741 -0.6734 0.3035
vn -0.4586 -0.4566 0.7623
vn -0.3679 -0.8870 0.2792
vn -0.2917 0.2903 0.9114
vn -0.3808 0.1571 0.9112
vn -0.6793 0.6789 0.2787
vn -0.8875 0.3674 0.2783
vn -0.3808 -0.1570 0.9112
vn -0.2916 -0.2905 0.9114
vn -0.8874 -0.3674 0.2783
vn -0.6794 -0.6788 0.2787
vn -0.9605 -0.0000 0.2782
vn 0.6553 -0.0001 0.7554
vn 0.6053 0.2513 0.7553
vn 0.2469 0.2485 0.9366
vn 0.1327 0.3247 0.9365
vn -0.4120 -0.0000 0.9112
vn 0.4630 0.4642 0.7551
vn 0.2499 0.6066 0.7547
vn -0.3240 0.7820 0.5325
vn -0.0009 0.8462 0.5328
vn -0.0014 0.6566 0.7543
vn -0.0016 0.3514 0.9362
vn -0.2525 0.6066 0.7539
vn -0.1360 0.3247 0.9360
vn 0.4718 0.4732 0.7440
vn 0.2548 0.6181 0.7436
vn -0.0012 0.6691 0.7432
vn -0.5901 0.5892 0.5519
vn -0.3198 0.7698 0.5524
vn -0.3197 0.7698 0.5524
vn -0.7707 0.3189 0.5517
vn -0.8341 -0.0000 0.5516
vn -0.3436 0.3421 0.8746
vn -0.1866 0.4470 0.8749
vn -0.0295 0.0278 0.9992
vn -0.0168 0.0362 0.9992
vn -0.4486 0.1852 0.8744
vn -0.0380 0.0150 0.9992
vn -0.0337 0.0321 0.9989
vn -0.7707 -0.3189 0.5517
vn -0.7707 0.3189 0.5516
vn 0.3179 0.7698 0.5535
vn 0.5882 0.5892 0.5539
vn -0.0191 0.0420 0.9989
vn -0.0017 0.0455 0.9990
vn -0.0009 0.8332 0.5530
vn -0.5901 -0.5891 0.5520
vn -0.0338 -0.0321 0.9989
vn -0.0437 -0.0174 0.9989
vn -0.7707 -0.3188 0.5517
vn 0.1837 0.4470 0.8755
vn -0.0015 0.4839 0.8751
vn -0.0017 0.0393 0.9992
vn -0.0010 0.8332 0.5530
vn 0.4456 -0.1852 0.8759
vn 0.4824 -0.0000 0.8760
vn 0.0376 -0.0000 0.9993
vn 0.0344 -0.0153 0.9993
vn 0.7689 0.3189 0.5542
vn -0.0295 -0.0278 0.9992
vn -0.0380 -0.0152 0.9992
vn -0.4486 -0.1852 0.8743
vn -0.3436 -0.3421 0.8746
vn 0.3407 -0.3422 0.8757
vn 0.0257 -0.0281 0.9993
vn -0.0009 -0.8332 0.5530
vn 0.3179 -0.7698 0.5535
vn 0.0157 -0.0420 0.9990
vn -0.0017 -0.0455 0.9990
vn 0.0158 0.0420 0.9990
vn 0.7688 -0.3188 0.5544
vn 0.0403 -0.0174 0.9990
vn 0.5882 -0.5891 0.5540
vn 0.5882 0.5891 0.5540
vn 0.5883 -0.5892 0.5539
vn 0.7688 -0.3189 0.5543
vn 0.8323 -0.0000 0.5544
vn 0.0305 0.0322 0.9990
vn 0.0403 0.0174 0.9990
vn 0.7688 0.3189 0.5543
vn 0.8322 -0.0000 0.5544
vn -0.3198 -0.7697 0.5525
vn -0.0191 -0.0420 0.9989
vn -0.0436 -0.0174 0.9989
vn -0.5901 -0.5891 0.5521
vn -0.0190 0.0419 0.9989
vn -0.3198 0.7697 0.5525
vn -0.0017 0.0454 0.9990
vn 0.3179 -0.7697 0.5536
vn 0.0157 0.0419 0.9990
vn 0.3179 0.7697 0.5536
vn -0.4854 -0.0000 0.8743
vn -0.0410 -0.0000 0.9992
vn -0.8342 -0.0000 0.5515
vn -0.7707 -0.3189 0.5516
vn 0.7688 -0.3188 0.5543
vn 0.0304 0.0321 0.9990
vn 0.0402 0.0174 0.9990
vn -0.1866 -0.4470 0.8749
vn -0.0167 -0.0363 0.9992
vn -0.5901 -0.5892 0.5519
vn -0.3198 -0.7698 0.5524
vn -0.0009 -0.8332 0.5529
vn -0.0015 -0.4839 0.8751
vn -0.0017 -0.0393 0.9992
vn 0.1837 -0.4469 0.8755
vn 0.0137 -0.0361 0.9993
vn 0.0438 -0.0000 0.9990
vn -0.0471 -0.0000 0.9989
vn -0.0013 -0.6153 0.7883
vn 0.2341 -0.5685 0.7887
vn 0.4337 -0.4352 0.7890
vn 0.6478 0.6485 0.3999
vn 0.4032 0.4046 0.8208
vn 0.5671 -0.2356 0.7893
vn -0.5571 -0.2302 0.7979
vn -0.6027 -0.0000 0.7980
vn 0.2288 -0.5556 0.7993
vn -0.0013 -0.6014 0.7990
vn 0.4242 -0.4255 0.7994
vn -0.5698 -0.2354 0.7873
vn 0.5543 -0.2302 0.7998
vn 0.5546 0.2303 0.7996
vn 0.4242 0.4255 0.7994
vn 0.6002 -0.0000 0.7999
vn -0.5570 0.2302 0.7980
vn -0.4268 0.4256 0.7979
vn -0.5698 0.2355 0.7873
vn -0.4364 0.4352 0.7875
vn -0.4266 -0.4252 0.7982
vn -0.2316 0.5559 0.7983
vn -0.2316 -0.5559 0.7983
vn 0.2288 0.5557 0.7993
vn -0.0013 0.6014 0.7989
vn 0.6140 -0.0000 0.7893
vn 0.3499 0.8474 0.3994
vn 0.4338 0.4352 0.7890
vn 0.5673 0.2353 0.7892
vn -0.0011 0.9171 0.3987
vn -0.6167 0.0001 0.7872
vn -0.8481 0.3505 0.3973
vn 0.2342 0.5684 0.7887
vn -0.2368 0.5685 0.7878
vn -0.0011 0.6154 0.7882
vn -0.9644 -0.1918 0.1822
vn -0.9833 -0.0000 0.1821
vn -0.8739 -0.0000 0.4861
vn -0.8571 -0.1703 0.4862
vn -0.0013 -0.6303 0.7764
vn 0.1217 -0.6182 0.7766
vn 0.1364 -0.6924 0.7085
vn -0.0012 -0.7059 0.7083
vn 0.9638 0.1918 0.1854
vn 0.9078 0.3762 0.1853
vn 0.9127 0.3781 0.1548
vn 0.9691 0.1929 0.1539
vn 0.8170 -0.5461 0.1852
vn 0.9078 -0.3761 0.1853
vn 0.9127 -0.3781 0.1547
vn 0.8214 -0.5491 0.1545
vn -0.1921 -0.9641 0.1835
vn -0.0003 -0.9830 0.1838
vn -0.0003 -0.9882 0.1530
vn -0.1930 -0.9692 0.1528
vn 0.9079 -0.3761 0.1853
vn 0.9127 -0.3782 0.1547
vn 0.8214 -0.5490 0.1544
vn 0.3489 0.5240 0.7770
vn 0.2399 0.5823 0.7768
vn 0.2691 0.6522 0.7087
vn 0.3910 0.5870 0.7089
vn 0.9826 -0.0000 0.1855
vn 0.9879 -0.0000 0.1550
vn 0.8170 0.5461 0.1852
vn 0.8215 0.5490 0.1544
vn 0.9127 0.3782 0.1547
vn 0.5817 -0.2412 0.7768
vn 0.6169 -0.1233 0.7773
vn 0.6912 -0.1378 0.7094
vn 0.6510 -0.2702 0.7093
vn -0.2425 0.5823 0.7760
vn -0.3515 0.5240 0.7758
vn -0.3933 0.5870 0.7076
vn -0.2713 0.6522 0.7078
vn 0.9638 -0.1918 0.1854
vn 0.9827 -0.0000 0.1854
vn 0.9879 -0.0000 0.1548
vn 0.9689 -0.1929 0.1548
vn 0.5810 0.2412 0.7774
vn 0.5227 0.3502 0.7773
vn 0.5858 0.3921 0.7093
vn 0.6510 0.2701 0.7094
vn 0.6947 0.6951 0.1850
vn 0.6986 0.6988 0.1541
vn 0.8058 0.3341 0.4889
vn 0.7252 0.4851 0.4887
vn -0.8176 0.5461 0.1824
vn -0.9085 0.3761 0.1823
vn -0.9132 0.3782 0.1517
vn -0.8219 0.5490 0.1519
vn 0.4374 0.6560 0.6151
vn 0.5569 0.5579 0.6153
vn 0.4200 0.4213 0.8038
vn 0.3297 0.4954 0.8037
vn 0.6985 0.6988 0.1543
vn 0.8215 0.5490 0.1543
vn 0.9689 0.1929 0.1548
vn 0.3759 -0.9081 0.1844
vn 0.5458 -0.8173 0.1847
vn 0.5488 -0.8217 0.1539
vn 0.3779 -0.9130 0.1537
vn -0.4469 -0.4456 0.7757
vn -0.3514 -0.5241 0.7758
vn -0.3935 -0.5869 0.7076
vn -0.5004 -0.4992 0.7074
vn 0.5458 0.8173 0.1847
vn 0.5487 0.8217 0.1539
vn -0.6954 -0.6951 0.1826
vn -0.5464 -0.8173 0.1829
vn -0.5493 -0.8217 0.1523
vn -0.6990 -0.6988 0.1520
vn -0.9644 0.1918 0.1822
vn -0.9695 0.1928 0.1516
vn -0.3350 -0.8067 0.4869
vn -0.1712 -0.8562 0.4874
vn -0.3764 -0.9082 0.1831
vn 0.1915 -0.9641 0.1841
vn 0.3778 -0.9130 0.1538
vn 0.1925 -0.9691 0.1540
vn -0.3030 0.7290 0.6138
vn -0.1550 0.7739 0.6141
vn -0.1176 0.5844 0.8029
vn -0.2294 0.5505 0.8027
vn 0.4373 -0.6561 0.6151
vn 0.3009 -0.7290 0.6148
vn 0.2268 -0.5506 0.8034
vn 0.3295 -0.4955 0.8037
vn -0.9885 -0.0000 0.1515
vn -0.3765 -0.9081 0.1832
vn -0.3784 -0.9130 0.1524
vn -0.5493 -0.8217 0.1521
vn -0.9084 -0.3762 0.1823
vn -0.8176 -0.5461 0.1824
vn -0.8219 -0.5491 0.1518
vn -0.9132 -0.3782 0.1516
vn 0.1915 0.9641 0.1841
vn -0.0003 0.9830 0.1838
vn -0.0004 0.9882 0.1529
vn 0.1926 0.9692 0.1535
vn -0.6195 0.1230 0.7753
vn -0.6316 -0.0000 0.7753
vn -0.7071 0.0001 0.7071
vn -0.6936 0.1377 0.7071
vn -0.9884 -0.0000 0.1516
vn -0.9695 0.1927 0.1516
vn 0.9689 -0.1928 0.1549
vn -0.9695 -0.1928 0.1517
vn -0.9085 -0.3761 0.1822
vn -0.9132 -0.3782 0.1517
vn 0.1925 -0.9692 0.1535
vn -0.3765 0.9081 0.1832
vn -0.5464 0.8173 0.1829
vn -0.5492 0.8217 0.1522
vn -0.3784 0.9130 0.1525
vn -0.5590 0.5580 0.6134
vn -0.4394 0.6561 0.6136
vn -0.3324 0.4954 0.8025
vn -0.4227 0.4213 0.8024
vn -0.0003 0.9882 0.1532
vn 0.1925 0.9692 0.1535
vn -0.6990 -0.6988 0.1522
vn -0.3765 0.9081 0.1831
vn -0.5492 0.8217 0.1521
vn -0.9085 0.3761 0.1822
vn -0.8220 0.5489 0.1518
vn -0.6954 0.6951 0.1826
vn -0.6990 0.6988 0.1519
vn 0.6947 -0.6951 0.1850
vn 0.6985 -0.6987 0.1543
vn -0.3784 -0.9130 0.1525
vn -0.0003 -0.9882 0.1531
vn -0.8219 -0.5490 0.1518
vn -0.9695 -0.1928 0.1515
vn -0.1921 0.9641 0.1835
vn -0.1930 0.9692 0.1528
vn 0.6948 -0.6951 0.1850
vn 0.6985 -0.6988 0.1542
vn 0.3759 0.9081 0.1844
vn 0.3779 0.9130 0.1537
vn 0.5487 0.8217 0.1540
vn 0.3758 0.9082 0.1844
vn -0.0008 0.8731 0.4876
vn -0.1712 0.8563 0.4873
vn -0.1930 0.9692 0.1529
vn 0.6283 0.0002 0.7780
vn 0.6167 0.1229 0.7775
vn 0.6912 0.1376 0.7094
vn 0.7047 -0.0000 0.7095
vn -0.3349 0.8066 0.4870
vn 0.5227 -0.3503 0.7772
vn 0.5858 -0.3922 0.7093
vn 0.8058 -0.3341 0.4889
vn 0.7251 -0.4851 0.4888
vn -0.5253 0.3502 0.7755
vn -0.5836 0.2412 0.7754
vn -0.6534 0.2703 0.7071
vn -0.5882 0.3922 0.7073
vn -0.4859 0.7260 0.4867
vn 0.4444 0.4457 0.7771
vn 0.4981 0.4991 0.7091
vn 0.8554 0.1703 0.4891
vn 0.6166 0.6174 0.4885
vn 0.3333 -0.8067 0.4881
vn 0.1695 -0.8563 0.4878
vn 0.5488 -0.8216 0.1541
vn 0.8723 -0.0000 0.4890
vn -0.2425 -0.5823 0.7759
vn -0.2714 -0.6522 0.7078
vn 0.4842 0.7259 0.4884
vn 0.1695 0.8563 0.4879
vn -0.8074 0.3341 0.4863
vn -0.8571 0.1703 0.4861
vn 0.2399 -0.5823 0.7768
vn 0.2689 -0.6522 0.7087
vn -0.6195 -0.1229 0.7753
vn -0.5836 -0.2412 0.7754
vn -0.6535 -0.2701 0.7071
vn -0.6936 -0.1377 0.7071
vn 0.1217 0.6182 0.7766
vn -0.0013 0.6303 0.7764
vn -0.0011 0.7059 0.7083
vn 0.1365 0.6924 0.7085
vn -0.5253 -0.3502 0.7755
vn -0.5882 -0.3921 0.7073
vn -0.8074 -0.3341 0.4862
vn -0.0020 -0.0003 1.0000
vn -0.0021 -0.0000 1.0000
vn -0.0020 0.0002 1.0000
vn -0.0019 0.0003 1.0000
vn -0.0018 0.0004 1.0000
vn -0.0017 0.0004 1.0000
vn -0.0016 0.0004 1.0000
vn -0.0015 0.0003 1.0000
vn -0.0014 0.0003 1.0000
vn -0.0014 0.0002 1.0000
vn -0.0013 0.0001 1.0000
vn -0.0019 -0.0000 1.0000
vn -0.0013 -0.0000 1.0000
vn -0.0013 -0.0001 1.0000
vn -0.0014 -0.0002 1.0000
vn -0.0015 -0.0002 1.0000
vn 0.6550 0.4383 0.6155
vn 0.4941 0.3310 0.8039
vn 0.8554 -0.1703 0.4891
vn -0.4470 0.4457 0.7756
vn -0.5003 0.4993 0.7074
vn -0.0010 -0.7891 0.6143
vn -0.1550 -0.7739 0.6141
vn -0.1176 -0.5844 0.8029
vn -0.0014 -0.5958 0.8031
vn 0.4443 -0.4457 0.7771
vn 0.4980 -0.4992 0.7091
vn -0.1242 -0.6181 0.7762
vn -0.1390 -0.6924 0.7080
vn -0.7268 0.4851 0.4863
vn -0.1243 0.6182 0.7761
vn -0.1389 0.6924 0.7080
vn -0.0015 -0.0007 1.0000
vn -0.0017 -0.0007 1.0000
vn -0.0018 -0.0007 1.0000
vn -0.0021 -0.0006 1.0000
vn -0.0022 -0.0005 1.0000
vn -0.0024 -0.0003 1.0000
vn -0.0024 -0.0001 1.0000
vn -0.0010 -0.0003 1.0000
vn -0.0012 -0.0005 1.0000
vn -0.6182 0.6173 0.4866
vn 0.3488 -0.5241 0.7770
vn 0.3910 -0.5870 0.7089
vn -0.4859 -0.7259 0.4868
vn -0.0008 -0.8731 0.4876
vn -0.7268 -0.4851 0.4863
vn 0.6165 -0.6173 0.4887
vn -0.6182 -0.6173 0.4866
vn 0.3333 0.8066 0.4882
vn 0.4843 -0.7259 0.4884
vn -0.4394 -0.6561 0.6136
vn -0.3029 -0.7290 0.6138
vn 0.1695 -0.8563 0.4879
vn 0.3333 -0.8067 0.4880
vn 0.4842 -0.7259 0.4884
vn -0.7901 -0.0000 0.6130
vn -0.7749 0.1539 0.6131
vn -0.5862 0.1162 0.8018
vn -0.5972 0.0007 0.8021
vn -0.7300 0.3019 0.6131
vn -0.5519 0.2281 0.8021
vn -0.5590 -0.5579 0.6134
vn -0.4227 -0.4213 0.8024
vn -0.3324 -0.4955 0.8025
vn -0.6571 -0.4383 0.6133
vn -0.4968 -0.3310 0.8023
vn -0.6571 0.4383 0.6132
vn -0.4968 0.3310 0.8023
vn -0.7300 -0.3020 0.6131
vn -0.7749 -0.1539 0.6130
vn -0.5854 -0.1163 0.8024
vn -0.5518 -0.2280 0.8022
vn 0.1529 -0.7739 0.6146
vn 0.1149 -0.5844 0.8033
vn 0.1529 0.7739 0.6146
vn 0.3009 0.7290 0.6149
vn 0.2267 0.5505 0.8035
vn 0.1149 0.5844 0.8033
vn -0.0010 0.7890 0.6143
vn -0.0014 0.5958 0.8031
vn -0.8739 -0.0000 0.4860
vn 0.6550 -0.4384 0.6154
vn 0.5569 -0.5579 0.6153
vn 0.4200 -0.4212 0.8039
vn 0.4941 -0.3310 0.8039
vn 0.7729 0.1539 0.6156
vn 0.7880 -0.0000 0.6157
vn 0.5945 -0.0000 0.8041
vn 0.5830 0.1162 0.8041
vn 0.7280 -0.3020 0.6155
vn 0.5492 -0.2280 0.8040
vn 0.7729 -0.1539 0.6156
vn 0.5830 -0.1162 0.8041
vn 0.7280 0.3019 0.6155
vn 0.5491 0.2280 0.8040
vn -0.2294 -0.5505 0.8027
vn -0.8074 -0.3341 0.4863
vn -0.8571 0.1703 0.4862
vn -0.6181 0.6173 0.4868
vn -0.4858 0.7259 0.4869
vn -0.3349 -0.8066 0.4871
vn -0.4859 -0.7260 0.4866
vn -0.7267 -0.4850 0.4865
vn -0.7267 0.4851 0.4864
vn -0.1712 -0.8563 0.4873
vn -0.0008 -0.8730 0.4878
vn -0.1711 0.8563 0.4874
vn 0.6165 0.6174 0.4886
vn 0.7250 0.4850 0.4890
vn 0.8722 -0.0000 0.4891
vn 0.8554 0.1703 0.4892
vn 0.8056 0.3341 0.4893
vn -0.3349 0.8065 0.4872
vn 0.8058 -0.3341 0.4890
vn 0.0860 -0.4400 0.8939
vn 0.1702 -0.4144 0.8940
vn 0.0355 -0.1868 0.9818
vn 0.0712 -0.1760 0.9818
vn -0.0746 -0.1760 0.9816
vn -0.1075 -0.1584 0.9815
vn -0.1681 -0.4021 0.9000
vn -0.2433 -0.3618 0.9000
vn 0.2478 -0.3731 0.8941
vn 0.3157 -0.3172 0.8943
vn 0.1042 -0.1584 0.9819
vn 0.1331 -0.1347 0.9819
vn -0.4294 0.0844 0.8992
vn -0.4368 0.0010 0.8996
vn -0.1886 0.0365 0.9814
vn -0.1923 0.0010 0.9813
vn -0.4037 0.1668 0.8996
vn -0.1781 0.0733 0.9813
vn -0.3092 -0.3077 0.8998
vn -0.1364 -0.1347 0.9814
vn -0.1364 0.1347 0.9814
vn -0.1075 0.1584 0.9815
vn -0.3092 0.3077 0.8998
vn -0.2432 0.3618 0.9000
vn -0.3633 -0.2418 0.8997
vn -0.1601 -0.1058 0.9814
vn -0.3633 0.2418 0.8997
vn -0.1601 0.1058 0.9814
vn -0.4273 -0.0854 0.9001
vn -0.4033 -0.1664 0.8998
vn -0.1886 -0.0379 0.9813
vn -0.1772 -0.0727 0.9815
vn -0.0017 -0.1905 0.9817
vn -0.0388 -0.1869 0.9816
vn -0.0015 -0.4351 0.9004
vn -0.0864 -0.4268 0.9002
vn 0.0714 -0.1759 0.9818
vn 0.0355 -0.1870 0.9817
vn 0.1653 -0.4022 0.9005
vn 0.0834 -0.4269 0.9004
vn 0.0355 0.1869 0.9817
vn 0.0712 0.1760 0.9818
vn 0.0834 0.4268 0.9005
vn 0.1650 0.4020 0.9006
vn -0.0015 0.4351 0.9004
vn -0.0864 0.4267 0.9002
vn -0.0017 0.1905 0.9817
vn -0.0388 0.1869 0.9816
vn 0.3717 -0.2498 0.8941
vn 0.1575 -0.1068 0.9817
vn 0.3061 -0.3073 0.9010
vn 0.3602 -0.2417 0.9010
vn 0.1332 -0.1346 0.9819
vn 0.1566 -0.1058 0.9820
vn 0.1331 0.1347 0.9819
vn 0.1568 0.1059 0.9819
vn 0.3062 0.3077 0.9009
vn 0.3603 0.2417 0.9010
vn 0.1852 0.0372 0.9820
vn 0.1888 -0.0000 0.9820
vn 0.4253 0.0849 0.9011
vn 0.4336 -0.0000 0.9011
vn 0.1743 -0.0729 0.9820
vn 0.4005 -0.1665 0.9011
vn 0.4253 -0.0849 0.9011
vn 0.1852 -0.0372 0.9820
vn 0.4005 0.1665 0.9011
vn 0.1744 0.0729 0.9820
vn 0.1042 0.1584 0.9819
vn 0.2402 0.3618 0.9008
vn 0.2401 -0.3620 0.9007
vn 0.1040 -0.1586 0.9819
vn -0.1680 0.4020 0.9001
vn -0.0746 0.1760 0.9816
vn -0.1885 -0.0372 0.9814
vn -0.1922 -0.0000 0.9814
vn -0.4415 -0.0875 0.8930
vn -0.4501 -0.0000 0.8930
vn -0.1777 -0.0729 0.9814
vn -0.4161 -0.1717 0.8930
vn -0.4415 0.0875 0.8930
vn -0.1885 0.0372 0.9814
vn -0.1364 0.1347 0.9815
vn -0.3187 0.3172 0.8932
vn -0.2507 0.3730 0.8933
vn -0.0747 -0.1759 0.9816
vn -0.1073 -0.1585 0.9815
vn -0.1734 -0.4146 0.8933
vn -0.2506 -0.3731 0.8933
vn -0.3745 -0.2492 0.8931
vn -0.3188 -0.3171 0.8932
vn -0.1600 -0.1058 0.9814
vn -0.1365 -0.1347 0.9814
vn -0.1601 0.1059 0.9814
vn -0.3745 0.2492 0.8931
vn -0.0890 -0.4401 0.8935
vn -0.0015 -0.4486 0.8937
vn -0.0388 -0.1870 0.9816
vn -0.0016 -0.1905 0.9817
vn 0.0860 0.4401 0.8938
vn -0.0015 0.4486 0.8937
vn 0.0355 0.1868 0.9818
vn -0.0016 0.1905 0.9817
vn -0.0890 0.4400 0.8936
vn 0.1567 0.1058 0.9820
vn 0.3157 0.3172 0.8942
vn 0.3715 0.2492 0.8943
vn 0.1896 0.0015 0.9819
vn 0.1854 -0.0394 0.9819
vn 0.4458 0.0015 0.8951
vn 0.4387 -0.0898 0.8941
vn 0.1842 0.0366 0.9822
vn 0.4381 0.0871 0.8947
vn 0.1743 0.0729 0.9820
vn 0.4129 0.1717 0.8944
vn 0.2477 0.3730 0.8942
vn -0.1732 0.4144 0.8935
vn -0.4162 0.1718 0.8929
vn -0.1777 0.0729 0.9814
vn 0.0713 0.1760 0.9818
vn 0.1702 0.4145 0.8940
vn 0.1750 -0.0716 0.9820
vn 0.4155 -0.1711 0.8933
vn 0.0626 0.0820 0.9947
vn 0.0590 0.0636 0.9962
vn 0.0449 0.0596 0.9972
vn 0.0476 0.0769 0.9959
vn -0.0626 0.0641 0.9960
vn -0.0660 0.0826 0.9944
vn -0.0511 0.0775 0.9957
vn -0.0485 0.0602 0.9970
vn -0.0653 0.1193 0.9907
vn -0.0505 0.1119 0.9924
vn -0.0497 0.1511 0.9873
vn -0.0386 0.1418 0.9891
vn -0.0198 0.1699 0.9853
vn -0.0156 0.1595 0.9871
vn 0.0171 0.1698 0.9853
vn 0.0127 0.1593 0.9871
vn 0.0468 0.1507 0.9875
vn 0.0355 0.1414 0.9893
vn 0.0621 0.1187 0.9910
vn 0.0473 0.1113 0.9927
vn 0.0473 -0.1113 0.9927
vn 0.0476 -0.0769 0.9959
vn 0.0626 -0.0820 0.9947
vn 0.0621 -0.1187 0.9910
vn 0.0925 -0.0823 0.9923
vn 0.0918 -0.1191 0.9886
vn 0.1189 -0.0629 0.9909
vn 0.1182 -0.0911 0.9888
vn 0.1348 -0.0241 0.9906
vn 0.1342 -0.0350 0.9903
vn 0.1348 0.0241 0.9906
vn 0.1342 0.0350 0.9903
vn 0.1189 0.0629 0.9909
vn 0.1182 0.0911 0.9888
vn 0.0925 0.0823 0.9923
vn 0.0918 0.1191 0.9886
vn 0.0355 -0.1414 0.9893
vn 0.0468 -0.1507 0.9875
vn 0.0694 -0.1513 0.9860
vn 0.0897 -0.1160 0.9892
vn 0.1021 -0.0447 0.9938
vn 0.1021 0.0447 0.9938
vn 0.0897 0.1160 0.9892
vn 0.0694 0.1513 0.9860
vn 0.0127 -0.1593 0.9871
vn 0.0171 -0.1698 0.9853
vn 0.0258 -0.1706 0.9850
vn 0.0337 -0.1311 0.9908
vn 0.0386 -0.0505 0.9980
vn 0.0386 0.0505 0.9980
vn 0.0337 0.1311 0.9908
vn 0.0258 0.1706 0.9850
vn -0.0156 -0.1595 0.9871
vn -0.0198 -0.1699 0.9853
vn -0.0283 -0.1708 0.9849
vn -0.0360 -0.1312 0.9907
vn -0.0407 -0.0506 0.9979
vn -0.0407 0.0506 0.9979
vn -0.0360 0.1312 0.9907
vn -0.0283 0.1708 0.9849
vn -0.0386 -0.1418 0.9891
vn -0.0497 -0.1511 0.9873
vn -0.0722 -0.1518 0.9858
vn -0.0923 -0.1164 0.9889
vn -0.1046 -0.0448 0.9935
vn -0.1046 0.0448 0.9935
vn -0.0923 0.1164 0.9889
vn -0.0722 0.1518 0.9858
vn -0.0505 -0.1119 0.9924
vn -0.0653 -0.1193 0.9907
vn -0.0949 -0.1197 0.9883
vn -0.1213 -0.0916 0.9884
vn -0.1372 -0.0352 0.9899
vn -0.1372 0.0352 0.9899
vn -0.1213 0.0916 0.9884
vn -0.0949 0.1197 0.9883
vn -0.0511 -0.0775 0.9957
vn -0.0660 -0.0826 0.9944
vn -0.0960 -0.0829 0.9919
vn -0.1225 -0.0633 0.9904
vn -0.1384 -0.0243 0.9901
vn -0.1384 0.0243 0.9901
vn -0.1225 0.0633 0.9904
vn -0.0960 0.0829 0.9919
vn -0.0485 -0.0602 0.9970
vn -0.0626 -0.0641 0.9960
vn -0.0910 -0.0644 0.9938
vn -0.1161 -0.0492 0.9920
vn -0.1311 -0.0189 0.9912
vn -0.1311 0.0189 0.9912
vn -0.1161 0.0492 0.9920
vn -0.0910 0.0644 0.9938
vn 0.0449 -0.0596 0.9972
vn 0.0590 -0.0636 0.9962
vn 0.0873 -0.0638 0.9941
vn 0.1123 -0.0487 0.9925
vn 0.1273 -0.0187 0.9917
vn 0.1273 0.0187 0.9917
vn 0.1123 0.0487 0.9925
vn 0.0873 0.0638 0.9941
vn -0.1948 -0.9798 -0.0455
vn -0.5550 -0.8306 -0.0461
vn -0.0009 -1.0000 -0.0004
vn -0.3887 -0.9154 -0.1046
vn -0.3005 -0.8698 -0.3914
vn -0.0002 -0.9180 -0.3966
vn -0.8831 -0.4044 -0.2379
vn -0.8029 -0.3174 -0.5046
vn -0.9654 -0.0016 -0.2609
vn -0.8098 -0.0006 -0.5867
vn -0.3565 -0.0006 -0.9343
vn -0.2780 -0.3175 -0.9066
vn -0.0016 -0.0065 -1.0000
vn 0.0008 -0.4039 -0.9148
vn -0.0005 0.9047 -0.4261
vn 0.0012 0.7115 -0.7027
vn -0.2226 0.7202 -0.6571
vn -0.3831 0.7923 -0.4748
vn 0.0016 0.3356 -0.9420
vn -0.2199 0.2140 -0.9518
vn -0.0026 0.0099 -0.9999
vn -0.3565 0.0015 -0.9343
vn -0.8094 0.0015 -0.5872
vn -0.7805 0.2237 -0.5837
vn -0.9651 0.0020 -0.2618
vn -0.8444 0.3604 -0.3964
vn 0.0009 -1.0000 -0.0004
vn 0.0015 -0.9180 -0.3966
vn 0.2988 -0.8684 -0.3957
vn 0.3869 -0.9153 -0.1121
vn 0.0023 -0.4040 -0.9148
vn 0.2758 -0.3186 -0.9069
vn 0.0049 -0.0066 -1.0000
vn 0.3543 -0.0006 -0.9351
vn 0.8019 -0.0006 -0.5975
vn 0.7957 -0.3186 -0.5152
vn 0.9602 -0.0017 -0.2792
vn 0.8781 -0.4050 -0.2547
vn 0.0019 0.9047 -0.4261
vn 0.3812 0.7898 -0.4806
vn 0.2228 0.7181 -0.6593
vn 0.0011 0.7115 -0.7027
vn 0.8377 0.3593 -0.4112
vn 0.7734 0.2210 -0.5941
vn 0.9600 0.0020 -0.2801
vn 0.8014 0.0016 -0.5981
vn 0.3544 0.0015 -0.9351
vn 0.2207 0.2118 -0.9521
vn 0.0059 0.0101 -0.9999
vn 0.0015 0.3356 -0.9420
vn -0.0008 -1.0000 0.0011
vn -0.3891 -0.9154 -0.1033
vn -0.8832 -0.4047 -0.2368
vn -0.9657 -0.0016 -0.2595
vn -0.0005 0.9055 -0.4243
vn -0.3839 0.7918 -0.4750
vn -0.8440 0.3609 -0.3968
vn -0.9655 0.0020 -0.2603
vn 0.0008 -1.0000 0.0010
vn 0.3874 -0.9152 -0.1109
vn 0.8783 -0.4054 -0.2537
vn 0.9606 -0.0017 -0.2778
vn 0.0019 0.9055 -0.4243
vn 0.3820 0.7892 -0.4808
vn 0.8373 0.3598 -0.4116
vn 0.9604 0.0020 -0.2787
vn 0.0007 -0.0002 -1.0000
vn -0.0087 -0.0000 -1.0000
vn -0.4184 -0.0003 -0.9083
vn -0.3633 -0.0728 -0.9288
vn -0.7342 -0.0005 -0.6790
vn -0.6640 -0.1498 -0.7326
vn -0.9328 -0.0010 -0.3604
vn -0.8918 -0.2000 -0.4057
vn -0.4184 0.0003 -0.9083
vn -0.7342 0.0005 -0.6789
vn -0.9328 0.0010 -0.3604
vn 0.0008 0.0002 -1.0000
vn -0.3633 0.0732 -0.9288
vn -0.6627 0.1504 -0.7337
vn -0.8907 0.1992 -0.4087
vn -0.2405 -0.2377 -0.9411
vn -0.4512 -0.4401 -0.7764
vn -0.6335 -0.6289 -0.4508
vn 0.0015 -0.0008 -1.0000
vn -0.0730 -0.3664 -0.9276
vn -0.1522 -0.6637 -0.7324
vn -0.2007 -0.8914 -0.4063
vn -0.6337 -0.6345 -0.4425
vn -0.8957 -0.1901 -0.4019
vn -0.7087 -0.1358 -0.6923
vn -0.5005 -0.5019 -0.7054
vn -0.2387 0.2382 -0.9414
vn -0.0724 0.3655 -0.9280
vn -0.1508 0.6631 -0.7332
vn -0.4463 0.4417 -0.7783
vn -0.1992 0.8908 -0.4084
vn -0.6299 0.6282 -0.4567
vn 0.0016 -0.0000 -1.0000
vn -0.6313 0.6320 -0.4495
vn -0.1881 0.8950 -0.4044
vn -0.1340 0.7077 -0.6937
vn -0.4974 0.4986 -0.7099
vn 0.0019 -0.0008 -1.0000
vn 0.0018 -0.0015 -1.0000
vn 0.0024 -0.4195 -0.9077
vn 0.1014 -0.3768 -0.9207
vn 0.0026 -0.7348 -0.6783
vn 0.1726 -0.6815 -0.7112
vn 0.0026 -0.9330 -0.3599
vn 0.2016 -0.8919 -0.4048
vn 0.0017 -0.0015 -1.0000
vn 0.0007 -0.4192 -0.9079
vn -0.0003 -0.7345 -0.6786
vn -0.0014 -0.9330 -0.3598
vn 0.2707 -0.2692 -0.9243
vn 0.4834 -0.4822 -0.7306
vn 0.6323 -0.6315 -0.4488
vn 0.0025 -0.0002 -1.0000
vn 0.0023 -0.0007 -1.0000
vn 0.3747 -0.0993 -0.9218
vn 0.1280 0.3777 -0.9170
vn 0.2704 0.2689 -0.9244
vn 0.4824 0.4814 -0.7318
vn 0.2151 0.6733 -0.7074
vn 0.6311 0.6305 -0.4519
vn 0.2510 0.8762 -0.4114
vn 0.0023 0.0007 -1.0000
vn 0.0040 -0.0010 -1.0000
vn 0.3800 0.0931 -0.9203
vn 0.0015 0.0008 -1.0000
vn 0.0017 0.0014 -1.0000
vn 0.0007 0.4187 -0.9081
vn -0.0002 0.7341 -0.6790
vn -0.0014 0.9330 -0.3598
vn 0.0092 0.0009 -1.0000
vn 0.0298 0.4067 -0.9131
vn 0.0503 0.7204 -0.6917
vn 0.0568 0.9240 -0.3781
vn -0.0020 0.0042 -1.0000
vn 0.6796 -0.1712 -0.7133
vn 0.8923 -0.2009 -0.4043
vn 0.6353 -0.6346 -0.4400
vn 0.1908 -0.8965 -0.3999
vn 0.1372 -0.7100 -0.6907
vn 0.5031 -0.5020 -0.7035
vn 0.6803 0.1755 -0.7116
vn 0.8854 0.2218 -0.4085
vn 0.6338 0.6332 -0.4443
vn 0.8885 0.2135 -0.4062
vn 0.7031 0.1530 -0.6944
vn 0.5011 0.5001 -0.7063
vn 0.9334 -0.0010 -0.3588
vn 0.7317 -0.0006 -0.6816
vn 0.4155 -0.0004 -0.9096
vn 0.0035 -0.0000 -1.0000
vn 0.0023 0.0015 -1.0000
vn 0.4137 0.0099 -0.9104
vn 0.7281 0.0216 -0.6851
vn 0.9301 0.0293 -0.3662
vn 0.0009 -0.0004 -1.0000
vn 0.0003 -0.0001 -1.0000
vn -0.4605 -0.0008 -0.8876
vn -0.4163 -0.1096 -0.9026
vn -0.8038 -0.0015 -0.5949
vn -0.7555 -0.1951 -0.6254
vn -0.9845 -0.0018 -0.1753
vn -0.9563 -0.2123 -0.2013
vn -0.9845 0.0018 -0.1753
vn -0.8036 0.0017 -0.5952
vn -0.4603 0.0006 -0.8878
vn -0.0003 -0.0000 -1.0000
vn -0.3001 -0.3016 -0.9050
vn -0.5434 -0.5445 -0.6389
vn -0.6880 -0.6883 -0.2300
vn 0.0012 -0.0006 -1.0000
vn -0.1110 -0.4186 -0.9014
vn 0.0009 0.0002 -1.0000
vn -0.4035 0.0829 -0.9112
vn -0.7356 0.1752 -0.6544
vn -0.9560 0.2110 -0.2039
vn -0.2637 0.2692 -0.9263
vn -0.4957 0.5114 -0.7020
vn -0.6859 0.6886 -0.2352
vn 0.0016 0.0001 -1.0000
vn -0.0802 0.4032 -0.9116
vn -0.1967 -0.7567 -0.6235
vn -0.2120 -0.9566 -0.1999
vn -0.6887 -0.6890 -0.2256
vn -0.9577 -0.2062 -0.2009
vn -0.7702 -0.1494 -0.6200
vn -0.5406 -0.5417 -0.6437
vn -0.1714 0.7382 -0.6524
vn -0.2101 0.9567 -0.2016
vn -0.6875 0.6879 -0.2325
vn -0.2043 0.9576 -0.2032
vn -0.1446 0.7871 -0.5996
vn -0.5605 0.5614 -0.6088
vn 0.0015 -0.0026 -1.0000
vn 0.0010 -0.4637 -0.8860
vn -0.0003 -0.8060 -0.5920
vn -0.0009 -0.9849 -0.1731
vn 0.0017 0.0021 -1.0000
vn 0.0011 0.4629 -0.8864
vn -0.0003 0.8056 -0.5925
vn -0.0010 0.9849 -0.1732
vn 0.0076 0.0002 -1.0000
vn 0.0227 -0.4506 -0.8924
vn 0.0472 -0.7947 -0.6052
vn 0.0564 -0.9809 -0.1860
vn 0.0088 -0.0042 -1.0000
vn 0.0238 0.4426 -0.8964
vn 0.0389 0.7922 -0.6090
vn 0.0559 0.9803 -0.1894
vn 0.0042 -0.0018 -1.0000
vn 0.0968 0.4000 -0.9114
vn 0.1890 0.7211 -0.6665
vn 0.2660 0.9408 -0.2101
vn 0.2636 -0.2586 -0.9293
vn 0.1057 -0.3975 -0.9115
vn 0.2198 -0.7260 -0.6516
vn 0.5096 -0.4993 -0.7007
vn 0.2634 -0.9434 -0.2016
vn 0.6897 -0.6878 -0.2266
vn 0.0015 -0.0057 -1.0000
vn 0.4000 -0.1031 -0.9107
vn -0.0032 -0.0015 -1.0000
vn 0.7288 -0.2182 -0.6491
vn 0.9445 -0.2643 -0.1949
vn 0.6896 -0.6892 -0.2223
vn 0.2577 -0.9452 -0.2007
vn 0.1840 -0.7796 -0.5987
vn 0.5660 -0.5649 -0.6005
vn 0.0073 0.0058 -1.0000
vn 0.4507 -0.0222 -0.8924
vn 0.7952 -0.0469 -0.6046
vn 0.9816 -0.0550 -0.1828
vn 0.0023 0.0056 -1.0000
vn 0.4481 0.0172 -0.8938
vn 0.7963 0.0291 -0.6042
vn 0.9820 0.0422 -0.1843
vn 0.0031 -0.0047 -1.0000
vn 0.4013 0.0870 -0.9118
vn 0.7248 0.1765 -0.6659
vn 0.9459 0.2477 -0.2095
vn 0.2494 0.2478 -0.9362
vn 0.4825 0.4812 -0.7319
vn 0.6856 0.6848 -0.2471
vn 0.0017 0.0001 -1.0000
vn 0.6897 0.6894 -0.2216
vn 0.9487 0.2458 -0.1989
vn 0.7832 0.1744 -0.5969
vn 0.5664 0.5653 -0.5997
vn -0.0014 0.9361 -0.3517
vn -0.0001 0.7376 -0.6753
vn 0.0009 0.4229 -0.9062
vn -0.0763 0.4280 -0.9006
vn 0.0017 0.0024 -1.0000
vn -0.2871 0.2887 -0.9134
vn 0.0009 0.0004 -1.0000
vn -0.8943 0.1889 -0.4056
vn -0.7066 0.1347 -0.6947
vn -0.4266 0.0777 -0.9011
vn -0.9353 0.0009 -0.3538
vn -0.7360 0.0005 -0.6770
vn -0.4208 0.0002 -0.9072
vn -0.0037 -0.0000 -1.0000
vn -0.9353 -0.0009 -0.3537
vn -0.7360 -0.0005 -0.6769
vn -0.4208 -0.0002 -0.9072
vn -0.4297 -0.0785 -0.8995
vn -0.0041 -0.0000 -1.0000
vn 0.0008 -0.0002 -1.0000
vn -0.2905 -0.2922 -0.9112
vn 0.0011 -0.0006 -1.0000
vn -0.1894 -0.8964 -0.4007
vn -0.1347 -0.7100 -0.6912
vn -0.0768 -0.4314 -0.8989
vn -0.0013 -0.9361 -0.3519
vn -0.0000 -0.7377 -0.6751
vn 0.0009 -0.4232 -0.9060
vn 0.0017 -0.0024 -1.0000
vn 0.0026 -0.9361 -0.3518
vn 0.0023 -0.7377 -0.6751
vn 0.0021 -0.4232 -0.9060
vn 0.0800 -0.4315 -0.8986
vn 0.0017 -0.0025 -1.0000
vn 0.0018 -0.0009 -1.0000
vn 0.2938 -0.2923 -0.9101
vn 0.0021 -0.0006 -1.0000
vn 0.8971 -0.1902 -0.3987
vn 0.7111 -0.1360 -0.6898
vn 0.4330 -0.0785 -0.8980
vn 0.9365 -0.0010 -0.3506
vn 0.7384 -0.0004 -0.6744
vn 0.4239 -0.0002 -0.9057
vn 0.0077 -0.0000 -1.0000
vn 0.9339 0.0241 -0.3568
vn 0.7379 0.0168 -0.6747
vn 0.4251 0.0088 -0.9051
vn 0.4282 0.0871 -0.8995
vn 0.0088 -0.0030 -1.0000
vn 0.0010 -0.0009 -1.0000
vn 0.2914 0.2899 -0.9116
vn 0.0021 0.0005 -1.0000
vn 0.2386 0.8792 -0.4125
vn 0.1733 0.6963 -0.6965
vn 0.0991 0.4244 -0.9000
vn -0.0016 -0.0018 -1.0000
vn 0.0533 0.9306 -0.3621
vn 0.0365 0.7353 -0.6768
vn 0.0200 0.4245 -0.9052
vn 0.0070 0.0052 -1.0000
vn -0.0008 0.9855 -0.1697
vn 0.0004 0.8068 -0.5909
vn 0.0012 0.4651 -0.8853
vn -0.0834 0.4756 -0.8757
vn 0.0017 0.0043 -1.0000
vn -0.3210 0.3225 -0.8905
vn 0.0012 0.0006 -1.0000
vn -0.9573 0.2047 -0.2043
vn -0.7861 0.1457 -0.6007
vn -0.4742 0.0849 -0.8763
vn -0.9852 0.0018 -0.1712
vn -0.8059 0.0010 -0.5921
vn -0.4644 0.0005 -0.8856
vn -0.0010 0.0003 -1.0000
vn -0.9852 -0.0016 -0.1711
vn -0.8014 -0.0038 -0.5981
vn -0.4639 0.0041 -0.8859
vn -0.4310 -0.0642 -0.9001
vn -0.0023 -0.0011 -1.0000
vn -0.0051 -0.0344 -0.9994
vn -0.2433 -0.2451 -0.9385
vn -0.0111 -0.0130 -0.9999
vn -0.2058 -0.9580 -0.1996
vn -0.1484 -0.7713 -0.6189
vn -0.0626 -0.4326 -0.8994
vn -0.0328 -0.0067 -0.9994
vn -0.0008 -0.9855 -0.1697
vn -0.0023 -0.8021 -0.5972
vn 0.0015 -0.4713 -0.8820
vn -0.0367 -0.0106 -0.9993
vn 0.0500 -0.9829 -0.1774
vn 0.0379 -0.8078 -0.5882
vn 0.0214 -0.4694 -0.8827
vn 0.1071 -0.4772 -0.8722
vn -0.0045 -0.0084 -1.0000
vn -0.0023 0.0016 -1.0000
vn 0.3290 -0.3273 -0.8858
vn 0.0023 -0.0003 -1.0000
vn 0.9467 -0.2518 -0.2009
vn 0.7826 -0.1808 -0.5957
vn 0.4789 -0.1042 -0.8717
vn 0.0002 0.0035 -1.0000
vn 0.9835 -0.0504 -0.1739
vn 0.8080 -0.0350 -0.5881
vn 0.4697 -0.0187 -0.8826
vn 0.0073 -0.0052 -1.0000
vn 0.9840 0.0391 -0.1740
vn 0.8088 0.0289 -0.5874
vn 0.4701 0.0154 -0.8825
vn 0.4799 0.1008 -0.8715
vn 0.0075 -0.0050 -1.0000
vn 0.0005 -0.0025 -1.0000
vn 0.3294 0.3279 -0.8854
vn 0.0022 0.0005 -1.0000
vn 0.2570 0.9451 -0.2018
vn 0.1855 0.7811 -0.5962
vn 0.1079 0.4778 -0.8718
vn -0.0025 -0.0016 -1.0000
vn 0.0551 0.9828 -0.1760
vn 0.0392 0.8069 -0.5894
vn 0.0219 0.4681 -0.8834
vn 0.0075 0.0075 -0.9999
vn 0.9788 0.1947 -0.0643
vn 0.8298 0.5543 -0.0645
vn 0.5545 0.8296 -0.0650
vn 0.5546 0.8296 -0.0650
vn 0.1948 -0.9786 -0.0656
vn 0.5546 -0.8296 -0.0650
vn 0.9788 -0.1947 -0.0643
vn 0.8298 -0.5543 -0.0645
vn -0.1945 0.9787 -0.0662
vn -0.5543 0.8296 -0.0668
vn 0.1947 0.9787 -0.0655
vn -0.8296 0.5543 -0.0673
vn -0.9785 0.1946 -0.0676
vn -0.5543 -0.8296 -0.0668
vn -0.1946 -0.9786 -0.0662
vn -0.9785 -0.1946 -0.0676
vn -0.8296 -0.5543 -0.0673
vn 0.9808 -0.1951 0.0017
vn 0.8315 -0.5555 0.0014
vn 0.9808 -0.1950 0.0017
vn 0.9799 0.1949 -0.0434
vn 0.9799 -0.1949 -0.0434
vn -0.8306 0.5549 -0.0465
vn -0.5550 0.8306 -0.0460
vn 0.8307 -0.5550 -0.0437
vn -0.8306 -0.5550 -0.0465
vn -0.1948 0.9798 -0.0454
vn 0.1949 0.9798 -0.0448
vn 0.5551 0.8306 -0.0442
vn -0.9797 -0.1949 -0.0467
vn 0.5551 -0.8306 -0.0442
vn 0.1950 -0.9798 -0.0448
vn 0.8307 0.5550 -0.0437
vn -0.9797 0.1949 -0.0467
vn -0.1952 -0.9808 -0.0003
vn -0.5556 -0.8314 -0.0009
vn -0.5556 -0.8315 -0.0009
vn -0.1953 -0.9807 -0.0003
vn -0.8314 0.5556 -0.0014
vn -0.5555 0.8315 -0.0010
vn 0.5555 -0.8315 0.0009
vn -0.1950 0.9808 -0.0003
vn 0.1950 -0.9808 0.0003
vn 0.1950 0.9808 0.0003
vn -0.1950 -0.9808 -0.0003
vn -0.5555 -0.8315 -0.0010
vn 0.5555 0.8315 0.0009
vn -0.8315 -0.5555 -0.0014
vn 0.8314 0.5556 0.0014
vn -0.9808 -0.1950 -0.0016
vn -0.9808 -0.1951 -0.0016
vn 0.9808 0.1952 0.0017
vn 0.9808 0.1951 0.0017
vn -0.9808 0.1952 -0.0016
vn -0.9808 0.1951 -0.0016
vn 0.0019 -0.0001 -1.0000
vn 0.0018 0.0003 -1.0000
vn 0.0017 -0.0001 -1.0000
vn 0.0016 -0.0002 -1.0000
vn -0.5555 -0.8315 -0.0009
vn -0.8316 -0.5554 -0.0014
vn 0.5556 0.8315 0.0009
vn 0.8313 0.5558 0.0014
vn 0.5556 0.8314 0.0009
vn -0.8314 -0.5556 -0.0014
vn -0.8314 -0.5557 -0.0014
vn 0.9808 0.1951 0.0016
vn 0.9808 0.1952 0.0016
vn -0.9808 -0.1952 -0.0016
vn 0.9808 -0.1948 0.0016
vn 0.9808 -0.1949 0.0016
vn -0.9807 0.1955 -0.0016
vn -0.9807 0.1954 -0.0016
vn 0.8315 -0.5556 0.0014
vn -0.8312 0.5559 -0.0014
vn 0.5556 -0.8315 0.0009
vn 0.5556 -0.8314 0.0009
vn -0.5557 0.8314 -0.0009
vn -0.5556 0.8314 -0.0009
vn 0.1953 -0.9807 0.0003
vn 0.1953 -0.9808 0.0003
vn -0.1952 0.9808 -0.0003
vn -0.1953 0.9807 -0.0003
vn 0.1953 0.9807 0.0003
vn 0.0017 0.0009 -1.0000
vn 0.0021 0.0004 -1.0000
vn 0.0018 -0.0003 -1.0000
vn 0.0019 0.0006 -1.0000
vn 0.0017 -0.0002 -1.0000
vn 0.0021 -0.0004 -1.0000
vn 0.0017 0.0002 -1.0000
vn 0.0018 -0.0002 -1.0000
vn 0.0017 -0.0009 -1.0000
vn 0.5557 0.8314 0.0009
vn 0.8312 0.5559 0.0014
vn 0.9807 0.1953 0.0016
vn 0.9807 0.1956 0.0016
vn -0.9807 0.1953 -0.0016
vn 0.9808 -0.1951 0.0016
vn -0.8317 0.5552 -0.0014
vn -0.8315 0.5555 -0.0014
vn 0.8311 -0.5562 0.0014
vn 0.8314 -0.5557 0.0014
vn -0.5558 0.8313 -0.0009
vn -0.5562 0.8311 -0.0009
vn -0.1949 0.9808 -0.0003
vn 0.1952 -0.9808 0.0003
vn 0.1951 0.9808 0.0003
vn -0.1949 -0.9808 -0.0003
vn -0.0000 -1.0000 0.0001
vn -0.3828 -0.9238 -0.0005
vn -0.3825 -0.9239 -0.0007
vn -0.0001 -1.0000 0.0001
vn 0.3827 -0.9239 0.0008
vn 0.3826 -0.9239 0.0005
vn -0.0000 1.0000 0.0001
vn 0.3825 0.9240 0.0008
vn 0.3826 0.9239 0.0004
vn -0.0001 1.0000 0.0001
vn -0.7070 -0.7072 -0.0010
vn 0.7072 0.7070 0.0012
vn 0.7071 0.7071 0.0012
vn -0.9239 -0.3827 -0.0013
vn -0.9239 -0.3826 -0.0013
vn 0.9238 0.3828 0.0013
vn -1.0000 -0.0000 -0.0019
vn -1.0000 -0.0000 -0.0014
vn 1.0000 -0.0000 0.0014
vn -0.9239 0.3826 -0.0013
vn -0.9238 0.3828 -0.0016
vn 0.9238 -0.3829 0.0013
vn -0.7071 0.7071 -0.0010
vn 0.7071 -0.7071 0.0012
vn 0.7070 -0.7072 0.0012
vn -0.3826 0.9239 -0.0005
vn 0.0016 0.0002 -1.0000
vn 0.0018 -0.0004 -1.0000
vn 0.0018 0.0004 -1.0000
vn 0.0018 0.0002 -1.0000
vn 0.0014 -0.0001 -1.0000
vn 0.0015 -0.0002 -1.0000
vn 0.0013 -0.0005 -1.0000
vn 0.9238 0.3828 0.0016
vn 0.9238 -0.3828 0.0016
vn -0.7071 0.7072 -0.0012
vn -0.7070 0.7072 -0.0012
vn -0.3827 0.9239 -0.0006
vn -0.3828 0.9238 -0.0006
vn 0.3828 -0.9238 0.0007
vn -0.3827 -0.9239 -0.0006
vn -0.3828 -0.9238 -0.0006
vn 0.3828 0.9238 0.0007
vn -0.7071 -0.7072 -0.0012
vn -0.7070 -0.7072 -0.0012
vn -0.9238 -0.3828 -0.0016
vn 0.0019 -0.0000 -1.0000
vn 0.0014 -0.0002 -1.0000
vn 0.0015 0.0002 -1.0000
vn 0.3825 -0.9240 0.0006
vn 0.7071 -0.7072 0.0012
vn -0.7071 0.7071 -0.0012
vn -0.3829 0.9238 -0.0007
vn 0.3828 0.9238 0.0006
vn -0.3826 -0.9239 -0.0007
vn 0.9239 0.3827 0.0015
vn -0.9239 -0.3826 -0.0016
vn 1.0000 -0.0001 0.0016
vn -1.0000 -0.0001 -0.0017
vn 0.9239 -0.3825 0.0015
vn -0.9239 0.3827 -0.0016
vn 0.0018 -0.0001 -1.0000
vn -0.7073 -0.7069 -0.0012
vn -0.7072 -0.7070 -0.0012
vn -0.3826 -0.9239 -0.0006
vn 0.3833 0.9236 0.0007
vn 0.7070 0.7072 0.0012
vn 0.7067 0.7075 0.0012
vn 0.3832 0.9236 0.0007
vn -0.9238 -0.3829 -0.0015
vn 0.9238 0.3829 0.0016
vn 0.9238 0.3830 0.0016
vn -0.9236 0.3833 -0.0015
vn 0.9240 -0.3825 0.0016
vn 0.9239 -0.3825 0.0016
vn -0.7069 0.7073 -0.0012
vn -0.3835 0.9236 -0.0007
vn -0.3829 0.9238 -0.0006
vn 0.3825 -0.9239 0.0007
vn 0.3825 -0.9240 0.0007
vn -0.0001 -1.0000 -0.0000
vn -0.0001 1.0000 -0.0000
vn 0.3826 0.9239 0.0007
vn 0.7071 0.7071 0.0013
vn 0.7072 0.7070 0.0018
vn 0.9239 0.3827 0.0023
vn 1.0000 -0.0000 0.0018
vn 0.9239 -0.3827 0.0018
vn 0.7070 -0.7072 0.0018
vn 0.7071 -0.7071 0.0014
vn 0.9238 -0.3827 0.0023
vn 0.3829 -0.9238 0.0007
vn 0.0019 0.0001 -1.0000
vn 0.9239 0.3826 0.0015
vn -0.9239 -0.3827 -0.0016
vn 0.9239 -0.3826 0.0015
vn 0.3827 0.9239 0.0006
vn 0.3827 -0.9239 0.0006
vn 0.7070 -0.7072 0.0011
vn 0.3826 -0.9239 0.0006
vn 0.0020 -0.0000 -1.0000
vn 1.0000 -0.0001 0.0017
vn 0.7071 0.7071 0.0011
vn 0.0001 -1.0000 -0.0000
vn 0.3829 0.9238 0.0006
vn 0.0001 1.0000 -0.0000
vn -0.7071 -0.7071 -0.0012
vn 0.3832 0.9237 0.0006
vn 0.7071 0.7072 0.0012
vn 0.9240 -0.3824 0.0016
vn -0.9240 -0.3824 -0.0015
vn -0.9240 -0.3825 -0.0015
vn -1.0000 -0.0000 -0.0016
vn -0.9238 0.3829 -0.0015
vn -0.3833 0.9236 -0.0006
vn -0.7068 0.7074 -0.0012
vn -0.0005 1.0000 -0.0000
vn -0.3832 0.9236 -0.0006
vn 0.0004 1.0000 -0.0000
vn -0.3832 0.9237 -0.0006
vn 0.3826 -0.9239 0.0007
vn -0.9238 0.3830 -0.0015
vn -0.7072 0.7070 -0.0012
vn -0.9239 -0.3825 -0.0015
vn 0.3826 0.9239 0.0006
vn 0.3833 0.9236 0.0006
vn 0.9238 -0.3829 0.0016
vn 0.9236 0.3833 0.0016
vn 0.9239 -0.3826 0.0016
vn 0.7072 0.7071 0.0012
vn -0.7072 0.7071 -0.0012
vn -0.3825 -0.9239 -0.0006
vn -0.3825 -0.9240 -0.0006
vn 0.9239 0.3827 0.0016
vn 0.0021 -0.0001 -1.0000
vn 0.3828 -0.9238 0.0006
vn 0.0021 0.0001 -1.0000
vn 0.0012 -0.0002 -1.0000
vn 1.0000 -0.0000 0.0016
vn 0.9238 -0.3828 0.0015
vn -0.3828 -0.9239 -0.0006
vn -0.9238 -0.3828 -0.0015
vn -0.3828 0.9239 -0.0006
vn -0.9238 0.3828 -0.0015
vn 0.9238 0.3828 0.0015
vn 0.7070 -0.7072 0.0010
vn 0.3828 -0.9238 0.0005
vn 0.0014 0.0001 -1.0000
vn 0.0014 0.0004 -1.0000
vn 0.7071 0.7071 0.0014
vn 0.9239 0.3826 0.0013
vn 0.7071 0.7071 0.0010
vn 0.3826 0.9239 0.0005
vn -0.7072 0.7070 -0.0018
vn -0.3826 0.9239 -0.0007
vn -0.7071 0.7071 -0.0013
vn -0.9239 0.3827 -0.0023
vn -1.0000 -0.0000 -0.0021
vn -0.7071 -0.7071 -0.0011
vn -0.9238 -0.3828 -0.0023
vn -0.7070 -0.7072 -0.0018
vn -0.3828 -0.9238 -0.0008
vn -0.3829 -0.9238 -0.0008
vn 0.9239 -0.3827 0.0013
vn 1.0000 0.0001 0.0014
vn -0.3825 0.9239 -0.0005
vn -0.3826 0.9239 -0.0006
vn -1.0000 -0.0000 -0.0018
vn 0.0021 -0.0003 -1.0000
vn 0.3830 -0.9238 0.0008
vn 0.3828 0.9239 0.0008
vn 0.0019 -0.0005 -1.0000
vn 0.0010 -0.0001 -1.0000
vn 0.0013 -0.0002 -1.0000
vn -0.3828 -0.9238 -0.0007
vn -0.3828 0.9238 -0.0007
vn -0.7069 -0.7073 -0.0012
vn 0.3830 0.9238 0.0006
vn 0.7069 0.7073 0.0012
vn 0.3834 0.9236 0.0006
vn 0.0013 -0.0000 -1.0000
vn -0.9236 0.3833 -0.0016
vn -0.7067 0.7075 -0.0012
vn 0.0002 1.0000 -0.0000
vn -0.9238 -0.3829 -0.0016
vn -0.9239 -0.3826 -0.0015
vn -0.9237 0.3830 -0.0015
vn 0.7070 -0.7072 0.0015
vn 0.7070 -0.7073 0.0015
vn -0.9239 0.3826 -0.0016
vn 0.7071 0.7071 0.0015
vn 0.9238 0.3829 0.0020
vn 0.9239 0.3827 0.0020
vn 0.7071 0.7072 0.0015
vn 0.0023 0.0009 -1.0000
vn 0.0014 -0.0004 -1.0000
vn 0.3827 0.9239 0.0005
vn -0.7072 -0.7071 -0.0013
vn 0.9238 -0.3830 0.0020
vn 0.9238 -0.3828 0.0020
vn 1.0000 -0.0000 0.0021
vn -0.3835 0.9236 -0.0006
vn -0.3834 0.9236 -0.0006
vn 0.3825 0.9240 0.0005
vn 0.9239 -0.3827 0.0017
vn -0.7071 0.7071 -0.0018
vn 0.7071 -0.7071 0.0011
vn 0.7077 0.7065 0.0012
vn 0.7068 0.7075 0.0012
vn 0.3835 0.9236 0.0007
vn 0.0009 -0.0000 -1.0000
vn 0.0010 0.0001 -1.0000
vn 0.9239 -0.3827 0.0016
vn -0.3829 -0.9238 -0.0007
vn -0.3826 0.9239 -0.0008
vn -0.7071 0.7071 -0.0011
vn 0.3829 -0.9238 0.0006
vn 0.0012 0.0002 -1.0000
vn -0.3829 -0.9238 -0.0006
vn -0.3824 -0.9240 -0.0006
vn -0.7073 0.7069 -0.0012
vn 0.7068 0.7074 0.0012
vn -0.7072 -0.7071 -0.0012
vn -0.9238 0.3829 -0.0016
vn 0.7071 0.7071 0.0018
vn 0.9239 0.3827 0.0018
vn 0.1951 0.9807 0.0166
vn 0.1938 0.9753 0.1063
vn 0.3804 0.9187 0.1067
vn 0.3826 0.9238 0.0169
vn -0.7011 -0.7006 0.1327
vn -0.5509 -0.8241 0.1323
vn -0.5531 -0.8275 0.0967
vn -0.7039 -0.7037 0.0967
vn -0.8242 -0.5505 0.1329
vn -0.8276 -0.5529 0.0966
vn -0.9158 -0.3792 0.1322
vn -0.9197 -0.3808 0.0959
vn -0.9722 -0.1934 0.1323
vn -0.9762 -0.1942 0.0961
vn -0.9912 -0.0000 0.1321
vn -0.9954 -0.0000 0.0958
vn -0.9722 0.1934 0.1322
vn -0.9763 0.1942 0.0958
vn -0.9157 0.3794 0.1327
vn -0.9196 0.3809 0.0961
vn -0.8242 0.5506 0.1322
vn -0.8277 0.5529 0.0964
vn -0.7010 0.7008 0.1325
vn -0.7038 0.7038 0.0965
vn -0.5508 0.8240 0.1328
vn -0.5531 0.8275 0.0967
vn -0.3795 0.9156 0.1330
vn -0.3810 0.9195 0.0970
vn -0.1936 0.9720 0.1335
vn -0.1943 0.9761 0.0974
vn -0.0002 0.9910 0.1336
vn -0.0002 0.9952 0.0980
vn 0.1932 0.9719 0.1344
vn 0.1940 0.9761 0.0983
vn 0.3790 0.9156 0.1344
vn 0.3807 0.9195 0.0984
vn 0.5504 0.8240 0.1345
vn 0.5528 0.8274 0.0990
vn 0.7005 0.7007 0.1350
vn 0.7035 0.7037 0.0994
vn 0.8238 0.5506 0.1352
vn 0.8273 0.5528 0.0995
vn 0.9152 0.3795 0.1353
vn 0.9193 0.3808 0.0995
vn 0.9717 0.1933 0.1355
vn 0.9759 0.1942 0.0991
vn 0.9908 -0.0000 0.1355
vn 0.9951 -0.0000 0.0992
vn 0.9715 -0.1933 0.1370
vn 0.9759 -0.1942 0.0993
vn 0.9153 -0.3792 0.1354
vn 0.9193 -0.3807 0.0993
vn 0.8238 -0.5506 0.1351
vn 0.8273 -0.5529 0.0996
vn 0.7006 -0.7008 0.1344
vn 0.7035 -0.7037 0.0991
vn 0.5503 -0.8239 0.1353
vn 0.5528 -0.8274 0.0991
vn 0.3790 -0.9156 0.1346
vn 0.3807 -0.9194 0.0987
vn 0.1931 -0.9721 0.1333
vn 0.1940 -0.9760 0.0986
vn -0.0693 -0.1011 0.9925
vn -0.0878 -0.0858 0.9924
vn 0.0718 0.0736 0.9947
vn 0.0560 0.0865 0.9947
vn -0.0002 -0.9910 0.1338
vn -0.0001 -0.9952 0.0983
vn -0.0000 0.9999 0.0162
vn -0.0002 0.9943 0.1065
vn -0.1951 0.9807 0.0159
vn -0.1942 0.9752 0.1058
vn 0.5554 0.8314 0.0172
vn 0.5523 0.8268 0.1070
vn 0.7029 0.7031 0.1073
vn 0.7070 0.7070 0.0175
vn 0.8265 0.5524 0.1079
vn 0.8313 0.5555 0.0177
vn 0.9185 0.3806 0.1077
vn 0.9237 0.3827 0.0179
vn 0.9751 0.1940 0.1075
vn 0.9806 0.1950 0.0179
vn 0.9942 -0.0000 0.1077
vn 0.9998 -0.0000 0.0180
vn 0.9751 -0.1939 0.1080
vn 0.9806 -0.1950 0.0180
vn 0.9185 -0.3806 0.1072
vn 0.9237 -0.3827 0.0179
vn 0.8267 -0.5524 0.1069
vn 0.8313 -0.5555 0.0177
vn 0.7029 -0.7031 0.1073
vn 0.7070 -0.7070 0.0175
vn 0.5524 -0.8268 0.1064
vn 0.5555 -0.8313 0.0172
vn 0.3804 -0.9187 0.1062
vn 0.3826 -0.9237 0.0169
vn 0.1938 -0.9753 0.1064
vn 0.1950 -0.9807 0.0166
vn -0.0002 -0.9943 0.1062
vn -0.0000 -0.9999 0.0163
vn -0.1941 -0.9753 0.1053
vn -0.1950 -0.9807 0.0160
vn -0.3807 -0.9187 0.1057
vn -0.3827 -0.9237 0.0156
vn -0.5527 -0.8268 0.1044
vn -0.5556 -0.8313 0.0154
vn -0.7033 -0.7031 0.1047
vn -0.7070 -0.7070 0.0151
vn -0.8270 -0.5524 0.1044
vn -0.8314 -0.5554 0.0149
vn -0.9189 -0.3805 0.1043
vn -0.9238 -0.3826 0.0147
vn -0.9755 -0.1939 0.1041
vn -0.9807 -0.1951 0.0146
vn -0.9945 -0.0000 0.1044
vn -0.9999 -0.0000 0.0146
vn -0.9754 0.1940 0.1043
vn -0.9807 0.1951 0.0146
vn -0.9189 0.3806 0.1040
vn -0.9238 0.3826 0.0147
vn -0.8270 0.5525 0.1045
vn -0.8314 0.5554 0.0149
vn -0.7032 0.7031 0.1055
vn -0.7070 0.7070 0.0151
vn -0.5525 0.8268 0.1057
vn -0.5555 0.8314 0.0154
vn -0.3807 0.9186 0.1059
vn -0.3826 0.9238 0.0156
vn -0.3796 -0.9155 0.1330
vn -0.1936 -0.9719 0.1336
vn -0.1943 -0.9761 0.0976
vn -0.3810 -0.9194 0.0973
vn 0.0451 -0.1130 0.9926
vn 0.0223 -0.1202 0.9925
vn -0.0218 0.1015 0.9946
vn -0.0411 0.0953 0.9946
vn 0.0222 0.1201 0.9925
vn 0.0453 0.1135 0.9925
vn -0.0412 -0.0956 0.9946
vn -0.0219 -0.1017 0.9946
vn -0.1034 -0.0679 0.9923
vn 0.0850 0.0578 0.9947
vn -0.0219 -0.1015 0.9946
vn -0.0017 -0.1033 0.9946
vn 0.0185 -0.1012 0.9947
vn 0.0379 -0.0955 0.9947
vn 0.0559 -0.0861 0.9947
vn 0.0714 -0.0731 0.9948
vn 0.0840 -0.0572 0.9948
vn 0.0939 -0.0396 0.9948
vn 0.1001 -0.0203 0.9948
vn 0.1022 -0.0000 0.9948
vn 0.1002 0.0203 0.9948
vn 0.0940 0.0396 0.9948
vn 0.0841 0.0572 0.9948
vn 0.0716 0.0732 0.9947
vn 0.0558 0.0860 0.9947
vn 0.0379 0.0955 0.9947
vn 0.0185 0.1013 0.9947
vn -0.0017 0.1034 0.9946
vn -0.0219 0.1017 0.9946
vn -0.0413 0.0956 0.9946
vn -0.0590 0.0858 0.9946
vn -0.0745 0.0729 0.9946
vn -0.0876 0.0574 0.9945
vn -0.0974 0.0396 0.9945
vn -0.1032 0.0201 0.9945
vn -0.1052 -0.0000 0.9945
vn -0.1032 -0.0201 0.9945
vn -0.0973 -0.0396 0.9945
vn -0.0875 -0.0574 0.9945
vn -0.0745 -0.0729 0.9945
vn -0.0593 -0.0862 0.9945
vn -0.0412 -0.0955 0.9946
vn 0.0663 0.1017 0.9926
vn -0.0592 -0.0861 0.9945
vn -0.1147 -0.0468 0.9923
vn 0.0942 0.0397 0.9948
vn 0.0849 0.0866 0.9926
vn -0.0753 -0.0735 0.9944
vn -0.1218 -0.0239 0.9923
vn 0.0999 0.0202 0.9948
vn 0.1000 0.0679 0.9927
vn -0.0877 -0.0576 0.9945
vn -0.1239 -0.0000 0.9923
vn 0.1027 -0.0000 0.9947
vn 0.1114 0.0468 0.9927
vn -0.0975 -0.0396 0.9945
vn -0.1222 0.0239 0.9922
vn 0.1007 -0.0204 0.9947
vn 0.1191 0.0242 0.9926
vn -0.1033 -0.0202 0.9944
vn -0.1149 0.0470 0.9923
vn 0.0941 -0.0396 0.9948
vn 0.1204 -0.0000 0.9927
vn -0.1050 -0.0000 0.9945
vn -0.1034 0.0679 0.9923
vn 0.0850 -0.0579 0.9947
vn 0.1181 -0.0238 0.9927
vn -0.1033 0.0202 0.9944
vn -0.0887 0.0870 0.9923
vn 0.0717 -0.0734 0.9947
vn 0.1113 -0.0468 0.9927
vn -0.0968 0.0394 0.9945
vn -0.0696 0.1015 0.9924
vn 0.0560 -0.0866 0.9947
vn 0.1000 -0.0679 0.9927
vn -0.0881 0.0575 0.9944
vn -0.0485 0.1129 0.9924
vn 0.0382 -0.0961 0.9946
vn -0.0017 -0.1224 0.9925
vn -0.0017 0.1036 0.9946
vn 0.0848 -0.0865 0.9926
vn -0.0748 0.0732 0.9945
vn -0.0255 0.1199 0.9925
vn 0.0186 -0.1018 0.9946
vn -0.0255 -0.1199 0.9925
vn -0.0485 -0.1129 0.9924
vn 0.0381 0.0958 0.9947
vn 0.0186 0.1016 0.9947
vn 0.0663 -0.1017 0.9926
vn -0.0592 0.0860 0.9945
vn -0.0016 0.1225 0.9925
vn -0.0017 -0.1036 0.9946
vn -0.0005 0.9252 0.3795
vn 0.1799 0.9073 0.3801
vn -0.0013 0.7115 0.7026
vn 0.1377 0.6980 0.7028
vn -0.0015 0.3911 0.9203
vn 0.0747 0.3834 0.9205
vn 0.3534 0.8544 0.3810
vn 0.2710 0.6574 0.7031
vn 0.1484 0.3617 0.9204
vn 0.5133 0.7691 0.3808
vn 0.3942 0.5915 0.7033
vn 0.2161 0.3259 0.9204
vn 0.6532 0.6539 0.3817
vn 0.5022 0.5032 0.7033
vn 0.2756 0.2772 0.9205
vn 0.7685 0.5139 0.3812
vn 0.5905 0.3952 0.7036
vn 0.3246 0.2179 0.9204
vn 0.8540 0.3540 0.3812
vn 0.6559 0.2722 0.7041
vn 0.3603 0.1498 0.9207
vn 0.9066 0.1805 0.3814
vn 0.6965 0.1389 0.7040
vn 0.3825 0.0764 0.9208
vn 0.9243 -0.0000 0.3818
vn 0.7104 -0.0000 0.7038
vn 0.3901 -0.0000 0.9208
vn 0.9066 -0.1805 0.3814
vn 0.6964 -0.1387 0.7041
vn 0.3834 -0.0766 0.9204
vn 0.8539 -0.3538 0.3817
vn 0.6557 -0.2721 0.7043
vn 0.3604 -0.1499 0.9207
vn 0.7686 -0.5140 0.3809
vn 0.5905 -0.3954 0.7036
vn 0.3243 -0.2175 0.9206
vn 0.6535 -0.6541 0.3809
vn 0.5018 -0.5029 0.7038
vn 0.2754 -0.2771 0.9205
vn 0.5132 -0.7692 0.3807
vn 0.3941 -0.5916 0.7034
vn 0.2158 -0.3254 0.9206
vn 0.3534 -0.8546 0.3804
vn 0.2711 -0.6574 0.7031
vn 0.1483 -0.3617 0.9204
vn 0.1797 -0.9072 0.3803
vn 0.1376 -0.6978 0.7030
vn 0.0749 -0.3839 0.9203
vn -0.0006 -0.9250 0.3800
vn -0.0012 -0.7115 0.7026
vn -0.0015 -0.3912 0.9203
vn -0.1810 -0.9073 0.3796
vn -0.1400 -0.6979 0.7024
vn -0.0779 -0.3838 0.9201
vn -0.3544 -0.8546 0.3796
vn -0.2735 -0.6571 0.7024
vn -0.1514 -0.3620 0.9198
vn -0.5146 -0.7693 0.3787
vn -0.3964 -0.5916 0.7021
vn -0.2193 -0.3258 0.9197
vn -0.6547 -0.6541 0.3788
vn -0.5043 -0.5031 0.7018
vn -0.2786 -0.2769 0.9196
vn -0.7699 -0.5139 0.3783
vn -0.5928 -0.3953 0.7017
vn -0.3273 -0.2176 0.9195
vn -0.8556 -0.3540 0.3778
vn -0.6588 -0.2724 0.7013
vn -0.3633 -0.1499 0.9195
vn -0.9076 -0.1803 0.3790
vn -0.6991 -0.1388 0.7014
vn -0.3855 -0.0764 0.9195
vn -0.9258 -0.0000 0.3780
vn -0.7128 -0.0000 0.7014
vn -0.3931 -0.0000 0.9195
vn -0.9079 0.1804 0.3784
vn -0.6991 0.1388 0.7014
vn -0.3858 0.0765 0.9194
vn -0.8553 0.3540 0.3784
vn -0.6587 0.2724 0.7014
vn -0.3634 0.1499 0.9195
vn -0.7696 0.5137 0.3792
vn -0.5928 0.3953 0.7017
vn -0.3272 0.2176 0.9196
vn -0.6547 0.6541 0.3787
vn -0.5043 0.5031 0.7018
vn -0.2791 0.2775 0.9193
vn -0.5145 0.7689 0.3796
vn -0.3969 0.5922 0.7012
vn -0.2192 0.3256 0.9198
vn -0.3545 0.8546 0.3794
vn -0.2735 0.6574 0.7022
vn -0.1515 0.3620 0.9198
vn -0.1812 0.9074 0.3793
vn -0.1402 0.6982 0.7021
vn -0.0779 0.3840 0.9200
vn -0.0015 -0.4866 0.8736
vn -0.0964 -0.4771 0.8735
vn -0.0008 -0.8601 0.5101
vn -0.1687 -0.8436 0.5098
vn -0.1877 -0.4493 0.8734
vn -0.3300 -0.7946 0.5096
vn -0.2718 -0.4045 0.8732
vn -0.4787 -0.7153 0.5091
vn -0.3460 -0.3447 0.8726
vn -0.6090 -0.6082 0.5091
vn -0.4060 -0.2704 0.8729
vn -0.7160 -0.4779 0.5088
vn -0.4511 -0.1862 0.8728
vn -0.7954 -0.3291 0.5090
vn -0.4787 -0.0949 0.8728
vn -0.8446 -0.1678 0.5083
vn -0.4880 -0.0000 0.8729
vn -0.8611 -0.0000 0.5085
vn -0.4788 0.0949 0.8728
vn -0.8444 0.1678 0.5087
vn -0.4508 0.1862 0.8730
vn -0.7956 0.3289 0.5087
vn -0.4059 0.2702 0.8731
vn -0.7159 0.4778 0.5091
vn -0.3455 0.3439 0.8731
vn -0.6093 0.6081 0.5088
vn -0.2717 0.4043 0.8733
vn -0.4789 0.7153 0.5090
vn -0.1877 0.4493 0.8735
vn -0.3301 0.7947 0.5094
vn -0.0964 0.4771 0.8735
vn -0.1687 0.8436 0.5098
vn -0.0015 0.4865 0.8737
vn -0.0009 0.8601 0.5101
vn 0.0935 0.4772 0.8738
vn 0.1668 0.8432 0.5111
vn 0.1847 0.4496 0.8739
vn 0.3283 0.7945 0.5108
vn 0.2685 0.4043 0.8743
vn 0.4770 0.7152 0.5108
vn 0.3425 0.3440 0.8743
vn 0.6073 0.6083 0.5111
vn 0.4028 0.2701 0.8745
vn 0.7141 0.4778 0.5117
vn 0.4478 0.1862 0.8745
vn 0.7938 0.3292 0.5115
vn 0.4757 0.0949 0.8745
vn 0.8425 0.1678 0.5119
vn 0.4861 -0.0000 0.8739
vn 0.8593 -0.0000 0.5115
vn 0.4758 -0.0949 0.8744
vn 0.8423 -0.1677 0.5122
vn 0.4478 -0.1861 0.8745
vn 0.7938 -0.3292 0.5114
vn 0.4027 -0.2701 0.8746
vn 0.7143 -0.4779 0.5113
vn 0.3423 -0.3440 0.8744
vn 0.6073 -0.6082 0.5111
vn 0.2688 -0.4045 0.8741
vn 0.4768 -0.7151 0.5111
vn 0.1847 -0.4495 0.8740
vn 0.3283 -0.7948 0.5104
vn 0.0937 -0.4778 0.8735
vn 0.1669 -0.8436 0.5104
vn -0.0007 -0.9250 0.3801
vn -0.1811 -0.9072 0.3796
vn -0.0012 -0.7115 0.7027
vn -0.1400 -0.6974 0.7028
vn -0.0016 -0.3915 0.9202
vn -0.0779 -0.3840 0.9201
vn -0.3546 -0.8547 0.3792
vn -0.2735 -0.6574 0.7021
vn -0.1512 -0.3614 0.9201
vn -0.5145 -0.7692 0.3789
vn -0.3964 -0.5916 0.7020
vn -0.2189 -0.3253 0.9199
vn -0.6547 -0.6540 0.3790
vn -0.5045 -0.5032 0.7016
vn -0.2784 -0.2768 0.9197
vn -0.7698 -0.5139 0.3786
vn -0.5929 -0.3954 0.7015
vn -0.8551 -0.3540 0.3789
vn -0.6591 -0.2724 0.7010
vn -0.3634 -0.1499 0.9195
vn -0.9079 -0.1805 0.3783
vn -0.6990 -0.1388 0.7015
vn -0.3854 -0.0763 0.9196
vn -0.9257 -0.0000 0.3781
vn -0.7123 -0.0000 0.7019
vn -0.3930 -0.0000 0.9195
vn -0.6989 0.1388 0.7016
vn -0.3854 0.0763 0.9196
vn -0.8552 0.3539 0.3786
vn -0.6583 0.2723 0.7018
vn -0.3637 0.1500 0.9193
vn -0.7694 0.5138 0.3794
vn -0.3273 0.2176 0.9195
vn -0.6547 0.6541 0.3790
vn -0.5043 0.5030 0.7019
vn -0.2785 0.2770 0.9196
vn -0.5145 0.7691 0.3791
vn -0.3964 0.5914 0.7022
vn -0.2191 0.3256 0.9198
vn -0.3546 0.8547 0.3791
vn -0.2733 0.6571 0.7025
vn -0.1513 0.3616 0.9200
vn -0.1811 0.9073 0.3795
vn -0.1399 0.6975 0.7027
vn -0.0007 0.9250 0.3799
vn -0.0013 0.7112 0.7030
vn -0.0016 0.3912 0.9203
vn 0.1798 0.9073 0.3802
vn 0.1376 0.6976 0.7032
vn 0.0747 0.3836 0.9205
vn 0.3535 0.8546 0.3804
vn 0.2711 0.6572 0.7032
vn 0.1482 0.3614 0.9206
vn 0.5132 0.7691 0.3808
vn 0.3944 0.5918 0.7030
vn 0.2160 0.3257 0.9205
vn 0.6533 0.6541 0.3814
vn 0.5019 0.5031 0.7036
vn 0.2752 0.2767 0.9207
vn 0.7683 0.5139 0.3815
vn 0.5906 0.3954 0.7034
vn 0.3240 0.2175 0.9207
vn 0.8540 0.3539 0.3813
vn 0.6560 0.2723 0.7039
vn 0.3599 0.1497 0.9209
vn 0.9067 0.1805 0.3813
vn 0.6967 0.1388 0.7038
vn 0.3824 0.0764 0.9208
vn 0.9244 -0.0000 0.3814
vn 0.7098 -0.0000 0.7044
vn 0.3903 -0.0000 0.9207
vn 0.9067 -0.1806 0.3811
vn 0.6965 -0.1388 0.7040
vn 0.3824 -0.0764 0.9208
vn 0.8540 -0.3541 0.3812
vn 0.6560 -0.2722 0.7040
vn 0.3598 -0.1497 0.9209
vn 0.7685 -0.5139 0.3811
vn 0.5907 -0.3956 0.7033
vn 0.3240 -0.2174 0.9207
vn 0.6534 -0.6541 0.3811
vn 0.5021 -0.5032 0.7033
vn 0.2755 -0.2770 0.9205
vn 0.5132 -0.7692 0.3806
vn 0.3942 -0.5917 0.7032
vn 0.2161 -0.3257 0.9204
vn 0.2713 -0.6576 0.7028
vn 0.1799 -0.9072 0.3803
vn 0.1376 -0.6979 0.7029
vn 0.0748 -0.3839 0.9204
vn -0.6590 0.7520 0.0152
vn -0.7930 0.6090 0.0150
vn -0.7888 0.6057 0.1045
vn -0.6555 0.7479 0.1049
vn 0.9569 -0.2569 0.1353
vn 0.9610 -0.2580 0.0997
vn 0.8922 -0.4406 0.0995
vn 0.8884 -0.4387 0.1355
vn 0.9886 -0.0651 0.1355
vn 0.9929 -0.0655 0.0995
vn 0.9823 0.1290 0.1360
vn 0.9866 0.1295 0.0995
vn 0.9383 0.3182 0.1351
vn 0.9424 0.3195 0.0992
vn 0.8582 0.4952 0.1353
vn 0.8619 0.4974 0.0991
vn 0.7451 0.6531 0.1352
vn 0.7484 0.6558 0.0991
vn 0.6034 0.7860 0.1348
vn 0.6060 0.7892 0.0990
vn 0.4384 0.8886 0.1346
vn 0.4404 0.8924 0.0987
vn 0.2567 0.9571 0.1341
vn 0.2578 0.9612 0.0980
vn 0.0650 0.9889 0.1339
vn 0.0654 0.9931 0.0975
vn -0.1291 0.9826 0.1338
vn -0.1297 0.9868 0.0973
vn -0.3184 0.9385 0.1334
vn -0.3197 0.9425 0.0972
vn -0.4953 0.8585 0.1331
vn -0.4973 0.8621 0.0970
vn -0.6535 0.7452 0.1328
vn -0.6560 0.7485 0.0970
vn -0.7861 0.6037 0.1325
vn -0.7894 0.6062 0.0969
vn -0.8888 0.4387 0.1326
vn -0.8925 0.4406 0.0964
vn -0.9574 0.2569 0.1323
vn -0.9613 0.2580 0.0962
vn -0.9891 0.0652 0.1322
vn -0.9932 0.0655 0.0965
vn -0.9829 -0.1290 0.1317
vn -0.9869 -0.1294 0.0964
vn -0.9388 -0.3182 0.1320
vn -0.9427 -0.3195 0.0962
vn -0.8587 -0.4951 0.1321
vn -0.8622 -0.4973 0.0963
vn -0.7456 -0.6530 0.1326
vn -0.7487 -0.6559 0.0966
vn -0.6039 -0.7859 0.1328
vn -0.6064 -0.7893 0.0966
vn -0.4389 -0.8886 0.1332
vn -0.4407 -0.8924 0.0972
vn -0.2571 -0.9571 0.1334
vn -0.2582 -0.9612 0.0974
vn -0.0657 -0.9888 0.1344
vn -0.0658 -0.9930 0.0982
vn 0.1287 -0.9826 0.1342
vn 0.1293 -0.9867 0.0984
vn 0.3180 -0.9386 0.1339
vn 0.3193 -0.9425 0.0985
vn 0.1073 -0.0539 0.9928
vn -0.0947 0.0459 0.9945
vn -0.1012 0.0268 0.9945
vn 0.1169 -0.0317 0.9926
vn 0.4950 -0.8584 0.1346
vn 0.4971 -0.8620 0.0989
vn -0.4996 0.8661 0.0154
vn -0.4970 0.8614 0.1054
vn -0.3210 0.9469 0.0157
vn -0.3194 0.9417 0.1059
vn -0.8966 0.4425 0.0148
vn -0.9657 0.2592 0.0147
vn -0.9606 0.2577 0.1043
vn -0.8918 0.4402 0.1044
vn -0.9977 0.0658 0.0146
vn -0.9923 0.0654 0.1048
vn -0.9914 -0.1301 0.0146
vn -0.9860 -0.1293 0.1050
vn -0.9470 -0.3210 0.0147
vn -0.9419 -0.3192 0.1046
vn -0.8661 -0.4996 0.0149
vn -0.8615 -0.4968 0.1046
vn -0.7521 -0.6589 0.0151
vn -0.7481 -0.6553 0.1045
vn -0.6090 -0.7930 0.0153
vn -0.6058 -0.7887 0.1050
vn -0.4426 -0.8966 0.0155
vn -0.4403 -0.8916 0.1056
vn -0.2592 -0.9657 0.0159
vn -0.2579 -0.9604 0.1058
vn -0.0658 -0.9977 0.0162
vn -0.0657 -0.9922 0.1061
vn 0.1300 -0.9914 0.0165
vn 0.1293 -0.9859 0.1062
vn 0.3210 -0.9469 0.0168
vn 0.3192 -0.9417 0.1062
vn 0.4996 -0.8661 0.0172
vn 0.4967 -0.8614 0.1063
vn 0.6589 -0.7520 0.0174
vn 0.6551 -0.7479 0.1066
vn 0.7930 -0.6090 0.0176
vn 0.7884 -0.6056 0.1076
vn 0.8965 -0.4426 0.0178
vn 0.8914 -0.4402 0.1079
vn 0.9656 -0.2592 0.0179
vn 0.9602 -0.2577 0.1077
vn 0.9977 -0.0658 0.0180
vn 0.9920 -0.0655 0.1081
vn 0.9913 0.1301 0.0180
vn 0.9857 0.1294 0.1075
vn 0.9469 0.3211 0.0179
vn 0.9415 0.3192 0.1079
vn 0.8661 0.4996 0.0177
vn 0.8612 0.4968 0.1076
vn 0.7520 0.6590 0.0176
vn 0.7476 0.6555 0.1069
vn 0.6089 0.7930 0.0173
vn 0.6054 0.7887 0.1067
vn 0.4426 0.8966 0.0171
vn 0.4400 0.8916 0.1066
vn 0.2592 0.9657 0.0167
vn 0.2576 0.9604 0.1058
vn 0.0658 0.9977 0.0164
vn 0.0652 0.9922 0.1058
vn -0.1302 0.9914 0.0161
vn -0.1297 0.9859 0.1061
vn 0.7857 -0.6036 0.1352
vn 0.7891 -0.6062 0.0990
vn 0.6558 -0.7484 0.0988
vn 0.6529 -0.7453 0.1349
vn 0.0142 -0.1212 0.9925
vn -0.0152 0.1024 0.9946
vn -0.0348 0.0978 0.9946
vn 0.0376 -0.1157 0.9926
vn -0.0823 0.0920 0.9924
vn 0.0666 -0.0779 0.9947
vn 0.0806 -0.0632 0.9947
vn -0.0987 0.0746 0.9923
vn -0.1041 0.0067 0.9945
vn 0.1211 -0.0082 0.9926
vn 0.0806 -0.0631 0.9947
vn 0.0914 -0.0459 0.9948
vn 0.0985 -0.0269 0.9948
vn 0.1019 -0.0068 0.9948
vn 0.1009 0.0134 0.9948
vn 0.0960 0.0331 0.9948
vn 0.0881 0.0519 0.9948
vn 0.0767 0.0687 0.9947
vn 0.0616 0.0822 0.9947
vn 0.0441 0.0927 0.9947
vn 0.0251 0.0998 0.9947
vn 0.0051 0.1034 0.9946
vn -0.0151 0.1023 0.9946
vn -0.0350 0.0982 0.9945
vn -0.0534 0.0898 0.9945
vn -0.0697 0.0776 0.9945
vn -0.0838 0.0630 0.9945
vn -0.1017 0.0268 0.9945
vn -0.1049 0.0068 0.9945
vn -0.1043 -0.0134 0.9945
vn -0.0997 -0.0332 0.9945
vn -0.0914 -0.0518 0.9945
vn -0.0797 -0.0683 0.9945
vn -0.0649 -0.0824 0.9945
vn -0.0477 -0.0933 0.9945
vn -0.0286 -0.1002 0.9946
vn -0.0085 -0.1030 0.9946
vn 0.0118 -0.1023 0.9947
vn 0.0315 -0.0979 0.9947
vn 0.0500 -0.0897 0.9947
vn 0.0912 -0.0459 0.9948
vn -0.1114 0.0542 0.9923
vn -0.1044 -0.0135 0.9944
vn 0.1195 0.0159 0.9927
vn 0.0984 -0.0269 0.9948
vn -0.1198 0.0317 0.9923
vn -0.0998 -0.0333 0.9945
vn 0.1143 0.0393 0.9927
vn 0.1015 -0.0068 0.9948
vn -0.1231 0.0080 0.9924
vn -0.0924 -0.0524 0.9943
vn 0.1043 0.0611 0.9927
vn 0.1009 0.0135 0.9948
vn -0.1229 -0.0159 0.9923
vn -0.0799 -0.0685 0.9944
vn 0.0904 0.0807 0.9926
vn 0.0963 0.0332 0.9948
vn -0.1176 -0.0394 0.9923
vn 0.0733 0.0976 0.9925
vn 0.0881 0.0518 0.9948
vn -0.1072 -0.0608 0.9924
vn -0.0476 -0.0932 0.9945
vn 0.0525 0.1098 0.9926
vn 0.0765 0.0686 0.9947
vn -0.0935 -0.0808 0.9923
vn -0.0285 -0.1001 0.9946
vn 0.0303 0.1184 0.9925
vn 0.0616 0.0824 0.9947
vn -0.0762 -0.0971 0.9924
vn -0.0085 -0.1034 0.9946
vn 0.0064 0.1220 0.9925
vn 0.0443 0.0931 0.9947
vn -0.0557 -0.1098 0.9924
vn 0.0118 -0.1028 0.9946
vn -0.0178 0.1215 0.9924
vn -0.0531 0.0894 0.9946
vn 0.0595 -0.1059 0.9926
vn 0.0252 0.1001 0.9947
vn -0.0334 -0.1182 0.9924
vn 0.0316 -0.0983 0.9947
vn -0.0409 0.1158 0.9924
vn 0.0792 -0.0919 0.9926
vn -0.0698 0.0778 0.9945
vn 0.0956 -0.0749 0.9926
vn 0.0051 0.1032 0.9946
vn -0.0099 -0.1223 0.9924
vn 0.0500 -0.0896 0.9947
vn -0.0628 0.1060 0.9924
vn -0.6104 0.6955 0.3791
vn -0.4628 0.8011 0.3796
vn -0.4703 0.5355 0.7015
vn -0.3567 0.6165 0.7019
vn -0.2594 0.2942 0.9199
vn -0.1970 0.3390 0.9199
vn -0.7342 0.5635 0.3787
vn -0.5655 0.4333 0.7017
vn -0.3121 0.2385 0.9196
vn -0.8302 0.4096 0.3781
vn -0.6390 0.3149 0.7017
vn -0.3528 0.1734 0.9195
vn -0.8941 0.2398 0.3782
vn -0.6886 0.1845 0.7013
vn -0.3796 0.1015 0.9196
vn -0.9237 0.0609 0.3783
vn -0.7113 0.0468 0.7013
vn -0.3918 0.0257 0.9197
vn -0.9177 -0.1205 0.3786
vn -0.7074 -0.0926 0.7007
vn -0.3896 -0.0511 0.9196
vn -0.8767 -0.2968 0.3786
vn -0.6751 -0.2284 0.7015
vn -0.3726 -0.1259 0.9194
vn -0.8019 -0.4622 0.3785
vn -0.6177 -0.3554 0.7016
vn -0.3411 -0.1958 0.9194
vn -0.6967 -0.6097 0.3780
vn -0.5362 -0.4688 0.7019
vn -0.2960 -0.2580 0.9197
vn -0.5641 -0.7337 0.3788
vn -0.4352 -0.5644 0.7015
vn -0.2400 -0.3106 0.9197
vn -0.4101 -0.8295 0.3792
vn -0.3162 -0.6379 0.7023
vn -0.1749 -0.3511 0.9198
vn -0.2404 -0.8936 0.3791
vn -0.1857 -0.6873 0.7023
vn -0.1030 -0.3780 0.9200
vn -0.0615 -0.9230 0.3798
vn -0.0480 -0.7104 0.7022
vn -0.0274 -0.3904 0.9202
vn 0.1196 -0.9173 0.3799
vn 0.0915 -0.7056 0.7027
vn 0.0493 -0.3878 0.9204
vn 0.2963 -0.8761 0.3803
vn 0.2273 -0.6737 0.7032
vn 0.1240 -0.3705 0.9205
vn 0.4616 -0.8013 0.3806
vn 0.3542 -0.6161 0.7035
vn 0.1940 -0.3391 0.9205
vn 0.6092 -0.6959 0.3803
vn 0.4676 -0.5350 0.7037
vn 0.2564 -0.2944 0.9206
vn 0.7329 -0.5634 0.3813
vn 0.5631 -0.4334 0.7037
vn 0.3089 -0.2384 0.9207
vn 0.8287 -0.4094 0.3817
vn 0.6369 -0.3149 0.7037
vn 0.3497 -0.1734 0.9207
vn 0.8927 -0.2396 0.3817
vn 0.6863 -0.1846 0.7036
vn 0.3769 -0.1016 0.9207
vn 0.9224 -0.0609 0.3814
vn 0.7087 -0.0469 0.7039
vn 0.3890 -0.0258 0.9209
vn 0.9163 0.1203 0.3821
vn 0.7040 0.0927 0.7041
vn 0.3864 0.0509 0.9209
vn 0.8755 0.2971 0.3812
vn 0.6726 0.2285 0.7039
vn 0.3692 0.1257 0.9208
vn 0.8007 0.4622 0.3811
vn 0.6153 0.3556 0.7035
vn 0.3377 0.1957 0.9207
vn 0.6951 0.6096 0.3811
vn 0.5343 0.4692 0.7031
vn 0.2929 0.2580 0.9207
vn 0.5628 0.7337 0.3809
vn 0.4322 0.5643 0.7034
vn 0.2371 0.3109 0.9204
vn 0.4089 0.8297 0.3800
vn 0.3139 0.6382 0.7030
vn 0.1719 0.3515 0.9203
vn 0.2391 0.8934 0.3803
vn 0.1832 0.6872 0.7030
vn 0.0999 0.3782 0.9203
vn 0.0603 0.9230 0.3800
vn 0.0455 0.7099 0.7028
vn 0.0243 0.3908 0.9201
vn -0.1209 0.9172 0.3797
vn -0.0938 0.7056 0.7024
vn -0.0525 0.3881 0.9201
vn -0.2975 0.8760 0.3796
vn -0.2296 0.6739 0.7023
vn -0.1272 0.3707 0.9200
vn 0.3195 -0.3659 0.8741
vn 0.2415 -0.4208 0.8744
vn 0.5661 -0.6469 0.5109
vn 0.4289 -0.7450 0.5109
vn 0.3843 -0.2963 0.8744
vn 0.6812 -0.5238 0.5115
vn 0.4347 -0.2154 0.8744
vn 0.7703 -0.3806 0.5117
vn 0.4683 -0.1261 0.8745
vn 0.8298 -0.2229 0.5116
vn 0.4836 -0.0320 0.8747
vn 0.8574 -0.0566 0.5115
vn 0.4808 0.0633 0.8746
vn 0.8519 0.1119 0.5116
vn 0.4594 0.1563 0.8744
vn 0.8139 0.2763 0.5112
vn 0.4200 0.2430 0.8744
vn 0.7442 0.4295 0.5115
vn 0.3644 0.3206 0.8743
vn 0.6459 0.5667 0.5116
vn 0.2949 0.3858 0.8742
vn 0.5230 0.6822 0.5109
vn 0.2140 0.4364 0.8740
vn 0.3798 0.7713 0.5106
vn 0.1246 0.4700 0.8738
vn 0.2221 0.8307 0.5104
vn 0.0305 0.4858 0.8735
vn 0.0558 0.8582 0.5102
vn -0.0646 0.4822 0.8737
vn -0.1128 0.8527 0.5101
vn -0.1577 0.4608 0.8734
vn -0.2770 0.8145 0.5098
vn -0.2446 0.4213 0.8733
vn -0.4306 0.7450 0.5095
vn -0.3221 0.3659 0.8732
vn -0.5677 0.6469 0.5091
vn -0.3872 0.2964 0.8731
vn -0.6830 0.5239 0.5090
vn -0.4380 0.2154 0.8728
vn -0.7721 0.3807 0.5089
vn -0.4713 0.1261 0.8729
vn -0.8312 0.2230 0.5092
vn -0.4870 0.0320 0.8728
vn -0.8591 0.0566 0.5086
vn -0.4836 -0.0633 0.8730
vn -0.8537 -0.1119 0.5087
vn -0.4622 -0.1562 0.8729
vn -0.8154 -0.2762 0.5087
vn -0.4228 -0.2431 0.8730
vn -0.7460 -0.4297 0.5088
vn -0.3678 -0.3209 0.8728
vn -0.6479 -0.5668 0.5089
vn -0.2975 -0.3857 0.8734
vn -0.5249 -0.6820 0.5093
vn -0.2169 -0.4362 0.8733
vn -0.3816 -0.7713 0.5095
vn -0.1276 -0.4700 0.8734
vn -0.2238 -0.8307 0.5097
vn -0.0335 -0.4856 0.8735
vn -0.0576 -0.8582 0.5101
vn 0.0618 -0.4821 0.8739
vn 0.1111 -0.8529 0.5102
vn 0.1547 -0.4606 0.8740
vn 0.2753 -0.8145 0.5107
vn 0.6091 -0.6957 0.3808
vn 0.4615 -0.8011 0.3811
vn 0.4680 -0.5354 0.7031
vn 0.3543 -0.6163 0.7033
vn 0.2569 -0.2948 0.9204
vn 0.1941 -0.3394 0.9204
vn 0.7330 -0.5633 0.3813
vn 0.5634 -0.4336 0.7032
vn 0.3089 -0.2385 0.9207
vn 0.8289 -0.4095 0.3811
vn 0.6368 -0.3150 0.7038
vn 0.3495 -0.1733 0.9208
vn 0.8928 -0.2397 0.3814
vn 0.6858 -0.1844 0.7040
vn 0.3763 -0.1014 0.9209
vn 0.9224 -0.0609 0.3813
vn 0.7089 -0.0468 0.7038
vn 0.9165 0.1203 0.3816
vn 0.7044 0.0926 0.7038
vn 0.8754 0.2969 0.3815
vn 0.6726 0.2283 0.7040
vn 0.3690 0.1256 0.9209
vn 0.8008 0.4622 0.3809
vn 0.6151 0.3555 0.7038
vn 0.3374 0.1955 0.9208
vn 0.6951 0.6097 0.3809
vn 0.5345 0.4682 0.7036
vn 0.2931 0.2583 0.9205
vn 0.5628 0.7336 0.3809
vn 0.4322 0.5644 0.7034
vn 0.2370 0.3107 0.9205
vn 0.4088 0.8295 0.3806
vn 0.3137 0.6380 0.7032
vn 0.1719 0.3513 0.9204
vn 0.2391 0.8934 0.3804
vn 0.1834 0.6873 0.7028
vn 0.0999 0.3780 0.9204
vn 0.0602 0.9230 0.3799
vn 0.0457 0.7097 0.7030
vn 0.0242 0.3903 0.9204
vn -0.1211 0.9172 0.3795
vn -0.0937 0.7054 0.7026
vn -0.0524 0.3879 0.9202
vn -0.2977 0.8762 0.3791
vn -0.2296 0.6739 0.7022
vn -0.4630 0.8013 0.3789
vn -0.3568 0.6164 0.7019
vn -0.1972 0.3392 0.9198
vn -0.6103 0.6957 0.3789
vn -0.4701 0.5352 0.7018
vn -0.2596 0.2944 0.9197
vn -0.7344 0.5635 0.3784
vn -0.5656 0.4335 0.7016
vn -0.3120 0.2384 0.9197
vn -0.8302 0.4096 0.3782
vn -0.6393 0.3149 0.7015
vn -0.3527 0.1733 0.9196
vn -0.8939 0.2398 0.3787
vn -0.6883 0.1843 0.7016
vn -0.3797 0.1015 0.9195
vn -0.9236 0.0609 0.3784
vn -0.7112 0.0469 0.7014
vn -0.3922 0.0258 0.9195
vn -0.9177 -0.1204 0.3785
vn -0.7067 -0.0925 0.7014
vn -0.3897 -0.0509 0.9196
vn -0.8767 -0.2969 0.3785
vn -0.6749 -0.2284 0.7016
vn -0.3724 -0.1258 0.9195
vn -0.8019 -0.4623 0.3786
vn -0.6174 -0.3554 0.7018
vn -0.3407 -0.1957 0.9196
vn -0.6962 -0.6097 0.3789
vn -0.5363 -0.4688 0.7019
vn -0.2961 -0.2582 0.9196
vn -0.5640 -0.7336 0.3790
vn -0.4343 -0.5642 0.7022
vn -0.2401 -0.3107 0.9197
vn -0.4101 -0.8295 0.3790
vn -0.3160 -0.6378 0.7024
vn -0.1749 -0.3512 0.9198
vn -0.2405 -0.8935 0.3792
vn -0.1856 -0.6873 0.7023
vn -0.1031 -0.3781 0.9200
vn -0.0614 -0.9230 0.3799
vn -0.0480 -0.7098 0.7028
vn -0.0272 -0.3904 0.9202
vn 0.1197 -0.9172 0.3799
vn 0.0494 -0.3880 0.9204
vn 0.2963 -0.8761 0.3804
vn 0.2272 -0.6738 0.7031
vn 0.1241 -0.3708 0.9204
vn -0.0016 -0.2537 0.9673
vn 0.2515 -0.0000 0.9679
vn -0.0016 0.2536 0.9673
vn -0.2555 -0.0001 0.9668
vn 0.5574 -0.8109 -0.1782
vn 0.8112 -0.5570 -0.1781
vn 0.8105 -0.5572 0.1807
vn 0.5569 -0.8108 0.1804
vn 0.8112 0.5571 -0.1780
vn 0.5575 0.8108 -0.1785
vn 0.5567 0.8109 0.1803
vn 0.8105 0.5572 0.1806
vn -0.8110 0.5573 0.1780
vn -0.5574 0.8108 0.1784
vn -0.5568 0.8108 -0.1804
vn -0.8104 0.5573 -0.1807
vn -0.2524 0.0002 -0.9676
vn 0.0016 0.2538 -0.9673
vn 0.2552 -0.0000 -0.9669
vn 0.0016 -0.2539 -0.9672
vn -0.8110 -0.5572 0.1781
vn -0.6160 -0.3704 0.6952
vn -0.8174 -0.0000 0.5760
vn -0.9853 0.0001 0.1710
vn -0.6156 0.3705 0.6955
vn 0.3696 0.6144 0.6971
vn -0.0010 0.8165 0.5773
vn -0.3716 0.6145 0.6959
vn -0.0001 0.9850 0.1725
vn -0.8103 -0.5576 -0.1802
vn -0.9848 0.0004 -0.1739
vn -0.8155 -0.0000 -0.5787
vn -0.6134 -0.3706 -0.6974
vn -0.6135 0.3705 -0.6974
vn 0.3716 0.6145 -0.6959
vn 0.0011 0.8165 -0.5773
vn 0.0004 0.9850 -0.1726
vn -0.3692 0.6146 -0.6971
vn -0.5575 -0.8108 0.1784
vn -0.0003 -0.9850 0.1726
vn -0.0010 -0.8165 0.5774
vn -0.3717 -0.6145 0.6958
vn 0.3694 -0.6145 0.6971
vn 0.6134 0.3711 0.6972
vn 0.8156 -0.0000 0.5786
vn 0.9846 -0.0000 0.1747
vn 0.6133 -0.3706 0.6975
vn -0.5569 -0.8108 -0.1803
vn -0.3692 -0.6147 -0.6971
vn 0.0010 -0.8166 -0.5772
vn 0.0003 -0.9850 -0.1725
vn 0.3715 -0.6147 -0.6957
vn 0.9853 -0.0000 -0.1709
vn 0.8174 -0.0000 -0.5761
vn 0.6156 0.3704 -0.6955
vn 0.6156 -0.3704 -0.6956
vn 0.1946 -0.1608 0.9676
vn 0.1593 0.1950 0.9678
vn -0.1978 0.1607 0.9670
vn -0.1624 -0.1962 0.9670
vn 0.2742 -0.9449 -0.1790
vn 0.2736 -0.9449 0.1798
vn -0.0835 -0.9802 0.1793
vn -0.0825 -0.9802 -0.1798
vn -0.9446 -0.2740 -0.1809
vn -0.9452 -0.2739 0.1778
vn -0.9806 0.0831 0.1777
vn -0.9800 0.0831 -0.1810
vn 0.0827 0.9803 0.1795
vn 0.0834 0.9803 -0.1791
vn -0.2737 0.9449 -0.1796
vn -0.2741 0.9449 0.1788
vn 0.1618 0.1950 -0.9674
vn 0.1978 -0.1609 -0.9669
vn -0.1591 -0.1963 -0.9676
vn -0.1946 0.1608 -0.9676
vn 0.9445 0.2741 0.1810
vn 0.6240 0.7619 0.1735
vn 0.5167 0.6316 0.5780
vn 0.6748 0.2404 0.6977
vn 0.1017 0.7102 0.6966
vn -0.2414 0.6762 0.6960
vn -0.6322 0.5178 0.5764
vn -0.7112 0.1031 0.6954
vn -0.7621 0.6244 0.1712
vn 0.9452 0.2739 -0.1778
vn 0.6772 0.2404 -0.6954
vn 0.5185 0.6315 -0.5764
vn 0.6246 0.7617 -0.1725
vn 0.1041 0.7101 -0.6963
vn -0.7615 0.6244 -0.1738
vn -0.6304 0.5177 -0.5785
vn -0.7089 0.1030 -0.6977
vn -0.2391 0.6761 -0.6969
vn 0.9799 -0.0831 0.1811
vn 0.7088 -0.1030 0.6978
vn 0.6304 -0.5176 0.5785
vn 0.7615 -0.6244 0.1739
vn 0.2392 -0.6760 0.6970
vn -0.6251 -0.7615 0.1713
vn -0.5186 -0.6315 0.5764
vn -0.6772 -0.2404 0.6954
vn -0.1043 -0.7102 0.6963
vn 0.9805 -0.0833 -0.1778
vn 0.7621 -0.6244 -0.1713
vn 0.6323 -0.5180 -0.5761
vn 0.7112 -0.1032 -0.6954
vn 0.2416 -0.6761 -0.6961
vn -0.6749 -0.2405 -0.6976
vn -0.5166 -0.6316 -0.5781
vn -0.6242 -0.7618 -0.1734
vn -0.1019 -0.7101 -0.6967
vt 0.199353 0.327368
vt 0.199353 0.327404
vt 0.198711 0.327451
vt 0.198724 0.327404
vt 0.199353 0.327817
vt 0.198711 0.327804
vt 0.199353 0.328446
vt 0.198724 0.328446
vt 0.198311 0.328446
vt 0.198358 0.327804
vt 0.198275 0.328446
vt 0.198311 0.327817
vt 0.199353 0.550546
vt 0.199353 0.551175
vt 0.198711 0.551188
vt 0.198724 0.550546
vt 0.199353 0.551588
vt 0.198711 0.551541
vt 0.199353 0.551624
vt 0.198724 0.551588
vt 0.198311 0.551175
vt 0.198358 0.551188
vt 0.198275 0.550546
vt 0.198311 0.550546
vt 0.566660 0.436929
vt 0.566703 0.437686
vt 0.566759 0.437701
vt 0.566703 0.436929
vt 0.567199 0.438182
vt 0.567184 0.438126
vt 0.567956 0.438225
vt 0.567956 0.438182
vt 0.567956 0.437686
vt 0.567184 0.437701
vt 0.567956 0.436929
vt 0.567199 0.436929
vt 0.836410 0.436929
vt 0.836367 0.436929
vt 0.836311 0.437701
vt 0.836367 0.437686
vt 0.835871 0.436929
vt 0.835885 0.437701
vt 0.835114 0.436929
vt 0.835114 0.437686
vt 0.835114 0.438182
vt 0.835885 0.438126
vt 0.835114 0.438225
vt 0.835871 0.438182
vt 0.560896 0.327368
vt 0.561525 0.327404
vt 0.561537 0.327451
vt 0.560896 0.327404
vt 0.561937 0.327817
vt 0.561891 0.327804
vt 0.561973 0.328446
vt 0.561937 0.328446
vt 0.561525 0.328446
vt 0.561537 0.327804
vt 0.560896 0.328446
vt 0.560896 0.327817
vt 0.560896 0.551624
vt 0.560896 0.551588
vt 0.561537 0.551541
vt 0.561525 0.551588
vt 0.560896 0.551175
vt 0.561537 0.551188
vt 0.560896 0.550546
vt 0.561525 0.550546
vt 0.561937 0.550546
vt 0.561891 0.551188
vt 0.561973 0.550546
vt 0.561937 0.551175
vt 0.567956 0.002040
vt 0.567956 0.001305
vt 0.567165 0.001249
vt 0.567221 0.002040
vt 0.567956 0.000823
vt 0.567165 0.000865
vt 0.567956 0.000744
vt 0.567221 0.000823
vt 0.566739 0.001305
vt 0.566781 0.001249
vt 0.566660 0.002040
vt 0.566739 0.002040
vt 0.835114 0.002040
vt 0.835871 0.002040
vt 0.835885 0.001268
vt 0.835114 0.001283
vt 0.836367 0.002040
vt 0.836311 0.001268
vt 0.836410 0.002040
vt 0.836367 0.001283
vt 0.835871 0.000787
vt 0.835885 0.000843
vt 0.835114 0.000744
vt 0.835114 0.000787
vt 0.204263 0.550546
vt 0.204197 0.551157
vt 0.204180 0.551203
vt 0.204221 0.550546
vt 0.203796 0.551558
vt 0.203895 0.551524
vt 0.203185 0.551624
vt 0.203313 0.551558
vt 0.203466 0.551156
vt 0.203942 0.551203
vt 0.203594 0.550546
vt 0.203965 0.550546
vt 0.835114 0.431023
vt 0.835114 0.430923
vt 0.835885 0.431104
vt 0.835871 0.431194
vt 0.835114 0.431242
vt 0.835885 0.431378
vt 0.835114 0.431855
vt 0.835871 0.431999
vt 0.836367 0.432176
vt 0.836311 0.431530
vt 0.836410 0.432319
vt 0.836367 0.431690
vt 0.555986 0.550546
vt 0.555895 0.550546
vt 0.556052 0.551188
vt 0.556134 0.551175
vt 0.556151 0.550546
vt 0.556272 0.551188
vt 0.556655 0.550546
vt 0.556781 0.551175
vt 0.556937 0.551588
vt 0.556406 0.551541
vt 0.557063 0.551624
vt 0.556547 0.551588
vt 0.835114 0.007946
vt 0.835849 0.007867
vt 0.835905 0.007846
vt 0.835114 0.007894
vt 0.836331 0.007385
vt 0.836289 0.007500
vt 0.836410 0.006650
vt 0.836331 0.006796
vt 0.835847 0.006970
vt 0.835904 0.007554
vt 0.835114 0.007116
vt 0.835114 0.007577
vt 0.810428 0.220437
vt 0.911469 0.220437
vt 0.911469 0.220796
vt 0.810428 0.220796
vt 0.911469 0.221128
vt 0.810428 0.221128
vt 0.911469 0.221486
vt 0.810428 0.221486
vt 0.015558 0.771832
vt 0.015558 0.564336
vt 0.016294 0.564336
vt 0.016294 0.771832
vt 0.016976 0.564336
vt 0.016976 0.771832
vt 0.017712 0.564336
vt 0.017712 0.771832
vt 0.911469 0.014740
vt 0.810429 0.014740
vt 0.810429 0.014390
vt 0.911469 0.014381
vt 0.810429 0.014068
vt 0.911469 0.014049
vt 0.810429 0.013718
vt 0.911469 0.013690
vt 0.791334 0.446561
vt 0.981546 0.446561
vt 0.981546 0.447236
vt 0.791334 0.447236
vt 0.981546 0.447861
vt 0.791334 0.447861
vt 0.981546 0.448536
vt 0.791334 0.448536
vt 0.008982 0.771832
vt 0.009032 0.564336
vt 0.009786 0.564336
vt 0.009700 0.771832
vt 0.010468 0.564336
vt 0.010362 0.771832
vt 0.011080 0.564336
vt 0.011080 0.771832
vt 0.791335 0.440533
vt 0.981546 0.440584
vt 0.981546 0.441277
vt 0.791334 0.441191
vt 0.981546 0.441902
vt 0.791334 0.441798
vt 0.981546 0.442456
vt 0.791334 0.442456
vt 0.211554 0.333356
vt 0.208569 0.333880
vt 0.208458 0.333820
vt 0.211385 0.333296
vt 0.207998 0.333571
vt 0.210762 0.333078
vt 0.207243 0.333164
vt 0.209714 0.332713
vt 0.206268 0.335361
vt 0.206179 0.335272
vt 0.205858 0.334951
vt 0.205317 0.334410
vt 0.204787 0.337662
vt 0.204720 0.337540
vt 0.204476 0.337088
vt 0.204067 0.336329
vt 0.204263 0.340647
vt 0.204229 0.340552
vt 0.203981 0.339842
vt 0.203610 0.338778
vt 0.581552 0.431023
vt 0.578404 0.430470
vt 0.578355 0.430497
vt 0.581484 0.431047
vt 0.577727 0.430853
vt 0.580618 0.431374
vt 0.576841 0.431356
vt 0.579398 0.431837
vt 0.575977 0.428908
vt 0.575942 0.428943
vt 0.575483 0.429402
vt 0.574837 0.430048
vt 0.574415 0.426481
vt 0.574388 0.426530
vt 0.574034 0.427155
vt 0.573533 0.428035
vt 0.573862 0.423333
vt 0.573838 0.423400
vt 0.573516 0.424253
vt 0.573061 0.425453
vt 0.555986 0.340658
vt 0.555461 0.337669
vt 0.555529 0.337544
vt 0.556038 0.340512
vt 0.555771 0.337094
vt 0.556268 0.339853
vt 0.556180 0.336335
vt 0.556638 0.338787
vt 0.553977 0.335364
vt 0.554098 0.335243
vt 0.554387 0.334954
vt 0.554928 0.334413
vt 0.551673 0.333881
vt 0.551829 0.333796
vt 0.552244 0.333572
vt 0.553000 0.333165
vt 0.548683 0.333356
vt 0.548935 0.333267
vt 0.549476 0.333078
vt 0.550525 0.332713
vt 0.573862 0.015745
vt 0.574423 0.012552
vt 0.574396 0.012504
vt 0.573838 0.015678
vt 0.574042 0.011876
vt 0.573516 0.014819
vt 0.573542 0.010990
vt 0.573062 0.013609
vt 0.576007 0.010091
vt 0.575972 0.010056
vt 0.575512 0.009596
vt 0.574865 0.008948
vt 0.578468 0.008507
vt 0.578420 0.008480
vt 0.577788 0.008124
vt 0.576899 0.007621
vt 0.581661 0.007946
vt 0.581593 0.007922
vt 0.580721 0.007595
vt 0.579494 0.007134
vt 0.127472 0.429380
vt 0.187187 0.429380
vt 0.187187 0.435598
vt 0.127472 0.435598
vt 0.277211 0.771832
vt 0.277210 0.564336
vt 0.559885 0.329457
vt 0.200364 0.329457
vt 0.569172 0.435713
vt 0.569172 0.003256
vt 0.791334 0.686418
vt 0.981546 0.686418
vt 0.793121 0.861034
vt 0.792252 0.689222
vt 0.996189 0.689222
vt 0.996189 0.861034
vt 0.996329 0.689628
vt 0.995537 0.861440
vt 0.792481 0.861440
vt 0.792481 0.689628
vt 0.292194 0.649016
vt 0.292494 0.547271
vt 0.294230 0.547271
vt 0.293716 0.649016
vt 0.487376 0.547271
vt 0.487846 0.649016
vt 0.287922 0.649010
vt 0.287623 0.547264
vt 0.289359 0.547268
vt 0.289445 0.649013
vt 0.290819 0.649015
vt 0.290926 0.547270
vt 0.493995 0.547264
vt 0.493722 0.649010
vt 0.492178 0.649013
vt 0.492256 0.547268
vt 0.489115 0.547271
vt 0.489390 0.649016
vt 0.490784 0.649015
vt 0.490686 0.547270
vt 0.825837 0.182751
vt 0.896059 0.182751
vt 0.825838 0.052426
vt 0.896060 0.052426
vt 0.127472 0.546422
vt 0.187187 0.546422
vt 0.187187 0.552641
vt 0.127472 0.552641
vt 0.193405 0.435598
vt 0.193405 0.546422
vt 0.121254 0.546422
vt 0.121254 0.435598
vt 0.827784 0.053696
vt 0.894456 0.053696
vt 0.893458 0.055877
vt 0.828780 0.055867
vt 0.658599 0.601694
vt 0.658981 0.599841
vt 0.663260 0.602057
vt 0.662931 0.603768
vt 0.827523 0.060917
vt 0.827083 0.060856
vt 0.828870 0.058841
vt 0.829270 0.058905
vt 0.006053 0.769842
vt 0.006053 0.567605
vt 0.006519 0.564669
vt 0.007868 0.562020
vt 0.280359 0.567605
vt 0.280359 0.769842
vt 0.270857 0.558103
vt 0.273793 0.558568
vt 0.007868 0.775427
vt 0.006519 0.772778
vt 0.012619 0.778879
vt 0.009970 0.777529
vt 0.015556 0.779344
vt 0.009970 0.559918
vt 0.012619 0.558568
vt 0.276442 0.559918
vt 0.278544 0.562020
vt 0.141803 0.293015
vt 0.150223 0.293037
vt 0.150812 0.296774
vt 0.141379 0.294605
vt 0.278544 0.775427
vt 0.276442 0.777529
vt 0.015556 0.558103
vt 0.273793 0.778879
vt 0.270857 0.779344
vt 0.011957 0.782373
vt 0.008939 0.781894
vt 0.010122 0.780897
vt 0.013111 0.781372
vt 0.279894 0.772778
vt 0.279894 0.564669
vt 0.150808 0.024419
vt 0.150223 0.028112
vt 0.141769 0.026753
vt 0.141606 0.025925
vt 0.626743 0.864899
vt 0.626743 0.841059
vt 0.629532 0.841059
vt 0.629532 0.864899
vt 0.531714 0.037130
vt 0.561885 0.039508
vt 0.561778 0.040993
vt 0.531216 0.040818
vt 0.531784 0.308992
vt 0.561991 0.308267
vt 0.562043 0.309871
vt 0.532412 0.312682
vt 0.158755 0.291045
vt 0.161432 0.262788
vt 0.163293 0.262864
vt 0.161519 0.291491
vt 0.421225 0.256461
vt 0.417977 0.233915
vt 0.419386 0.233836
vt 0.424075 0.256198
vt 0.277394 0.781894
vt 0.274376 0.782373
vt 0.273218 0.781369
vt 0.276201 0.780889
vt 0.164795 0.263604
vt 0.166128 0.262907
vt 0.164723 0.291685
vt 0.354462 0.864899
vt 0.354462 0.841059
vt 0.357399 0.841059
vt 0.357399 0.864899
vt 0.531618 0.305216
vt 0.561934 0.306222
vt 0.283665 0.775624
vt 0.282277 0.778346
vt 0.281028 0.777361
vt 0.282154 0.775135
vt 0.532628 0.033537
vt 0.561991 0.038136
vt 0.623912 0.864899
vt 0.623912 0.841060
vt 0.351590 0.864899
vt 0.351590 0.841059
vt 0.413126 0.291965
vt 0.413092 0.263241
vt 0.415513 0.263106
vt 0.416643 0.291927
vt 0.561660 0.042834
vt 0.531189 0.044588
vt 0.155895 0.255700
vt 0.161928 0.233752
vt 0.162981 0.233825
vt 0.158775 0.256231
vt 0.002668 0.775623
vt 0.002190 0.772605
vt 0.003434 0.771688
vt 0.003909 0.774678
vt 0.164478 0.256431
vt 0.165259 0.233966
vt 0.416241 0.233996
vt 0.418330 0.256457
vt 0.283665 0.561712
vt 0.284144 0.564730
vt 0.282919 0.565633
vt 0.282439 0.562646
vt 0.164019 0.233893
vt 0.161616 0.256460
vt 0.004055 0.558989
vt 0.006215 0.556829
vt 0.007422 0.557813
vt 0.005282 0.559957
vt 0.006215 0.780507
vt 0.004055 0.778346
vt 0.005286 0.777376
vt 0.007426 0.779519
vt 0.011956 0.554963
vt 0.274376 0.554963
vt 0.273232 0.555954
vt 0.013102 0.555955
vt 0.420127 0.291445
vt 0.417452 0.262972
vt 0.419193 0.262828
vt 0.423515 0.290561
vt 0.008939 0.555441
vt 0.010116 0.556434
vt 0.284144 0.772605
vt 0.282748 0.772412
vt 0.280117 0.780508
vt 0.278892 0.779507
vt 0.282277 0.558989
vt 0.281061 0.559949
vt 0.420688 0.233752
vt 0.426947 0.255622
vt 0.002189 0.564730
vt 0.003433 0.565647
vt 0.277394 0.555441
vt 0.276222 0.556431
vt 0.002668 0.561712
vt 0.003907 0.562656
vt 0.280117 0.556829
vt 0.278919 0.557807
vt 0.830993 0.061774
vt 0.890831 0.061775
vt 0.889279 0.063555
vt 0.832545 0.063562
vt 0.895001 0.121414
vt 0.894913 0.121937
vt 0.891971 0.120549
vt 0.892053 0.120058
vt 0.826805 0.125245
vt 0.826805 0.063160
vt 0.829939 0.064601
vt 0.829932 0.123803
vt 0.826899 0.125800
vt 0.830019 0.124324
vt 0.895729 0.060680
vt 0.895326 0.060856
vt 0.893540 0.058848
vt 0.893910 0.058664
vt 0.894673 0.122410
vt 0.891735 0.120993
vt 0.891221 0.061829
vt 0.891579 0.061985
vt 0.889963 0.063776
vt 0.889635 0.063612
vt 0.894913 0.062498
vt 0.895001 0.063020
vt 0.892061 0.064376
vt 0.891979 0.063886
vt 0.826899 0.062604
vt 0.827154 0.062101
vt 0.830277 0.063607
vt 0.830026 0.064079
vt 0.894673 0.062027
vt 0.891743 0.063443
vt 0.830242 0.061985
vt 0.830602 0.061828
vt 0.832189 0.063618
vt 0.831860 0.063783
vt 0.894887 0.060917
vt 0.893140 0.058912
vt 0.826678 0.060680
vt 0.828499 0.058656
vt 0.829336 0.058117
vt 0.829613 0.058164
vt 0.829554 0.058418
vt 0.829218 0.058365
vt 0.829430 0.058681
vt 0.829049 0.058623
vt 0.891735 0.119937
vt 0.891743 0.064498
vt 0.891375 0.119839
vt 0.891383 0.064595
vt 0.891052 0.119787
vt 0.891060 0.064647
vt 0.891002 0.064311
vt 0.891315 0.064185
vt 0.891667 0.064032
vt 0.889221 0.064255
vt 0.888976 0.064213
vt 0.889028 0.063988
vt 0.889326 0.064034
vt 0.889138 0.063754
vt 0.889476 0.063805
vt 0.831004 0.064889
vt 0.830995 0.123515
vt 0.830652 0.123570
vt 0.830660 0.064834
vt 0.830270 0.123674
vt 0.830278 0.064730
vt 0.830359 0.064235
vt 0.830733 0.064398
vt 0.831065 0.064531
vt 0.830603 0.063799
vt 0.830942 0.064040
vt 0.831221 0.064270
vt 0.892798 0.058172
vt 0.893074 0.058125
vt 0.893193 0.058373
vt 0.892857 0.058426
vt 0.893361 0.058631
vt 0.892981 0.058689
vt 0.832686 0.063760
vt 0.832348 0.063812
vt 0.832797 0.063994
vt 0.832498 0.064041
vt 0.832849 0.064220
vt 0.832603 0.064262
vt 0.831057 0.123873
vt 0.831212 0.124134
vt 0.830934 0.124364
vt 0.830724 0.124006
vt 0.830594 0.124604
vt 0.830351 0.124169
vt 0.830269 0.124795
vt 0.828705 0.058442
vt 0.828934 0.058205
vt 0.829131 0.057996
vt 0.889403 0.064362
vt 0.889578 0.064176
vt 0.889781 0.063967
vt 0.890994 0.120124
vt 0.891308 0.120249
vt 0.891659 0.120403
vt 0.891437 0.063623
vt 0.891118 0.063849
vt 0.890857 0.064065
vt 0.832042 0.063973
vt 0.832246 0.064183
vt 0.832421 0.064368
vt 0.891429 0.120813
vt 0.891110 0.120586
vt 0.890848 0.120369
vt 0.893705 0.058449
vt 0.893476 0.058213
vt 0.893279 0.058005
vt 0.891235 0.121868
vt 0.890534 0.122248
vt 0.889558 0.120447
vt 0.890208 0.120044
vt 0.680429 0.782418
vt 0.680157 0.784179
vt 0.675893 0.782263
vt 0.676199 0.780564
vt 0.889744 0.122411
vt 0.833018 0.122411
vt 0.833931 0.120579
vt 0.888831 0.120587
vt 0.680060 0.606591
vt 0.680429 0.608383
vt 0.676244 0.610394
vt 0.675924 0.608736
vt 0.827154 0.126302
vt 0.832226 0.122248
vt 0.833202 0.120440
vt 0.658879 0.782966
vt 0.658599 0.781156
vt 0.662945 0.779247
vt 0.663260 0.780997
vt 0.895375 0.053835
vt 0.894337 0.056036
vt 0.679181 0.604987
vt 0.675001 0.607274
vt 0.831522 0.121867
vt 0.832552 0.120037
vt 0.659890 0.598181
vt 0.664214 0.600547
vt 0.665420 0.778528
vt 0.665683 0.779704
vt 0.665115 0.780012
vt 0.664818 0.778629
vt 0.664482 0.780362
vt 0.664167 0.778798
vt 0.663841 0.780705
vt 0.663524 0.779012
vt 0.834236 0.119524
vt 0.888525 0.119531
vt 0.888565 0.119790
vt 0.834196 0.119783
vt 0.888635 0.120068
vt 0.834126 0.120061
vt 0.888727 0.120341
vt 0.834034 0.120333
vt 0.673613 0.609901
vt 0.673030 0.609112
vt 0.673440 0.608626
vt 0.674180 0.609637
vt 0.673936 0.608116
vt 0.674789 0.609335
vt 0.674476 0.607648
vt 0.675389 0.609025
vt 0.829154 0.057107
vt 0.828574 0.057239
vt 0.828415 0.056954
vt 0.829102 0.056804
vt 0.828234 0.056637
vt 0.829014 0.056478
vt 0.828056 0.056316
vt 0.828902 0.056157
vt 0.827903 0.056026
vt 0.833380 0.119154
vt 0.833731 0.119422
vt 0.833613 0.119673
vt 0.833158 0.119338
vt 0.833475 0.119942
vt 0.832928 0.119563
vt 0.833334 0.120205
vt 0.832718 0.119805
vt 0.893336 0.056168
vt 0.893224 0.056489
vt 0.893136 0.056815
vt 0.893084 0.057117
vt 0.889030 0.119429
vt 0.889148 0.119681
vt 0.889286 0.119949
vt 0.889426 0.120212
vt 0.675637 0.780337
vt 0.675684 0.610620
vt 0.675015 0.780129
vt 0.675060 0.610823
vt 0.674384 0.779965
vt 0.674428 0.610976
vt 0.673802 0.779868
vt 0.673841 0.611064
vt 0.894183 0.056328
vt 0.894004 0.056648
vt 0.893823 0.056965
vt 0.893664 0.057250
vt 0.889382 0.119162
vt 0.889603 0.119347
vt 0.889833 0.119570
vt 0.890042 0.119812
vt 0.665407 0.604458
vt 0.664803 0.604368
vt 0.664151 0.604209
vt 0.663509 0.604001
vt 0.663813 0.602355
vt 0.664431 0.602675
vt 0.665060 0.602988
vt 0.665644 0.603260
vt 0.673545 0.781006
vt 0.674095 0.781305
vt 0.674709 0.781645
vt 0.675330 0.781978
vt 0.664756 0.600933
vt 0.665312 0.601418
vt 0.665824 0.601945
vt 0.666246 0.602447
vt 0.141397 0.134694
vt 0.140988 0.133169
vt 0.141084 0.133101
vt 0.141494 0.134644
vt 0.141215 0.133009
vt 0.141642 0.134616
vt 0.141348 0.132919
vt 0.141802 0.134616
vt 0.138348 0.131644
vt 0.021902 0.131644
vt 0.021859 0.131549
vt 0.138391 0.131549
vt 0.021806 0.131409
vt 0.138444 0.131409
vt 0.021756 0.131260
vt 0.138495 0.131260
vt 0.019261 0.294433
vt 0.020377 0.295550
vt 0.020307 0.295643
vt 0.019166 0.294502
vt 0.020214 0.295773
vt 0.019035 0.294593
vt 0.020123 0.295904
vt 0.018902 0.294683
vt 0.138348 0.295958
vt 0.139872 0.295550
vt 0.139924 0.295651
vt 0.138390 0.296053
vt 0.139995 0.295787
vt 0.138444 0.296193
vt 0.140066 0.295921
vt 0.138495 0.296342
vt 0.139873 0.132052
vt 0.139942 0.131959
vt 0.140036 0.131829
vt 0.140127 0.131698
vt 0.021756 0.296342
vt 0.021806 0.296193
vt 0.021859 0.296053
vt 0.021902 0.295958
vt 0.020377 0.132052
vt 0.020307 0.131959
vt 0.020214 0.131829
vt 0.020123 0.131698
vt 0.018465 0.293050
vt 0.018465 0.134551
vt 0.018613 0.134600
vt 0.018613 0.293002
vt 0.018756 0.134652
vt 0.018755 0.292950
vt 0.018853 0.134694
vt 0.018853 0.292908
vt 0.019261 0.133169
vt 0.019166 0.133101
vt 0.019035 0.133009
vt 0.018902 0.132919
vt 0.141397 0.292908
vt 0.141494 0.292961
vt 0.141643 0.293001
vt 0.141239 0.294541
vt 0.141096 0.294478
vt 0.140988 0.294433
vt 0.826870 0.053834
vt 0.141194 0.026070
vt 0.140772 0.025439
vt 0.140864 0.025347
vt 0.141318 0.026027
vt 0.140975 0.025234
vt 0.141470 0.025974
vt 0.141076 0.025132
vt 0.019478 0.113159
vt 0.020111 0.113579
vt 0.020032 0.113673
vt 0.019375 0.113241
vt 0.019936 0.113796
vt 0.019249 0.113345
vt 0.019847 0.113917
vt 0.019134 0.113440
vt 0.018658 0.112727
vt 0.018792 0.112661
vt 0.018937 0.112588
vt 0.019055 0.112528
vt 0.019134 0.025158
vt 0.019847 0.024682
vt 0.019936 0.024802
vt 0.019249 0.025254
vt 0.020032 0.024925
vt 0.019375 0.025357
vt 0.020111 0.025019
vt 0.019478 0.025439
vt 0.141621 0.026774
vt 0.141465 0.026796
vt 0.141343 0.026815
vt 0.140140 0.025019
vt 0.139394 0.024872
vt 0.139450 0.024781
vt 0.140218 0.024925
vt 0.139521 0.024652
vt 0.140314 0.024802
vt 0.139586 0.024520
vt 0.140403 0.024682
vt 0.020857 0.113727
vt 0.020800 0.113817
vt 0.020729 0.113946
vt 0.020663 0.114079
vt 0.141592 0.112727
vt 0.141116 0.113440
vt 0.141001 0.113345
vt 0.141458 0.112661
vt 0.140875 0.113241
vt 0.141312 0.112588
vt 0.140772 0.113159
vt 0.141194 0.112528
vt 0.020857 0.024872
vt 0.020800 0.024781
vt 0.020729 0.024652
vt 0.020663 0.024520
vt 0.019055 0.026070
vt 0.018907 0.026815
vt 0.018788 0.026775
vt 0.018937 0.026010
vt 0.018637 0.026729
vt 0.018792 0.025937
vt 0.018495 0.026688
vt 0.018658 0.025871
vt 0.140403 0.113917
vt 0.140314 0.113796
vt 0.140218 0.113673
vt 0.140140 0.113579
vt 0.139394 0.113727
vt 0.139450 0.113817
vt 0.139521 0.113946
vt 0.139586 0.114079
vt 0.018495 0.111910
vt 0.018637 0.111869
vt 0.018788 0.111823
vt 0.018907 0.111783
vt 0.141343 0.111783
vt 0.141465 0.111800
vt 0.141621 0.111821
vt 0.141769 0.111841
vt 0.015530 0.779672
vt 0.012517 0.779194
vt 0.012568 0.779037
vt 0.015543 0.779508
vt 0.012606 0.778921
vt 0.015552 0.779388
vt 0.280705 0.769897
vt 0.280260 0.772718
vt 0.280077 0.772748
vt 0.280532 0.769869
vt 0.279943 0.772770
vt 0.280405 0.769849
vt 0.270860 0.779388
vt 0.270869 0.779508
vt 0.270882 0.779672
vt 0.005726 0.567580
vt 0.006198 0.564595
vt 0.006358 0.564632
vt 0.005890 0.567593
vt 0.006476 0.564659
vt 0.006010 0.567602
vt 0.006010 0.769845
vt 0.005890 0.769854
vt 0.005726 0.769867
vt 0.007837 0.561988
vt 0.009941 0.559884
vt 0.007751 0.561899
vt 0.009861 0.559790
vt 0.007634 0.561778
vt 0.009751 0.559662
vt 0.276468 0.559882
vt 0.278568 0.561981
vt 0.276539 0.559784
vt 0.278631 0.561876
vt 0.276637 0.559649
vt 0.278719 0.561731
vt 0.280405 0.567605
vt 0.280533 0.567606
vt 0.280706 0.567606
vt 0.280256 0.564752
vt 0.280075 0.564711
vt 0.279942 0.564680
vt 0.270882 0.557775
vt 0.273896 0.558253
vt 0.273844 0.558410
vt 0.270869 0.557939
vt 0.273807 0.558526
vt 0.270860 0.558059
vt 0.015552 0.558059
vt 0.015543 0.557939
vt 0.015530 0.557775
vt 0.012517 0.558253
vt 0.012568 0.558410
vt 0.012606 0.558526
vt 0.010278 0.780763
vt 0.013261 0.781237
vt 0.010415 0.780642
vt 0.013388 0.781113
vt 0.010499 0.780565
vt 0.013457 0.781034
vt 0.281974 0.775076
vt 0.282565 0.772386
vt 0.281807 0.775021
vt 0.282393 0.772357
vt 0.281695 0.774982
vt 0.282277 0.772336
vt 0.272847 0.781036
vt 0.272930 0.781114
vt 0.273066 0.781236
vt 0.004077 0.562774
vt 0.003604 0.565758
vt 0.004240 0.562869
vt 0.003769 0.565841
vt 0.004352 0.562916
vt 0.003884 0.565872
vt 0.003881 0.771457
vt 0.003768 0.771491
vt 0.003603 0.771576
vt 0.007828 0.558132
vt 0.005712 0.560248
vt 0.005606 0.560188
vt 0.007733 0.558060
vt 0.005449 0.560082
vt 0.007584 0.557944
vt 0.280623 0.560249
vt 0.278504 0.558131
vt 0.278601 0.558059
vt 0.280729 0.560187
vt 0.278752 0.557941
vt 0.280890 0.560078
vt 0.282453 0.565878
vt 0.282568 0.565842
vt 0.282739 0.565752
vt 0.282263 0.562770
vt 0.282097 0.562869
vt 0.281983 0.562919
vt 0.276061 0.556567
vt 0.273078 0.556094
vt 0.275919 0.556693
vt 0.272947 0.556222
vt 0.275835 0.556771
vt 0.272875 0.556302
vt 0.013451 0.556306
vt 0.013384 0.556223
vt 0.013256 0.556095
vt 0.010274 0.556570
vt 0.010413 0.556695
vt 0.010496 0.556773
vt 0.275826 0.780567
vt 0.278502 0.779206
vt 0.278597 0.779274
vt 0.275912 0.780642
vt 0.278739 0.779384
vt 0.276049 0.780759
vt 0.009754 0.777786
vt 0.009862 0.777658
vt 0.009941 0.777564
vt 0.007586 0.779391
vt 0.007734 0.779275
vt 0.007828 0.779205
vt 0.276468 0.777565
vt 0.273807 0.778921
vt 0.276539 0.777663
vt 0.273844 0.779037
vt 0.276637 0.777798
vt 0.273896 0.779194
vt 0.006476 0.772788
vt 0.006359 0.772817
vt 0.006199 0.772855
vt 0.007836 0.775459
vt 0.007749 0.775545
vt 0.007630 0.775663
vt 0.004350 0.774416
vt 0.004238 0.774465
vt 0.004077 0.774561
vt 0.005710 0.777086
vt 0.005605 0.777147
vt 0.005450 0.777252
vt 0.278572 0.775462
vt 0.278646 0.775556
vt 0.278749 0.775686
vt 0.280623 0.777086
vt 0.280725 0.777145
vt 0.280874 0.777245
vt 0.152825 0.300731
vt 0.155551 0.303457
vt 0.159142 0.305286
vt 0.163088 0.305911
vt 0.497502 0.305911
vt 0.501448 0.305286
vt 0.505070 0.303441
vt 0.507843 0.300670
vt 0.525007 0.318406
vt 0.008408 0.318406
vt 0.008408 0.004991
vt 0.523513 0.004991
vt 0.507848 0.020561
vt 0.505067 0.017781
vt 0.501448 0.015937
vt 0.497502 0.015312
vt 0.163088 0.015312
vt 0.159142 0.015937
vt 0.155551 0.017766
vt 0.152786 0.020532
vt 0.524085 0.004422
vt 0.525007 0.004991
vt 0.524570 0.003940
vt 0.524893 0.003618
vt 0.525007 0.003505
vt 0.008408 0.004422
vt 0.008408 0.003940
vt 0.008408 0.003618
vt 0.008408 0.003505
vt 0.509722 0.024239
vt 0.509723 0.296980
vt 0.510342 0.293071
vt 0.510342 0.028152
vt 0.780581 0.424504
vt 0.780582 0.013120
vt 0.782336 0.013120
vt 0.782336 0.424504
vt 0.785166 0.013120
vt 0.785166 0.424504
vt 0.548729 0.541709
vt 0.210194 0.541709
vt 0.210194 0.340105
vt 0.548729 0.340105
vt 0.584240 0.424504
vt 0.584240 0.013120
vt 0.208161 0.338072
vt 0.550762 0.338072
vt 0.550762 0.543742
vt 0.208161 0.543742
vt 0.924259 0.116101
vt 0.920857 0.126835
vt 0.918804 0.126616
vt 0.922449 0.115113
vt 0.947472 0.170043
vt 0.951379 0.179512
vt 0.945088 0.182814
vt 0.939615 0.173990
vt 0.957490 0.201911
vt 0.950795 0.191668
vt 0.955527 0.189267
vt 0.960081 0.200563
vt 0.955527 0.189810
vt 0.950995 0.192191
vt 0.960018 0.156548
vt 0.968078 0.152034
vt 0.969404 0.153607
vt 0.958930 0.159535
vt 0.964865 0.212873
vt 0.962898 0.199763
vt 0.965859 0.199558
vt 0.955242 0.203905
vt 0.964578 0.212715
vt 0.953435 0.206136
vt 0.939411 0.187155
vt 0.932465 0.179289
vt 0.934526 0.192428
vt 0.926294 0.185772
vt 0.960603 0.187689
vt 0.946975 0.195381
vt 0.958482 0.177518
vt 0.965667 0.176744
vt 0.965919 0.187169
vt 0.943510 0.199236
vt 0.951617 0.179697
vt 0.947535 0.169742
vt 0.956264 0.167134
vt 0.972919 0.177107
vt 0.971351 0.187568
vt 0.952104 0.208736
vt 0.940750 0.203800
vt 0.965308 0.165936
vt 0.968831 0.199960
vt 0.930556 0.198503
vt 0.921269 0.193206
vt 0.951316 0.211643
vt 0.971737 0.200992
vt 0.927574 0.205230
vt 0.917454 0.201353
vt 0.980050 0.178685
vt 0.976731 0.188950
vt 0.974400 0.166510
vt 0.938790 0.208914
vt 0.987026 0.181405
vt 0.981948 0.191409
vt 0.983121 0.168495
vt 0.974446 0.202645
vt 0.951158 0.214741
vt 0.991368 0.171642
vt 0.937785 0.214558
vt 0.951698 0.217924
vt 0.976865 0.204932
vt 0.971023 0.209267
vt 0.925580 0.212582
vt 0.914823 0.210017
vt 0.937800 0.220497
vt 0.923826 0.220407
vt 0.986961 0.194859
vt 0.913236 0.218831
vt 0.993751 0.185084
vt 0.999075 0.175587
vt 0.958395 0.215867
vt 0.951522 0.218268
vt 0.951004 0.214965
vt 0.976191 0.205145
vt 0.973923 0.202906
vt 0.925322 0.220988
vt 0.913970 0.219942
vt 0.915239 0.210957
vt 0.926118 0.213203
vt 0.986257 0.195304
vt 0.981419 0.191882
vt 0.937368 0.220896
vt 0.937367 0.214737
vt 0.971285 0.201250
vt 0.998976 0.174303
vt 0.994197 0.183844
vt 0.986807 0.180789
vt 0.990878 0.170550
vt 0.976242 0.189465
vt 0.979668 0.178198
vt 0.938397 0.209013
vt 0.951181 0.211753
vt 0.982307 0.167735
vt 0.927915 0.205838
vt 0.917605 0.202181
vt 0.951986 0.208773
vt 0.968459 0.200224
vt 0.921245 0.193822
vt 0.930772 0.198961
vt 0.970908 0.188098
vt 0.940280 0.203724
vt 0.972471 0.176763
vt 0.973485 0.166183
vt 0.934649 0.192782
vt 0.943086 0.199034
vt 0.953359 0.206081
vt 0.965254 0.176502
vt 0.964575 0.166024
vt 0.965560 0.199821
vt 0.965599 0.187716
vt 0.926181 0.186182
vt 0.955217 0.203774
vt 0.962684 0.200019
vt 0.958174 0.177429
vt 0.955815 0.167321
vt 0.960441 0.188304
vt 0.939502 0.187389
vt 0.946644 0.194991
vt 0.945193 0.182940
vt 0.959949 0.200795
vt 0.932336 0.179507
vt 0.939517 0.174041
vt 0.957439 0.202106
vt 0.138243 0.268657
vt 0.138243 0.280844
vt 0.133137 0.280844
vt 0.133137 0.268657
vt 0.112948 0.232099
vt 0.112948 0.219912
vt 0.118054 0.219912
vt 0.118054 0.232099
vt 0.138243 0.219912
vt 0.138243 0.232099
vt 0.133137 0.232099
vt 0.133137 0.219912
vt 0.112948 0.183353
vt 0.112948 0.171167
vt 0.118054 0.171167
vt 0.118054 0.183353
vt 0.112948 0.293338
vt 0.112948 0.280844
vt 0.118054 0.280844
vt 0.118054 0.293338
vt 0.138243 0.171167
vt 0.138243 0.183353
vt 0.133137 0.183353
vt 0.133137 0.171167
vt 0.951602 0.158692
vt 0.943271 0.158161
vt 0.943468 0.155374
vt 0.951732 0.155895
vt 0.112948 0.244285
vt 0.118054 0.244285
vt 0.138243 0.293338
vt 0.133137 0.293338
vt 0.138243 0.244285
vt 0.133137 0.244285
vt 0.112948 0.195539
vt 0.118054 0.195539
vt 0.138243 0.195539
vt 0.133137 0.195539
vt 0.112948 0.146794
vt 0.112948 0.134300
vt 0.118054 0.134300
vt 0.118054 0.146794
vt 0.976901 0.121331
vt 0.971479 0.111822
vt 0.972980 0.110547
vt 0.978849 0.120681
vt 0.940986 0.102629
vt 0.931508 0.107519
vt 0.930227 0.105916
vt 0.940929 0.100488
vt 0.951723 0.160851
vt 0.927035 0.148099
vt 0.935383 0.155164
vt 0.934827 0.157325
vt 0.925413 0.149406
vt 0.971338 0.155820
vt 0.959979 0.162362
vt 0.921825 0.138063
vt 0.919842 0.138647
vt 0.942823 0.160279
vt 0.964444 0.106150
vt 0.956861 0.102577
vt 0.957372 0.100582
vt 0.963917 0.103117
vt 0.948991 0.101461
vt 0.948998 0.099387
vt 0.915945 0.126271
vt 0.919958 0.113707
vt 0.976876 0.144288
vt 0.979420 0.145713
vt 0.917046 0.139426
vt 0.965277 0.100686
vt 0.975095 0.108701
vt 0.928491 0.103676
vt 0.940252 0.097774
vt 0.981510 0.119618
vt 0.949006 0.096676
vt 0.980321 0.132668
vt 0.980215 0.126551
vt 0.983107 0.126155
vt 0.983232 0.132887
vt 0.979187 0.138679
vt 0.981997 0.139492
vt 0.958065 0.097864
vt 0.923094 0.151215
vt 0.942158 0.163379
vt 0.933383 0.159983
vt 0.975066 0.143326
vt 0.951957 0.163943
vt 0.977194 0.138080
vt 0.978244 0.132483
vt 0.978147 0.126798
vt 0.133137 0.207726
vt 0.118054 0.207726
vt 0.133137 0.158980
vt 0.118054 0.158980
vt 0.133137 0.146794
vt 0.133137 0.134300
vt 0.118054 0.268657
vt 0.133137 0.256471
vt 0.118054 0.256471
vt 0.138243 0.158980
vt 0.112948 0.207726
vt 0.112948 0.268657
vt 0.112948 0.158980
vt 0.138243 0.207726
vt 0.138243 0.256471
vt 0.112948 0.256471
vt 0.138243 0.146794
vt 0.956465 0.105235
vt 0.948619 0.104120
vt 0.138243 0.134300
vt 0.139585 0.045518
vt 0.139520 0.048550
vt 0.136626 0.048489
vt 0.136965 0.045512
vt 0.138951 0.030209
vt 0.139344 0.033659
vt 0.136580 0.033783
vt 0.136054 0.030834
vt 0.139534 0.042488
vt 0.136639 0.042538
vt 0.809554 0.411320
vt 0.809554 0.415399
vt 0.806436 0.416235
vt 0.806436 0.410484
vt 0.094301 0.168395
vt 0.087117 0.168395
vt 0.087117 0.163930
vt 0.094301 0.163930
vt 0.137444 0.026422
vt 0.135188 0.028103
vt 0.051196 0.168395
vt 0.044011 0.168395
vt 0.044011 0.163930
vt 0.051196 0.163930
vt 0.139510 0.039378
vt 0.136817 0.039547
vt 0.138895 0.060842
vt 0.137374 0.064644
vt 0.135110 0.062951
vt 0.135987 0.060207
vt 0.815127 0.420972
vt 0.819207 0.420973
vt 0.820043 0.424090
vt 0.814292 0.424090
vt 0.811594 0.418932
vt 0.809311 0.421215
vt 0.139464 0.036571
vt 0.136989 0.036665
vt 0.824780 0.415399
vt 0.824780 0.411319
vt 0.827899 0.410484
vt 0.827898 0.416235
vt 0.859484 0.427562
vt 0.859484 0.224807
vt 0.862901 0.224807
vt 0.862901 0.427562
vt 0.856066 0.427562
vt 0.856066 0.224807
vt 0.852649 0.427562
vt 0.852649 0.224807
vt 0.849232 0.427562
vt 0.849232 0.224807
vt 0.845815 0.427562
vt 0.845815 0.224807
vt 0.842397 0.427562
vt 0.842397 0.224807
vt 0.838980 0.427562
vt 0.838980 0.224807
vt 0.835563 0.427562
vt 0.835563 0.224807
vt 0.832146 0.427562
vt 0.832146 0.224807
vt 0.869736 0.427562
vt 0.869735 0.224807
vt 0.873153 0.224807
vt 0.873153 0.427562
vt 0.866318 0.427562
vt 0.866318 0.224807
vt 0.138347 0.082922
vt 0.138301 0.084976
vt 0.135721 0.084815
vt 0.135932 0.083011
vt 0.036827 0.168395
vt 0.036827 0.163930
vt 0.138312 0.081128
vt 0.136078 0.081255
vt 0.819207 0.405746
vt 0.815127 0.405746
vt 0.814292 0.402628
vt 0.820043 0.402628
vt 0.138145 0.072055
vt 0.138313 0.074178
vt 0.135736 0.074333
vt 0.135726 0.072528
vt 0.029642 0.168395
vt 0.029642 0.163930
vt 0.138307 0.079574
vt 0.136267 0.079572
vt 0.822740 0.418932
vt 0.825023 0.421215
vt 0.137733 0.069999
vt 0.135535 0.070782
vt 0.079933 0.168395
vt 0.079933 0.163930
vt 0.138315 0.078022
vt 0.136083 0.077890
vt 0.811594 0.407786
vt 0.809311 0.405503
vt 0.036827 0.135771
vt 0.044011 0.135771
vt 0.108670 0.163930
vt 0.101486 0.163930
vt 0.101486 0.135771
vt 0.108670 0.135771
vt 0.139483 0.051658
vt 0.136791 0.051479
vt 0.072749 0.163930
vt 0.065564 0.163930
vt 0.065564 0.135771
vt 0.072749 0.135771
vt 0.087117 0.135771
vt 0.094301 0.135771
vt 0.051196 0.135771
vt 0.139428 0.054465
vt 0.136950 0.054360
vt 0.139298 0.057382
vt 0.136528 0.057248
vt 0.022458 0.163930
vt 0.022458 0.135771
vt 0.029642 0.135771
vt 0.079933 0.135771
vt 0.021410 0.040228
vt 0.021394 0.037589
vt 0.021419 0.042867
vt 0.021422 0.045504
vt 0.021419 0.048143
vt 0.021410 0.050780
vt 0.021394 0.053418
vt 0.021372 0.056056
vt 0.021343 0.058692
vt 0.021309 0.061327
vt 0.021343 0.032315
vt 0.021309 0.029464
vt 0.021371 0.034951
vt 0.022389 0.094364
vt 0.022389 0.093938
vt 0.023021 0.093938
vt 0.023021 0.094364
vt 0.022389 0.097771
vt 0.022389 0.097345
vt 0.023021 0.097345
vt 0.023021 0.097771
vt 0.058380 0.163930
vt 0.058380 0.135771
vt 0.022389 0.094790
vt 0.023021 0.094790
vt 0.022389 0.095216
vt 0.023021 0.095216
vt 0.022389 0.095641
vt 0.023021 0.095641
vt 0.022389 0.096067
vt 0.023021 0.096067
vt 0.022458 0.168395
vt 0.072749 0.168395
vt 0.138127 0.087101
vt 0.135706 0.086622
vt 0.108670 0.168395
vt 0.101486 0.168395
vt 0.137712 0.089159
vt 0.135509 0.088370
vt 0.065564 0.168395
vt 0.138354 0.076230
vt 0.135942 0.076135
vt 0.136487 0.091382
vt 0.134915 0.089871
vt 0.136514 0.067780
vt 0.134944 0.069285
vt 0.022233 0.076417
vt 0.022228 0.074848
vt 0.022236 0.077987
vt 0.022237 0.079557
vt 0.022236 0.081128
vt 0.022233 0.082698
vt 0.022227 0.084268
vt 0.022219 0.085837
vt 0.022210 0.087406
vt 0.022198 0.088975
vt 0.022212 0.071709
vt 0.022201 0.070010
vt 0.022221 0.073278
vt 0.134073 0.097771
vt 0.134073 0.098196
vt 0.023021 0.098196
vt 0.134073 0.098622
vt 0.023021 0.098622
vt 0.134073 0.099048
vt 0.023021 0.099048
vt 0.134073 0.093938
vt 0.134073 0.094364
vt 0.134073 0.094790
vt 0.134073 0.095216
vt 0.134073 0.095641
vt 0.134073 0.096067
vt 0.134073 0.096493
vt 0.023021 0.096493
vt 0.134073 0.096919
vt 0.023021 0.096919
vt 0.134073 0.097345
vt 0.822740 0.407786
vt 0.825023 0.405503
vt 0.022389 0.096919
vt 0.058380 0.168395
vt 0.022389 0.099048
vt 0.022389 0.098622
vt 0.022389 0.096493
vt 0.022389 0.098196
vt 0.006361 0.552323
vt 0.005407 0.552064
vt 0.004821 0.551472
vt 0.004562 0.550495
vt 0.004562 0.430420
vt 0.116859 0.430420
vt 0.116859 0.550495
vt 0.116600 0.551472
vt 0.116014 0.552065
vt 0.115060 0.552323
vt 0.880319 0.153279
vt 0.882811 0.153279
vt 0.882811 0.154279
vt 0.880319 0.154279
vt 0.877871 0.157756
vt 0.880366 0.157756
vt 0.880366 0.158881
vt 0.877871 0.158881
vt 0.895432 0.140109
vt 0.892306 0.140109
vt 0.892306 0.137799
vt 0.895432 0.137799
vt 0.861047 0.140109
vt 0.861047 0.137799
vt 0.864173 0.137799
vt 0.864173 0.140109
vt 0.002974 0.377209
vt 0.003941 0.376231
vt 0.005516 0.375803
vt 0.184972 0.375804
vt 0.186547 0.376231
vt 0.187514 0.377209
vt 0.187942 0.378822
vt 0.156642 0.393961
vt 0.153445 0.389229
vt 0.148576 0.385975
vt 0.142832 0.384832
vt 0.137088 0.385975
vt 0.132219 0.389229
vt 0.128966 0.394098
vt 0.127824 0.399841
vt 0.108711 0.399841
vt 0.107568 0.394098
vt 0.104315 0.389229
vt 0.099445 0.385975
vt 0.093702 0.384832
vt 0.087958 0.385975
vt 0.083089 0.389229
vt 0.079835 0.394098
vt 0.078693 0.399841
vt 0.059581 0.399841
vt 0.058438 0.394098
vt 0.055185 0.389229
vt 0.050315 0.385975
vt 0.044571 0.384832
vt 0.038828 0.385975
vt 0.034078 0.389130
vt 0.030749 0.393953
vt 0.889180 0.140109
vt 0.889180 0.137799
vt 0.851654 0.140109
vt 0.848543 0.140109
vt 0.848543 0.137799
vt 0.851654 0.137799
vt 0.887796 0.153279
vt 0.887796 0.154279
vt 0.885304 0.154279
vt 0.885304 0.153279
vt 0.886055 0.140109
vt 0.882929 0.140109
vt 0.882929 0.137799
vt 0.886055 0.137799
vt 0.940068 0.926494
vt 0.939934 0.920962
vt 0.940955 0.921102
vt 0.941217 0.926230
vt 0.867299 0.140109
vt 0.867299 0.137799
vt 0.876677 0.140109
vt 0.876677 0.137799
vt 0.879803 0.137799
vt 0.879803 0.140109
vt 0.890288 0.153279
vt 0.890288 0.154279
vt 0.882862 0.157756
vt 0.885358 0.157756
vt 0.885358 0.158881
vt 0.882862 0.158881
vt 0.877827 0.153279
vt 0.877827 0.154279
vt 0.870351 0.153279
vt 0.872843 0.153279
vt 0.872843 0.154279
vt 0.870351 0.154279
vt 0.895272 0.153279
vt 0.895272 0.154279
vt 0.892780 0.154279
vt 0.892780 0.153279
vt 0.845417 0.140109
vt 0.845417 0.137799
vt 0.870384 0.157756
vt 0.872879 0.157756
vt 0.872879 0.158881
vt 0.870384 0.158881
vt 0.873551 0.140109
vt 0.873551 0.137799
vt 0.857890 0.153279
vt 0.857890 0.154279
vt 0.855398 0.154279
vt 0.855398 0.153279
vt 0.870425 0.140109
vt 0.870425 0.137799
vt 0.857921 0.140109
vt 0.857921 0.137799
vt 0.875335 0.153279
vt 0.875335 0.154279
vt 0.952919 0.907069
vt 0.958741 0.907072
vt 0.958401 0.908735
vt 0.953135 0.908525
vt 0.862897 0.157756
vt 0.865392 0.157756
vt 0.865392 0.158881
vt 0.862897 0.158880
vt 0.857906 0.157756
vt 0.860401 0.157756
vt 0.860401 0.158880
vt 0.857906 0.158880
vt 0.855410 0.158880
vt 0.855410 0.157756
vt 0.891553 0.160502
vt 0.891553 0.160677
vt 0.890851 0.160817
vt 0.890851 0.160362
vt 0.860382 0.153279
vt 0.862863 0.153279
vt 0.862863 0.154279
vt 0.860382 0.154279
vt 0.875375 0.157756
vt 0.875375 0.158881
vt 0.887853 0.157756
vt 0.887853 0.158881
vt 0.865367 0.153279
vt 0.867859 0.153279
vt 0.867859 0.154279
vt 0.865367 0.154279
vt 0.854780 0.140109
vt 0.854780 0.137799
vt 0.867888 0.157756
vt 0.867888 0.158881
vt 0.890349 0.157756
vt 0.890349 0.158881
vt 0.892844 0.157756
vt 0.895340 0.157756
vt 0.895340 0.158881
vt 0.892844 0.158881
vt 0.079835 0.405585
vt 0.083089 0.410454
vt 0.087958 0.413708
vt 0.093702 0.414850
vt 0.099445 0.413708
vt 0.104315 0.410454
vt 0.107568 0.405585
vt 0.128966 0.405585
vt 0.132219 0.410455
vt 0.137088 0.413708
vt 0.142832 0.414850
vt 0.148576 0.413708
vt 0.153445 0.410454
vt 0.156699 0.405585
vt 0.157842 0.399841
vt 0.187942 0.427285
vt 0.002547 0.427285
vt 0.002546 0.378821
vt 0.029563 0.399841
vt 0.030705 0.405585
vt 0.033958 0.410454
vt 0.038828 0.413708
vt 0.044571 0.414850
vt 0.050315 0.413708
vt 0.055185 0.410454
vt 0.058438 0.405585
vt 0.875335 0.152484
vt 0.877827 0.152484
vt 0.880319 0.152484
vt 0.877827 0.151643
vt 0.880319 0.151643
vt 0.885304 0.152484
vt 0.885304 0.151643
vt 0.887796 0.151643
vt 0.887796 0.152484
vt 0.864173 0.141106
vt 0.861047 0.141106
vt 0.864173 0.142159
vt 0.861047 0.142159
vt 0.857921 0.142159
vt 0.861047 0.142747
vt 0.857921 0.142747
vt 0.854780 0.142747
vt 0.854780 0.142159
vt 0.880366 0.156807
vt 0.877871 0.156807
vt 0.877871 0.155917
vt 0.880366 0.155917
vt 0.870384 0.156807
vt 0.872879 0.156807
vt 0.875375 0.156807
vt 0.865392 0.156807
vt 0.862897 0.156807
vt 0.890349 0.156807
vt 0.892844 0.156807
vt 0.882862 0.155917
vt 0.882862 0.156807
vt 0.880366 0.155390
vt 0.882862 0.155390
vt 0.872879 0.155917
vt 0.870384 0.155917
vt 0.870384 0.155390
vt 0.872879 0.155390
vt 0.875375 0.155917
vt 0.875375 0.155390
vt 0.877871 0.155390
vt 0.867888 0.156807
vt 0.885358 0.156807
vt 0.867888 0.155917
vt 0.867888 0.155390
vt 0.885304 0.151175
vt 0.887796 0.151175
vt 0.855398 0.151643
vt 0.857890 0.151643
vt 0.857890 0.152484
vt 0.855398 0.152484
vt 0.882811 0.152484
vt 0.882811 0.151175
vt 0.882811 0.151643
vt 0.875335 0.151643
vt 0.875335 0.151175
vt 0.877827 0.151175
vt 0.860382 0.151643
vt 0.862863 0.151643
vt 0.862863 0.152484
vt 0.860382 0.152484
vt 0.872843 0.151643
vt 0.870351 0.151643
vt 0.870351 0.151175
vt 0.872843 0.151175
vt 0.887853 0.156807
vt 0.860401 0.155917
vt 0.862897 0.155917
vt 0.860401 0.156807
vt 0.860401 0.155390
vt 0.862897 0.155390
vt 0.865392 0.155917
vt 0.865392 0.155390
vt 0.872843 0.152484
vt 0.870351 0.152484
vt 0.867859 0.152484
vt 0.860382 0.151175
vt 0.862863 0.151175
vt 0.867859 0.151643
vt 0.867859 0.151175
vt 0.865367 0.151175
vt 0.865367 0.151643
vt 0.865367 0.152484
vt 0.890288 0.151643
vt 0.892780 0.151643
vt 0.892780 0.152484
vt 0.890288 0.152484
vt 0.857890 0.151175
vt 0.880319 0.151175
vt 0.890288 0.151175
vt 0.892306 0.142159
vt 0.889180 0.142159
vt 0.889180 0.141106
vt 0.892306 0.141106
vt 0.845417 0.141106
vt 0.848543 0.141106
vt 0.845417 0.142159
vt 0.848543 0.142159
vt 0.864173 0.142747
vt 0.851654 0.142747
vt 0.851654 0.142159
vt 0.848543 0.142747
vt 0.895328 0.156807
vt 0.867299 0.142159
vt 0.867299 0.141106
vt 0.870425 0.141106
vt 0.870425 0.142159
vt 0.867299 0.142747
vt 0.845417 0.142747
vt 0.886055 0.142159
vt 0.886055 0.141106
vt 0.882929 0.141106
vt 0.879803 0.141106
vt 0.882929 0.142159
vt 0.879803 0.142159
vt 0.870425 0.142747
vt 0.895432 0.142159
vt 0.895432 0.142747
vt 0.892306 0.142747
vt 0.873551 0.142159
vt 0.873551 0.141106
vt 0.876677 0.141106
vt 0.876677 0.142159
vt 0.873551 0.142747
vt 0.851654 0.141106
vt 0.889180 0.142747
vt 0.886055 0.142747
vt 0.854780 0.141106
vt 0.857921 0.141106
vt 0.879803 0.142747
vt 0.876677 0.142747
vt 0.882929 0.142747
vt 0.885358 0.155917
vt 0.887853 0.155917
vt 0.885358 0.155390
vt 0.887853 0.155390
vt 0.890349 0.155917
vt 0.892844 0.155917
vt 0.890349 0.155390
vt 0.892844 0.155390
vt 0.895340 0.155917
vt 0.895340 0.155390
vt 0.855423 0.156807
vt 0.857906 0.156807
vt 0.857906 0.155917
vt 0.857906 0.155390
vt 0.855410 0.155917
vt 0.855410 0.155390
vt 0.892780 0.151175
vt 0.855398 0.151175
vt 0.895272 0.152484
vt 0.895272 0.151175
vt 0.895272 0.151643
vt 0.895432 0.141106
vt 0.831936 0.158271
vt 0.831936 0.150813
vt 0.833698 0.150813
vt 0.833698 0.158271
vt 0.846031 0.158271
vt 0.844269 0.158271
vt 0.844269 0.150813
vt 0.846031 0.150813
vt 0.879743 0.159820
vt 0.881505 0.159820
vt 0.881505 0.167279
vt 0.879743 0.167279
vt 0.850863 0.159098
vt 0.850863 0.167620
vt 0.849150 0.167620
vt 0.849150 0.159098
vt 0.877981 0.159820
vt 0.877981 0.167279
vt 0.847429 0.159098
vt 0.847429 0.167620
vt 0.883267 0.159820
vt 0.883267 0.167279
vt 0.842507 0.158271
vt 0.842507 0.150813
vt 0.856837 0.159820
vt 0.858599 0.159820
vt 0.858599 0.167279
vt 0.856837 0.167279
vt 0.837150 0.159098
vt 0.838863 0.159098
vt 0.838863 0.167620
vt 0.837150 0.167620
vt 0.852568 0.159098
vt 0.854281 0.159098
vt 0.854281 0.167620
vt 0.852568 0.167620
vt 0.863885 0.159820
vt 0.865647 0.159820
vt 0.865647 0.167279
vt 0.863885 0.167279
vt 0.844002 0.159098
vt 0.845716 0.159098
vt 0.845716 0.167620
vt 0.844002 0.167620
vt 0.830298 0.159098
vt 0.832011 0.159098
vt 0.832011 0.167620
vt 0.830298 0.167620
vt 0.840576 0.159098
vt 0.840576 0.167620
vt 0.867409 0.159820
vt 0.867409 0.167279
vt 0.869171 0.159820
vt 0.869171 0.167279
vt 0.828413 0.158271
vt 0.828413 0.150813
vt 0.830175 0.150813
vt 0.830175 0.158271
vt 0.860361 0.159820
vt 0.862123 0.159820
vt 0.862123 0.167279
vt 0.860361 0.167279
vt 0.872695 0.159820
vt 0.874457 0.159820
vt 0.874457 0.167279
vt 0.872695 0.167279
vt 0.833724 0.159098
vt 0.833724 0.167620
vt 0.870933 0.159820
vt 0.870933 0.167279
vt 0.842289 0.167620
vt 0.842289 0.159098
vt 0.826651 0.158271
vt 0.826651 0.150813
vt 0.855075 0.167279
vt 0.855075 0.159820
vt 0.853078 0.158271
vt 0.853078 0.150813
vt 0.854839 0.150813
vt 0.854839 0.158271
vt 0.835460 0.158271
vt 0.835460 0.150813
vt 0.943149 0.916945
vt 0.941938 0.921227
vt 0.942309 0.916532
vt 0.837222 0.150813
vt 0.837222 0.158271
vt 0.835437 0.159098
vt 0.835437 0.167620
vt 0.826872 0.159098
vt 0.828585 0.159098
vt 0.828585 0.167620
vt 0.826872 0.167620
vt 0.838984 0.158271
vt 0.838984 0.150813
vt 0.840745 0.150813
vt 0.840745 0.158271
vt 0.876219 0.159820
vt 0.876219 0.167279
vt 0.948851 0.910705
vt 0.945215 0.913316
vt 0.946025 0.914112
vt 0.949359 0.911742
vt 0.851316 0.158271
vt 0.849562 0.158271
vt 0.849562 0.150813
vt 0.851316 0.150813
vt 0.847792 0.158271
vt 0.847792 0.150813
vt 0.953959 0.932676
vt 0.949580 0.932164
vt 0.951554 0.926988
vt 0.953778 0.927379
vt 0.949337 0.933629
vt 0.944535 0.931063
vt 0.943678 0.931938
vt 0.949094 0.934629
vt 0.943848 0.917284
vt 0.946213 0.913960
vt 0.949796 0.917587
vt 0.948538 0.919403
vt 0.942663 0.916994
vt 0.943705 0.917482
vt 0.949565 0.911637
vt 0.953615 0.910591
vt 0.953806 0.915887
vt 0.951627 0.916353
vt 0.942668 0.921546
vt 0.948443 0.919537
vt 0.947982 0.921727
vt 0.943206 0.925706
vt 0.942753 0.921319
vt 0.948045 0.921575
vt 0.948408 0.923802
vt 0.949631 0.925739
vt 0.945571 0.929746
vt 0.953397 0.910619
vt 0.957805 0.911060
vt 0.955904 0.916283
vt 0.953671 0.915926
vt 0.964297 0.917434
vt 0.959112 0.919432
vt 0.957854 0.917505
vt 0.961862 0.913422
vt 0.951498 0.916438
vt 0.949676 0.917694
vt 0.954093 0.932748
vt 0.949695 0.932303
vt 0.951595 0.927091
vt 0.953826 0.927446
vt 0.958134 0.931642
vt 0.956002 0.926944
vt 0.963773 0.925886
vt 0.959040 0.923841
vt 0.959511 0.921658
vt 0.964819 0.921831
vt 0.945639 0.929937
vt 0.943184 0.925936
vt 0.948377 0.923965
vt 0.949657 0.925877
vt 0.953255 0.909414
vt 0.958161 0.909736
vt 0.961993 0.913521
vt 0.957949 0.917535
vt 0.956033 0.916277
vt 0.957994 0.911098
vt 0.941869 0.926319
vt 0.940875 0.926580
vt 0.961452 0.929256
vt 0.962265 0.930054
vt 0.964816 0.926376
vt 0.958640 0.932674
vt 0.954235 0.933956
vt 0.954354 0.934846
vt 0.959018 0.933435
vt 0.966026 0.921952
vt 0.965615 0.917055
vt 0.962964 0.912299
vt 0.952851 0.919553
vt 0.952265 0.918190
vt 0.951039 0.919033
vt 0.952095 0.920072
vt 0.964818 0.921943
vt 0.963715 0.925971
vt 0.959027 0.923859
vt 0.959529 0.921694
vt 0.964363 0.917559
vt 0.959166 0.919468
vt 0.961348 0.929296
vt 0.957777 0.925666
vt 0.958001 0.931624
vt 0.955954 0.926904
vt 0.957812 0.925673
vt 0.948471 0.909940
vt 0.944615 0.912725
vt 0.962867 0.930644
vt 0.888944 0.160902
vt 0.888782 0.160968
vt 0.888606 0.160968
vt 0.888444 0.160900
vt 0.888320 0.160776
vt 0.888254 0.160613
vt 0.888254 0.160438
vt 0.888322 0.160276
vt 0.888446 0.160152
vt 0.888608 0.160085
vt 0.888784 0.160086
vt 0.888946 0.160153
vt 0.889070 0.160278
vt 0.889137 0.160440
vt 0.889136 0.160616
vt 0.889068 0.160778
vt 0.891620 0.160339
vt 0.891744 0.160216
vt 0.891906 0.160148
vt 0.892082 0.160148
vt 0.892244 0.160215
vt 0.892369 0.160340
vt 0.892436 0.160502
vt 0.892435 0.160677
vt 0.892368 0.160839
vt 0.892244 0.160964
vt 0.892082 0.161031
vt 0.891907 0.161031
vt 0.891744 0.160963
vt 0.891620 0.160839
vt 0.885181 0.160270
vt 0.885344 0.160202
vt 0.885519 0.160201
vt 0.885682 0.160268
vt 0.885806 0.160392
vt 0.885874 0.160554
vt 0.885875 0.160730
vt 0.885808 0.160893
vt 0.885684 0.161017
vt 0.885522 0.161085
vt 0.885346 0.161086
vt 0.885184 0.161019
vt 0.885059 0.160895
vt 0.884991 0.160733
vt 0.884991 0.160557
vt 0.885057 0.160395
vt 0.953823 0.919305
vt 0.952931 0.919486
vt 0.952416 0.918247
vt 0.953820 0.917957
vt 0.953822 0.920210
vt 0.953275 0.920325
vt 0.889340 0.161498
vt 0.888920 0.161671
vt 0.888464 0.161670
vt 0.952745 0.920709
vt 0.953211 0.920388
vt 0.953744 0.919356
vt 0.953719 0.917864
vt 0.950217 0.920272
vt 0.954714 0.919474
vt 0.954365 0.920312
vt 0.955236 0.918223
vt 0.957152 0.923047
vt 0.957461 0.921649
vt 0.951228 0.919042
vt 0.953757 0.920263
vt 0.884781 0.159675
vt 0.885202 0.159499
vt 0.886078 0.159671
vt 0.886401 0.159992
vt 0.951653 0.920747
vt 0.951459 0.921638
vt 0.950112 0.921619
vt 0.950419 0.920220
vt 0.952487 0.921102
vt 0.952365 0.921648
vt 0.889839 0.160302
vt 0.889838 0.160757
vt 0.889663 0.161177
vt 0.952169 0.919993
vt 0.952806 0.920638
vt 0.889666 0.159881
vt 0.951620 0.922531
vt 0.952460 0.922192
vt 0.950360 0.923034
vt 0.956436 0.919022
vt 0.888470 0.159382
vt 0.888926 0.159383
vt 0.955071 0.921109
vt 0.954764 0.920653
vt 0.955403 0.920004
vt 0.955911 0.920756
vt 0.956460 0.918926
vt 0.957295 0.920177
vt 0.885657 0.159498
vt 0.954641 0.919510
vt 0.954303 0.920356
vt 0.955194 0.918115
vt 0.955234 0.925188
vt 0.956454 0.924343
vt 0.952304 0.925265
vt 0.953778 0.925514
vt 0.884460 0.159998
vt 0.953755 0.923963
vt 0.952864 0.923792
vt 0.953213 0.922955
vt 0.953755 0.923057
vt 0.953758 0.925310
vt 0.952345 0.925044
vt 0.957215 0.920232
vt 0.951590 0.920838
vt 0.951411 0.921735
vt 0.949920 0.921737
vt 0.952433 0.921180
vt 0.952320 0.921730
vt 0.884289 0.160875
vt 0.884287 0.160419
vt 0.885664 0.161787
vt 0.885209 0.161789
vt 0.953751 0.924025
vt 0.952855 0.923870
vt 0.953191 0.923026
vt 0.953737 0.923118
vt 0.950198 0.923208
vt 0.884464 0.161295
vt 0.952423 0.922273
vt 0.951585 0.922628
vt 0.951041 0.924457
vt 0.952093 0.923379
vt 0.952729 0.922729
vt 0.884787 0.161616
vt 0.886084 0.161612
vt 0.954283 0.922994
vt 0.954642 0.923827
vt 0.957274 0.923105
vt 0.957573 0.921646
vt 0.891025 0.159942
vt 0.891025 0.161237
vt 0.891346 0.159620
vt 0.952112 0.923289
vt 0.951144 0.924246
vt 0.952758 0.922652
vt 0.889346 0.159559
vt 0.891767 0.159446
vt 0.891346 0.161559
vt 0.892222 0.159446
vt 0.891766 0.161733
vt 0.955902 0.922545
vt 0.955397 0.923309
vt 0.888045 0.161495
vt 0.887724 0.161172
vt 0.892642 0.159620
vt 0.892222 0.161733
vt 0.956082 0.921650
vt 0.892964 0.159942
vt 0.893138 0.160362
vt 0.892964 0.161237
vt 0.892642 0.161559
vt 0.955174 0.921653
vt 0.955061 0.922202
vt 0.955467 0.919976
vt 0.955959 0.920735
vt 0.955118 0.921074
vt 0.954820 0.920614
vt 0.887551 0.160751
vt 0.887552 0.160296
vt 0.954749 0.922673
vt 0.893138 0.160817
vt 0.956116 0.921628
vt 0.955922 0.922517
vt 0.955089 0.922163
vt 0.955210 0.921617
vt 0.955159 0.925017
vt 0.956345 0.924221
vt 0.955408 0.923272
vt 0.954770 0.922628
vt 0.887727 0.159876
vt 0.954647 0.923779
vt 0.954302 0.922941
vt 0.888050 0.159555
vt 0.886577 0.160412
vt 0.886578 0.160868
vt 0.886406 0.161289
vt 0.953191 0.907035
vt 0.948102 0.908574
vt 0.947797 0.907947
vt 0.953083 0.906312
vt 0.947844 0.908688
vt 0.947528 0.908065
vt 0.952800 0.906345
vt 0.943626 0.911753
vt 0.953292 0.907768
vt 0.948409 0.909207
vt 0.953419 0.908789
vt 0.948832 0.910088
vt 0.958820 0.907970
vt 0.958542 0.909117
vt 0.943132 0.911267
vt 0.940002 0.915718
vt 0.940632 0.916023
vt 0.958996 0.907132
vt 0.959151 0.906289
vt 0.940804 0.915783
vt 0.939203 0.920851
vt 0.938482 0.920735
vt 0.940180 0.915470
vt 0.968377 0.922246
vt 0.966918 0.922055
vt 0.966612 0.916795
vt 0.968267 0.916423
vt 0.941434 0.916098
vt 0.944343 0.912067
vt 0.945021 0.912754
vt 0.943853 0.911570
vt 0.943366 0.911078
vt 0.948750 0.935292
vt 0.942867 0.932416
vt 0.943872 0.931421
vt 0.949029 0.934146
vt 0.939226 0.926659
vt 0.966615 0.922161
vt 0.966351 0.917037
vt 0.967502 0.916773
vt 0.967634 0.922301
vt 0.938382 0.926801
vt 0.954282 0.935498
vt 0.954154 0.934476
vt 0.965297 0.909922
vt 0.966114 0.909090
vt 0.969112 0.916268
vt 0.963856 0.931614
vt 0.959645 0.934684
vt 0.941894 0.916629
vt 0.958881 0.906224
vt 0.948752 0.936290
vt 0.954570 0.936300
vt 0.939103 0.921131
vt 0.938378 0.921025
vt 0.954382 0.936231
vt 0.948574 0.936132
vt 0.954491 0.936954
vt 0.948422 0.936975
vt 0.942088 0.933184
vt 0.941260 0.934000
vt 0.940563 0.921322
vt 0.939220 0.926954
vt 0.954687 0.937023
vt 0.948612 0.937136
vt 0.938376 0.927111
vt 0.941386 0.934279
vt 0.942202 0.933446
vt 0.966847 0.927348
vt 0.965586 0.926741
vt 0.959961 0.935308
vt 0.969103 0.922350
vt 0.963819 0.911428
vt 0.964700 0.910853
vt 0.963691 0.911845
vt 0.965478 0.910085
vt 0.968342 0.916609
vt 0.967475 0.927651
vt 0.964351 0.932100
vt 0.966306 0.909270
vt 0.969187 0.916465
vt 0.966130 0.927161
vt 0.965254 0.926726
vt 0.968365 0.922412
vt 0.966759 0.927476
vt 0.969087 0.922529
vt 0.967381 0.927790
vt 0.963712 0.931684
vt 0.964199 0.932176
vt 0.963223 0.931189
vt 0.962542 0.930502
vt 0.959471 0.934686
vt 0.959778 0.935313
vt 0.959163 0.934053
vt 0.958737 0.933173
vt 0.945671 0.913412
vt 0.949235 0.910933
vt 0.953532 0.909775
vt 0.941457 0.921424
vt 0.958249 0.910210
vt 0.942315 0.925950
vt 0.949323 0.933052
vt 0.954041 0.933492
vt 0.962742 0.912782
vt 0.965633 0.922036
vt 0.965254 0.917316
vt 0.944822 0.930484
vt 0.964414 0.926312
vt 0.958334 0.932328
vt 0.961890 0.929843
vt 0.932420 0.917616
vt 0.931994 0.921873
vt 0.928930 0.921871
vt 0.929415 0.917015
vt 0.855624 0.892430
vt 0.861379 0.892992
vt 0.860922 0.895306
vt 0.855627 0.894789
vt 0.877410 0.926184
vt 0.876155 0.930334
vt 0.873324 0.929162
vt 0.874402 0.925589
vt 0.874077 0.909583
vt 0.876131 0.913407
vt 0.873296 0.914584
vt 0.871527 0.911291
vt 0.949634 0.900474
vt 0.953901 0.900055
vt 0.953899 0.902829
vt 0.950171 0.903195
vt 0.972059 0.909771
vt 0.974069 0.913547
vt 0.971509 0.914601
vt 0.969756 0.911307
vt 0.872094 0.946349
vt 0.867005 0.949069
vt 0.866100 0.946892
vt 0.870782 0.944390
vt 0.877831 0.921870
vt 0.874764 0.921873
vt 0.974021 0.930247
vt 0.971991 0.934016
vt 0.969693 0.932469
vt 0.971466 0.929178
vt 0.882902 0.910594
vt 0.884586 0.916120
vt 0.882274 0.916582
vt 0.880724 0.911500
vt 0.844455 0.949075
vt 0.839358 0.946361
vt 0.840664 0.944400
vt 0.845355 0.946898
vt 0.975303 0.917641
vt 0.975709 0.921898
vt 0.972941 0.921891
vt 0.972586 0.918174
vt 0.882926 0.933135
vt 0.880208 0.938226
vt 0.878249 0.936917
vt 0.880747 0.932234
vt 0.969267 0.937319
vt 0.967313 0.935354
vt 0.976849 0.931424
vt 0.974534 0.935722
vt 0.837294 0.934171
vt 0.835239 0.930350
vt 0.838069 0.929170
vt 0.839840 0.932461
vt 0.968983 0.944586
vt 0.973127 0.941196
vt 0.974601 0.942675
vt 0.970138 0.946322
vt 0.874116 0.934158
vt 0.871370 0.937509
vt 0.869201 0.935343
vt 0.871567 0.932455
vt 0.975278 0.926155
vt 0.972564 0.925606
vt 0.864117 0.901440
vt 0.867953 0.903483
vt 0.866248 0.906037
vt 0.862943 0.904278
vt 0.834783 0.901078
vt 0.839242 0.897407
vt 0.840556 0.899366
vt 0.836454 0.902743
vt 0.965950 0.940030
vt 0.964416 0.937721
vt 0.938423 0.906443
vt 0.941742 0.903729
vt 0.943279 0.906038
vt 0.940381 0.908408
vt 0.833966 0.926204
vt 0.836972 0.925600
vt 0.944359 0.898880
vt 0.949040 0.897466
vt 0.945528 0.901715
vt 0.958167 0.900477
vt 0.962269 0.901723
vt 0.961205 0.904284
vt 0.957626 0.903198
vt 0.943348 0.947093
vt 0.948471 0.948646
vt 0.948061 0.950693
vt 0.942548 0.949021
vt 0.969096 0.899193
vt 0.964373 0.896661
vt 0.965176 0.894731
vt 0.970261 0.897457
vt 0.833529 0.921891
vt 0.836593 0.921886
vt 0.843326 0.903498
vt 0.847153 0.901451
vt 0.848331 0.904285
vt 0.845034 0.906047
vt 0.835192 0.913429
vt 0.837229 0.909604
vt 0.839779 0.911305
vt 0.838025 0.914599
vt 0.958069 0.943283
vt 0.953807 0.943699
vt 0.953808 0.940929
vt 0.957531 0.940564
vt 0.826782 0.927646
vt 0.826199 0.921903
vt 0.828558 0.921899
vt 0.829093 0.927180
vt 0.932408 0.926130
vt 0.934763 0.921878
vt 0.935125 0.925594
vt 0.877397 0.917556
vt 0.874390 0.918157
vt 0.935136 0.918161
vt 0.933669 0.913523
vt 0.936230 0.914587
vt 0.859958 0.900185
vt 0.859359 0.903197
vt 0.847250 0.942306
vt 0.843419 0.940264
vt 0.845119 0.937710
vt 0.848421 0.939470
vt 0.934497 0.941174
vt 0.938630 0.944569
vt 0.937470 0.946304
vt 0.933021 0.942648
vt 0.860045 0.943561
vt 0.855727 0.943986
vt 0.855724 0.940918
vt 0.859444 0.940553
vt 0.839978 0.906253
vt 0.842147 0.908419
vt 0.945450 0.942035
vt 0.941675 0.940019
vt 0.943215 0.937717
vt 0.946511 0.939477
vt 0.935658 0.933997
vt 0.933644 0.930225
vt 0.936203 0.929167
vt 0.937961 0.932460
vt 0.840057 0.937518
vt 0.842222 0.935346
vt 0.938368 0.937305
vt 0.940328 0.935348
vt 0.969349 0.906461
vt 0.967389 0.908418
vt 0.851309 0.900191
vt 0.851910 0.903201
vt 0.946586 0.904279
vt 0.855633 0.899762
vt 0.855634 0.902833
vt 0.935699 0.909750
vt 0.938000 0.911294
vt 0.833942 0.917578
vt 0.836950 0.918172
vt 0.851406 0.943561
vt 0.852002 0.940551
vt 0.871316 0.906232
vt 0.869147 0.908405
vt 0.864195 0.942303
vt 0.863020 0.939471
vt 0.868018 0.940258
vt 0.866314 0.937710
vt 0.962169 0.942044
vt 0.961113 0.939481
vt 0.953803 0.946761
vt 0.948946 0.946282
vt 0.949547 0.943279
vt 0.950087 0.940561
vt 0.885160 0.921865
vt 0.884599 0.927611
vt 0.882287 0.927152
vt 0.882802 0.921866
vt 0.944275 0.944864
vt 0.880171 0.905503
vt 0.878210 0.906816
vt 0.976902 0.912380
vt 0.974612 0.908074
vt 0.831213 0.938251
vt 0.828476 0.933166
vt 0.830652 0.932258
vt 0.833169 0.936938
vt 0.939972 0.942565
vt 0.876551 0.942687
vt 0.874884 0.941021
vt 0.978282 0.926758
vt 0.971425 0.939489
vt 0.963445 0.898892
vt 0.958770 0.897470
vt 0.966045 0.903743
vt 0.964503 0.906046
vt 0.978772 0.921904
vt 0.844337 0.894679
vt 0.845245 0.896857
vt 0.967646 0.942579
vt 0.958661 0.946286
vt 0.930814 0.931395
vt 0.929404 0.926727
vt 0.866915 0.894664
vt 0.866015 0.896844
vt 0.826751 0.916161
vt 0.828414 0.910639
vt 0.830595 0.911537
vt 0.829064 0.916618
vt 0.861480 0.950746
vt 0.855732 0.951311
vt 0.855729 0.948954
vt 0.861018 0.948434
vt 0.831126 0.905546
vt 0.833090 0.906851
vt 0.930839 0.912346
vt 0.994134 0.865628
vt 0.994502 0.866178
vt 0.994660 0.866953
vt 0.994249 0.993741
vt 0.994101 0.994490
vt 0.993748 0.995021
vt 0.993224 0.995373
vt 0.992489 0.995520
vt 0.817026 0.995500
vt 0.816292 0.995353
vt 0.815768 0.995000
vt 0.815416 0.994469
vt 0.815269 0.993721
vt 0.814886 0.866952
vt 0.815038 0.866181
vt 0.815400 0.865632
vt 0.815939 0.865268
vt 0.835134 0.891500
vt 0.829723 0.895962
vt 0.825142 0.901569
vt 0.821772 0.907906
vt 0.819703 0.914774
vt 0.819006 0.921911
vt 0.819739 0.929061
vt 0.821848 0.935927
vt 0.825252 0.942251
vt 0.829820 0.947790
vt 0.835380 0.952335
vt 0.841717 0.955710
vt 0.848591 0.957789
vt 0.855738 0.958491
vt 0.862885 0.957788
vt 0.869762 0.955707
vt 0.876086 0.952317
vt 0.881630 0.947762
vt 0.886181 0.942213
vt 0.889564 0.935882
vt 0.891648 0.929010
vt 0.892403 0.921287
vt 0.891876 0.915933
vt 0.917181 0.921281
vt 0.917962 0.929286
vt 0.919962 0.935884
vt 0.923345 0.942216
vt 0.927896 0.947766
vt 0.933442 0.952321
vt 0.939765 0.955711
vt 0.946642 0.957794
vt 0.953790 0.958498
vt 0.960936 0.957799
vt 0.967810 0.955722
vt 0.974148 0.952347
vt 0.979709 0.947803
vt 0.984281 0.942263
vt 0.987684 0.935939
vt 0.989795 0.929072
vt 0.990529 0.921921
vt 0.989834 0.914782
vt 0.987765 0.907912
vt 0.984396 0.901573
vt 0.979800 0.895944
vt 0.974449 0.891530
vt 0.976536 0.937065
vt 0.978269 0.938228
vt 0.978309 0.917049
vt 0.834888 0.942706
vt 0.836550 0.941036
vt 0.953910 0.894576
vt 0.948573 0.895097
vt 0.948168 0.893048
vt 0.953913 0.892487
vt 0.876497 0.901040
vt 0.874829 0.902711
vt 0.849870 0.892999
vt 0.850334 0.895313
vt 0.933111 0.935697
vt 0.849984 0.950747
vt 0.850442 0.948435
vt 0.992836 0.865094
vt 0.993597 0.865256
vt 0.967881 0.888011
vt 0.961080 0.885944
vt 0.953921 0.885237
vt 0.946766 0.885942
vt 0.939876 0.888016
vt 0.933524 0.891395
vt 0.927955 0.895949
vt 0.923383 0.901501
vt 0.919984 0.907836
vt 0.917809 0.914977
vt 0.889250 0.907286
vt 0.886146 0.901502
vt 0.881576 0.895951
vt 0.876008 0.891398
vt 0.869659 0.888019
vt 0.862771 0.885945
vt 0.855615 0.885240
vt 0.848458 0.885946
vt 0.841630 0.888020
vt 0.816705 0.865094
vt 0.936203 0.939470
vt 0.872021 0.897380
vt 0.870712 0.899343
vt 0.940043 0.901177
vt 0.953905 0.896990
vt 0.933151 0.908043
vt 0.971520 0.904299
vt 0.936260 0.904272
vt 0.963336 0.944875
vt 0.967751 0.901198
vt 0.938704 0.899168
vt 0.943438 0.896649
vt 0.860494 0.897468
vt 0.865174 0.898881
vt 0.869489 0.901178
vt 0.873272 0.904273
vt 0.876379 0.908044
vt 0.926517 0.921868
vt 0.927037 0.927196
vt 0.924987 0.927601
vt 0.924428 0.921866
vt 0.928586 0.932318
vt 0.926656 0.933115
vt 0.934553 0.902563
vt 0.933078 0.901082
vt 0.937546 0.897428
vt 0.931145 0.906700
vt 0.929408 0.905536
vt 0.931106 0.937037
vt 0.929368 0.938195
vt 0.928609 0.911419
vt 0.927048 0.916541
vt 0.924999 0.916131
vt 0.926679 0.910617
vt 0.959245 0.895103
vt 0.959657 0.893054
vt 0.959128 0.948651
vt 0.964256 0.947103
vt 0.965051 0.949032
vt 0.959534 0.950698
vt 0.953799 0.949172
vt 0.953796 0.951258
vt 0.831226 0.917042
vt 0.830761 0.921895
vt 0.976621 0.906738
vt 0.973231 0.902596
vt 0.974712 0.901122
vt 0.978360 0.905582
vt 0.980648 0.927233
vt 0.981186 0.921908
vt 0.983276 0.921911
vt 0.982695 0.927644
vt 0.979133 0.911462
vt 0.981065 0.910667
vt 0.980677 0.916584
vt 0.982726 0.916179
vt 0.979075 0.932350
vt 0.981002 0.933153
vt 0.942641 0.894717
vt 0.832633 0.912375
vt 0.831253 0.926747
vt 0.838103 0.939476
vt 0.841885 0.942567
vt 0.846091 0.898893
vt 0.841785 0.901197
vt 0.834924 0.908072
vt 0.838016 0.904299
vt 0.834996 0.935711
vt 0.850766 0.897475
vt 0.855630 0.896993
vt 0.860585 0.946275
vt 0.855728 0.946753
vt 0.850870 0.946276
vt 0.873326 0.939464
vt 0.876418 0.935694
vt 0.880598 0.921868
vt 0.880112 0.917013
vt 0.880124 0.926723
vt 0.878712 0.931392
vt 0.869556 0.942559
vt 0.846195 0.944863
vt 0.832686 0.931412
vt 0.865254 0.944859
vt 0.878688 0.912345
vt 0.861794 0.890890
vt 0.867734 0.892682
vt 0.862193 0.888873
vt 0.868519 0.890780
vt 0.941015 0.890778
vt 0.935182 0.893882
vt 0.941801 0.892679
vt 0.936322 0.895594
vt 0.873210 0.895596
vt 0.878011 0.899522
vt 0.874351 0.893884
vt 0.879465 0.898066
vt 0.922836 0.928065
vt 0.922225 0.921790
vt 0.920848 0.928563
vt 0.920167 0.921583
vt 0.924621 0.933957
vt 0.922721 0.934742
vt 0.931520 0.899521
vt 0.930066 0.898064
vt 0.930008 0.945657
vt 0.935101 0.949842
vt 0.931463 0.944205
vt 0.936245 0.948135
vt 0.927576 0.904309
vt 0.925867 0.903164
vt 0.927536 0.939418
vt 0.925826 0.940559
vt 0.922826 0.915734
vt 0.924644 0.909771
vt 0.920780 0.915425
vt 0.922744 0.908982
vt 0.953919 0.888225
vt 0.947344 0.888870
vt 0.953916 0.890282
vt 0.947741 0.890887
vt 0.966776 0.890783
vt 0.960493 0.888874
vt 0.966013 0.892692
vt 0.960089 0.890892
vt 0.960359 0.954873
vt 0.966673 0.952965
vt 0.959960 0.952858
vt 0.965890 0.951066
vt 0.953795 0.953460
vt 0.947629 0.952853
vt 0.953792 0.955515
vt 0.947225 0.954868
vt 0.881954 0.904310
vt 0.883663 0.903165
vt 0.976268 0.899558
vt 0.980196 0.904363
vt 0.977709 0.898084
vt 0.981910 0.903225
vt 0.977605 0.945690
vt 0.981804 0.940600
vt 0.976154 0.944234
vt 0.980097 0.939455
vt 0.986870 0.928483
vt 0.987540 0.921918
vt 0.984855 0.928078
vt 0.985482 0.921915
vt 0.985005 0.909047
vt 0.983104 0.909829
vt 0.984889 0.915755
vt 0.986906 0.915358
vt 0.983035 0.934000
vt 0.984932 0.934791
vt 0.972495 0.949865
vt 0.971357 0.948155
vt 0.971509 0.895637
vt 0.972708 0.893962
vt 0.941702 0.951055
vt 0.940912 0.952954
vt 0.822630 0.915350
vt 0.821996 0.921908
vt 0.824647 0.915747
vt 0.824054 0.921905
vt 0.824531 0.909041
vt 0.826432 0.909824
vt 0.824681 0.928067
vt 0.822665 0.928473
vt 0.831925 0.945678
vt 0.837033 0.949853
vt 0.833376 0.944222
vt 0.838173 0.948143
vt 0.842749 0.890789
vt 0.836851 0.893948
vt 0.843519 0.892695
vt 0.838033 0.895634
vt 0.829341 0.904360
vt 0.833267 0.899559
vt 0.827628 0.903221
vt 0.831821 0.898092
vt 0.827728 0.940588
vt 0.829434 0.939444
vt 0.849448 0.890895
vt 0.855622 0.890285
vt 0.849044 0.888877
vt 0.855618 0.888228
vt 0.861898 0.952846
vt 0.855734 0.953453
vt 0.862301 0.954862
vt 0.855736 0.955508
vt 0.849170 0.954863
vt 0.849569 0.952848
vt 0.879520 0.945654
vt 0.883700 0.940556
vt 0.878066 0.944201
vt 0.881990 0.939415
vt 0.889388 0.921586
vt 0.888824 0.915886
vt 0.887311 0.921790
vt 0.886721 0.915857
vt 0.888719 0.928429
vt 0.886702 0.928028
vt 0.886806 0.934740
vt 0.884906 0.933954
vt 0.874427 0.949838
vt 0.873284 0.948130
vt 0.843639 0.951055
vt 0.842856 0.952953
vt 0.826498 0.933989
vt 0.824601 0.934779
vt 0.868616 0.952949
vt 0.867827 0.951050
vt 0.886642 0.908716
vt 0.884846 0.909700
vt 0.235887 0.973826
vt 0.264442 0.973807
vt 0.264530 0.997242
vt 0.236010 0.997307
vt 0.007663 0.973968
vt 0.036255 0.973958
vt 0.036156 0.997469
vt 0.007600 0.997433
vt 0.064843 0.973920
vt 0.064715 0.997503
vt 0.093390 0.973860
vt 0.093278 0.997535
vt 0.121881 0.973801
vt 0.121850 0.997549
vt 0.150339 0.973773
vt 0.150417 0.997504
vt 0.178811 0.973791
vt 0.178958 0.997442
vt 0.207331 0.973818
vt 0.207486 0.997373
vt 0.207407 0.786218
vt 0.235932 0.786260
vt 0.235829 0.809742
vt 0.207271 0.809773
vt 0.235703 0.833234
vt 0.207094 0.833338
vt 0.235575 0.856694
vt 0.206903 0.856818
vt 0.235489 0.880099
vt 0.206763 0.880161
vt 0.235493 0.903474
vt 0.206779 0.903432
vt 0.235597 0.926877
vt 0.206930 0.926775
vt 0.235742 0.950335
vt 0.207136 0.950253
vt 0.178881 0.786172
vt 0.178753 0.809820
vt 0.178585 0.833472
vt 0.178401 0.856971
vt 0.178266 0.880240
vt 0.178269 0.903379
vt 0.178425 0.926642
vt 0.178626 0.950140
vt 0.150345 0.786133
vt 0.150283 0.809859
vt 0.150209 0.833580
vt 0.150126 0.857095
vt 0.150058 0.880299
vt 0.150080 0.903329
vt 0.150156 0.926534
vt 0.150250 0.950050
vt 0.121786 0.786109
vt 0.121831 0.809849
vt 0.121898 0.833579
vt 0.121974 0.857104
vt 0.122033 0.880312
vt 0.122058 0.903325
vt 0.122003 0.926536
vt 0.121936 0.950065
vt 0.093225 0.786139
vt 0.093349 0.809805
vt 0.093515 0.833471
vt 0.093699 0.856980
vt 0.093841 0.880252
vt 0.093855 0.903394
vt 0.093721 0.926670
vt 0.093545 0.950186
vt 0.064677 0.786185
vt 0.064814 0.809758
vt 0.064994 0.833339
vt 0.065188 0.856831
vt 0.065333 0.880186
vt 0.065337 0.903469
vt 0.065200 0.926829
vt 0.065014 0.950329
vt 0.036132 0.786231
vt 0.036238 0.809729
vt 0.036369 0.833238
vt 0.036503 0.856714
vt 0.036597 0.880134
vt 0.036595 0.903528
vt 0.036505 0.926954
vt 0.036378 0.950439
vt 0.007590 0.786275
vt 0.007661 0.809728
vt 0.007732 0.833187
vt 0.007789 0.856645
vt 0.007820 0.880100
vt 0.007810 0.903560
vt 0.007779 0.927027
vt 0.007727 0.950497
vt 0.264454 0.786300
vt 0.264387 0.809737
vt 0.264322 0.833179
vt 0.264269 0.856621
vt 0.264243 0.880061
vt 0.264243 0.903497
vt 0.264286 0.926930
vt 0.264357 0.950367
vt 0.109383 0.203556
vt 0.103927 0.203556
vt 0.103927 0.171563
vt 0.109383 0.171563
vt 0.178190 0.371094
vt 0.179634 0.371122
vt 0.179312 0.372555
vt 0.177844 0.372496
vt 0.642879 0.443298
vt 0.642782 0.446166
vt 0.638404 0.446075
vt 0.638488 0.443616
vt 0.642704 0.450540
vt 0.638407 0.450535
vt 0.990696 0.431347
vt 0.990466 0.427563
vt 0.994057 0.427556
vt 0.994506 0.430745
vt 0.990445 0.423850
vt 0.994075 0.423871
vt 0.997528 0.424657
vt 0.996763 0.428564
vt 0.508331 0.655671
vt 0.507951 0.652274
vt 0.511217 0.651560
vt 0.511531 0.654614
vt 0.877022 0.425203
vt 0.881155 0.424554
vt 0.880684 0.428074
vt 0.877952 0.428734
vt 0.884771 0.424125
vt 0.884080 0.427719
vt 0.883113 0.431547
vt 0.879766 0.430603
vt 0.642704 0.580131
vt 0.641410 0.584156
vt 0.637809 0.583270
vt 0.638663 0.579313
vt 0.514667 0.653545
vt 0.513464 0.650760
vt 0.101969 0.371083
vt 0.102343 0.372482
vt 0.100872 0.372545
vt 0.100521 0.371115
vt 0.997497 0.230943
vt 0.994057 0.231766
vt 0.994036 0.228074
vt 0.996736 0.227042
vt 0.990435 0.231788
vt 0.990450 0.228070
vt 0.990679 0.224259
vt 0.994482 0.224859
vt 0.642658 0.450540
vt 0.642751 0.446166
vt 0.638388 0.446075
vt 0.638376 0.450535
vt 0.642865 0.443298
vt 0.638486 0.443616
vt 0.325402 0.655688
vt 0.322214 0.654596
vt 0.322571 0.651561
vt 0.325813 0.652289
vt 0.319074 0.653498
vt 0.320327 0.650748
vt 0.642658 0.580119
vt 0.638647 0.579305
vt 0.637789 0.583259
vt 0.641354 0.584131
vt 0.883116 0.224128
vt 0.884080 0.227995
vt 0.880682 0.227627
vt 0.879774 0.225079
vt 0.884766 0.231591
vt 0.881154 0.231133
vt 0.877021 0.230449
vt 0.877958 0.226944
vt 0.190752 0.324077
vt 0.192187 0.324077
vt 0.787497 0.443456
vt 0.787497 0.446469
vt 0.787497 0.450725
vt 0.538695 0.781213
vt 0.542117 0.781130
vt 0.545405 0.779822
vt 0.787497 0.652587
vt 0.787497 0.647916
vt 0.088261 0.324077
vt 0.086818 0.324078
vt 0.292262 0.781211
vt 0.288824 0.781128
vt 0.285536 0.779806
vt 0.787497 0.652591
vt 0.787497 0.647925
vt 0.696423 0.859113
vt 0.695943 0.856086
vt 0.697675 0.855750
vt 0.698247 0.858132
vt 0.699474 0.854991
vt 0.700158 0.856664
vt 0.701075 0.853969
vt 0.701748 0.855446
vt 0.695942 0.662293
vt 0.697688 0.662641
vt 0.699502 0.663441
vt 0.701106 0.664520
vt 0.696440 0.659165
vt 0.698291 0.660174
vt 0.700218 0.661704
vt 0.701829 0.662963
vt 0.699442 0.860436
vt 0.701540 0.858645
vt 0.702880 0.857023
vt 0.700376 0.863305
vt 0.697821 0.862034
vt 0.701458 0.861506
vt 0.703064 0.859653
vt 0.704258 0.858023
vt 0.705720 0.854199
vt 0.704875 0.852854
vt 0.706023 0.852079
vt 0.706676 0.853255
vt 0.699478 0.657871
vt 0.701564 0.656761
vt 0.703193 0.658679
vt 0.701546 0.659779
vt 0.704441 0.660329
vt 0.702985 0.661368
vt 0.697818 0.656245
vt 0.705867 0.664288
vt 0.707148 0.663481
vt 0.707969 0.664642
vt 0.706837 0.665270
vt 0.779811 0.863145
vt 0.777188 0.863867
vt 0.776842 0.862114
vt 0.778962 0.861381
vt 0.776064 0.860299
vt 0.777829 0.859554
vt 0.775041 0.858690
vt 0.776619 0.857953
vt 0.703782 0.864001
vt 0.704132 0.862241
vt 0.704898 0.860425
vt 0.705916 0.858822
vt 0.781166 0.860004
vt 0.779558 0.858384
vt 0.778090 0.856901
vt 0.784442 0.858409
vt 0.782637 0.861485
vt 0.782658 0.857631
vt 0.781313 0.657273
vt 0.783487 0.658688
vt 0.781806 0.660316
vt 0.780098 0.659124
vt 0.780287 0.661806
vt 0.778824 0.660740
vt 0.785037 0.657198
vt 0.786786 0.660210
vt 0.784997 0.661157
vt 0.700454 0.654919
vt 0.703916 0.654212
vt 0.704285 0.656021
vt 0.705093 0.657885
vt 0.706162 0.659528
vt 0.779458 0.654643
vt 0.779072 0.656447
vt 0.778233 0.658303
vt 0.777149 0.659943
vt 0.782242 0.655478
vt 0.780813 0.856561
vt 0.779217 0.855366
vt 0.775277 0.854051
vt 0.774018 0.854847
vt 0.773232 0.853711
vt 0.774328 0.853096
vt 0.783159 0.662352
vt 0.781550 0.663589
vt 0.777408 0.664693
vt 0.778364 0.666225
vt 0.777193 0.667010
vt 0.776439 0.665659
vt 0.779926 0.853875
vt 0.781518 0.854885
vt 0.783330 0.855585
vt 0.785097 0.855804
vt 0.787348 0.664398
vt 0.785593 0.663939
vt 0.783763 0.664125
vt 0.782133 0.664955
vt 0.489636 0.031236
vt 0.491023 0.036174
vt 0.488014 0.036479
vt 0.486696 0.032700
vt 0.485007 0.037367
vt 0.483696 0.034447
vt 0.482298 0.038686
vt 0.480991 0.036314
vt 0.483118 0.211777
vt 0.485810 0.213106
vt 0.488811 0.214049
vt 0.491815 0.214486
vt 0.484170 0.028851
vt 0.481563 0.031460
vt 0.479130 0.033869
vt 0.482013 0.023645
vt 0.486613 0.026378
vt 0.480563 0.026521
vt 0.490389 0.220548
vt 0.487414 0.218781
vt 0.484411 0.216258
vt 0.481666 0.214436
vt 0.485588 0.222152
vt 0.482711 0.218736
vt 0.480010 0.216615
vt 0.488227 0.224806
vt 0.483657 0.227049
vt 0.481974 0.224090
vt 0.478802 0.029459
vt 0.476896 0.032096
vt 0.462631 0.050057
vt 0.464083 0.052136
vt 0.462294 0.053284
vt 0.461215 0.051459
vt 0.479633 0.221007
vt 0.477689 0.218424
vt 0.463851 0.200632
vt 0.461740 0.202143
vt 0.460559 0.200375
vt 0.462443 0.199235
vt 0.477284 0.022232
vt 0.476824 0.025121
vt 0.475808 0.028016
vt 0.474426 0.030638
vt 0.478125 0.228168
vt 0.477632 0.225297
vt 0.476633 0.222406
vt 0.475254 0.219801
vt 0.169627 0.020580
vt 0.170981 0.023467
vt 0.171950 0.026379
vt 0.173292 0.029000
vt 0.167093 0.228168
vt 0.170244 0.225241
vt 0.173005 0.222372
vt 0.174303 0.219734
vt 0.163152 0.227383
vt 0.166487 0.224116
vt 0.169535 0.221044
vt 0.171812 0.218342
vt 0.162984 0.026608
vt 0.166658 0.024665
vt 0.169078 0.027669
vt 0.166308 0.029619
vt 0.170908 0.030369
vt 0.168580 0.032198
vt 0.157966 0.027983
vt 0.160740 0.023233
vt 0.160919 0.030379
vt 0.164578 0.021491
vt 0.164046 0.032750
vt 0.166747 0.034629
vt 0.184917 0.048290
vt 0.186939 0.046823
vt 0.188127 0.048614
vt 0.186348 0.049701
vt 0.156716 0.033273
vt 0.159723 0.034701
vt 0.162747 0.035683
vt 0.165462 0.037012
vt 0.157577 0.218793
vt 0.160605 0.215544
vt 0.163566 0.212756
vt 0.166286 0.211481
vt 0.158292 0.222451
vt 0.161547 0.219049
vt 0.164678 0.216002
vt 0.167463 0.213794
vt 0.163405 0.222468
vt 0.166652 0.219235
vt 0.169434 0.216498
vt 0.160026 0.225887
vt 0.186197 0.200067
vt 0.184680 0.197883
vt 0.186475 0.196750
vt 0.187617 0.198661
vt 0.909547 0.240647
vt 0.908701 0.240782
vt 0.907926 0.241150
vt 0.975975 0.241259
vt 0.975219 0.240898
vt 0.974362 0.240755
vt 0.907600 0.241832
vt 0.907419 0.242771
vt 0.907407 0.266906
vt 0.907606 0.267642
vt 0.908041 0.268395
vt 0.908865 0.268866
vt 0.909595 0.269051
vt 0.909772 0.347231
vt 0.908983 0.347429
vt 0.908222 0.347870
vt 0.907807 0.348589
vt 0.907587 0.349358
vt 0.907608 0.409219
vt 0.907745 0.410032
vt 0.908014 0.410627
vt 0.944569 0.410770
vt 0.944793 0.410297
vt 0.944904 0.409691
vt 0.944870 0.349347
vt 0.944702 0.348441
vt 0.944358 0.347727
vt 0.973901 0.269083
vt 0.975060 0.268891
vt 0.975830 0.268428
vt 0.976252 0.267697
vt 0.976464 0.266942
vt 0.976476 0.242873
vt 0.976302 0.241947
vt 0.943689 0.347413
vt 0.942718 0.347223
vt 0.908754 0.411027
vt 0.909588 0.411188
vt 0.943491 0.411107
vt 0.944046 0.411019
vt 0.708916 0.662843
vt 0.709613 0.664189
vt 0.710088 0.665596
vt 0.708670 0.665880
vt 0.710290 0.666929
vt 0.709479 0.667082
vt 0.707835 0.666282
vt 0.708885 0.667354
vt 0.704972 0.665679
vt 0.706131 0.666503
vt 0.707376 0.667191
vt 0.708567 0.667994
vt 0.704377 0.667308
vt 0.705715 0.668021
vt 0.707109 0.668513
vt 0.708428 0.668734
vt 0.704341 0.851344
vt 0.705666 0.850685
vt 0.707040 0.850246
vt 0.707251 0.851445
vt 0.708337 0.850071
vt 0.708431 0.850697
vt 0.707656 0.852286
vt 0.708695 0.851266
vt 0.706900 0.854966
vt 0.707703 0.853844
vt 0.708391 0.852654
vt 0.709189 0.851509
vt 0.708564 0.855597
vt 0.709229 0.854289
vt 0.709680 0.852930
vt 0.709876 0.851651
vt 0.772428 0.855423
vt 0.771771 0.854114
vt 0.771320 0.852755
vt 0.772567 0.852503
vt 0.771122 0.851468
vt 0.771784 0.851345
vt 0.773351 0.852116
vt 0.772311 0.851085
vt 0.776123 0.852735
vt 0.774982 0.851944
vt 0.773757 0.851289
vt 0.772571 0.850521
vt 0.776686 0.851206
vt 0.775366 0.850530
vt 0.773990 0.850069
vt 0.772679 0.849872
vt 0.778851 0.667669
vt 0.777510 0.668357
vt 0.776121 0.668819
vt 0.775929 0.667636
vt 0.774816 0.669011
vt 0.774729 0.668380
vt 0.775446 0.666651
vt 0.774401 0.667695
vt 0.776130 0.663879
vt 0.775317 0.665027
vt 0.774626 0.666249
vt 0.773829 0.667425
vt 0.774426 0.663260
vt 0.773739 0.664591
vt 0.773272 0.665976
vt 0.773076 0.667286
vt 0.458723 0.203487
vt 0.457828 0.201263
vt 0.457265 0.199071
vt 0.459596 0.198549
vt 0.457032 0.196997
vt 0.458393 0.196747
vt 0.461022 0.197823
vt 0.459446 0.196246
vt 0.465240 0.198661
vt 0.463483 0.197487
vt 0.461689 0.196503
vt 0.459912 0.195274
vt 0.466612 0.195486
vt 0.464419 0.194628
vt 0.462257 0.194082
vt 0.460212 0.193845
vt 0.465281 0.054862
vt 0.463086 0.055727
vt 0.460959 0.057234
vt 0.460472 0.054982
vt 0.458911 0.058268
vt 0.458570 0.056418
vt 0.459521 0.053152
vt 0.457813 0.054879
vt 0.460697 0.048656
vt 0.459511 0.050440
vt 0.457802 0.052274
vt 0.456353 0.054203
vt 0.457797 0.047332
vt 0.456912 0.049564
vt 0.455394 0.051738
vt 0.454367 0.053831
vt 0.189774 0.045528
vt 0.190665 0.047770
vt 0.191227 0.049966
vt 0.189093 0.050458
vt 0.191485 0.052048
vt 0.190322 0.052284
vt 0.187791 0.051129
vt 0.189407 0.052730
vt 0.183455 0.050386
vt 0.185258 0.051540
vt 0.187116 0.052473
vt 0.188961 0.053679
vt 0.182245 0.053162
vt 0.184472 0.054025
vt 0.186660 0.054573
vt 0.188742 0.054823
vt 0.183552 0.195295
vt 0.185760 0.194435
vt 0.187920 0.193889
vt 0.188332 0.195851
vt 0.189969 0.193639
vt 0.190153 0.194677
vt 0.189040 0.197236
vt 0.190624 0.195636
vt 0.188173 0.201495
vt 0.189350 0.199707
vt 0.190302 0.197870
vt 0.191501 0.196045
vt 0.191011 0.202778
vt 0.191884 0.200534
vt 0.192424 0.198336
vt 0.192646 0.196248
vt 0.710250 0.839033
vt 0.710250 0.674007
vt 0.710368 0.673300
vt 0.710665 0.672676
vt 0.711232 0.672406
vt 0.711996 0.672262
vt 0.769238 0.672262
vt 0.769968 0.672397
vt 0.770530 0.672664
vt 0.770851 0.673340
vt 0.770932 0.673956
vt 0.770932 0.839041
vt 0.752140 0.814481
vt 0.752140 0.809570
vt 0.750260 0.805031
vt 0.746787 0.801558
vt 0.742249 0.799678
vt 0.737337 0.799678
vt 0.732799 0.801558
vt 0.729325 0.805031
vt 0.727446 0.809570
vt 0.452717 0.061618
vt 0.452717 0.191494
vt 0.452436 0.192916
vt 0.451969 0.193895
vt 0.450911 0.194399
vt 0.449568 0.194643
vt 0.203318 0.194643
vt 0.202206 0.194440
vt 0.201339 0.194027
vt 0.200883 0.193068
vt 0.200723 0.192048
vt 0.200723 0.059915
vt 0.200913 0.058815
vt 0.201353 0.057892
vt 0.202252 0.057464
vt 0.203375 0.057262
vt 0.448362 0.057262
vt 0.450264 0.057621
vt 0.451683 0.058297
vt 0.452407 0.059818
vt 0.038742 0.207580
vt 0.038742 0.227673
vt 0.033333 0.227673
vt 0.033333 0.207580
vt 0.027923 0.227673
vt 0.027923 0.207580
vt 0.060379 0.207580
vt 0.060379 0.227673
vt 0.054970 0.227673
vt 0.054970 0.207580
vt 0.044151 0.207580
vt 0.044151 0.227673
vt 0.049561 0.227673
vt 0.049561 0.207580
vt 0.103654 0.207580
vt 0.103654 0.227673
vt 0.098245 0.227673
vt 0.098245 0.207580
vt 0.109063 0.207580
vt 0.109063 0.227673
vt 0.092835 0.207580
vt 0.092835 0.227673
vt 0.087426 0.227673
vt 0.087426 0.207580
vt 0.071198 0.207580
vt 0.071198 0.227673
vt 0.065789 0.227673
vt 0.065789 0.207580
vt 0.082017 0.227673
vt 0.082017 0.207580
vt 0.022514 0.227673
vt 0.022514 0.207580
vt 0.727446 0.814481
vt 0.729325 0.819020
vt 0.732799 0.822493
vt 0.737337 0.824373
vt 0.742249 0.824373
vt 0.746787 0.822493
vt 0.750260 0.819020
vt 0.770829 0.839663
vt 0.770566 0.840215
vt 0.770041 0.840465
vt 0.769392 0.840580
vt 0.711798 0.840580
vt 0.711114 0.840449
vt 0.710618 0.840213
vt 0.710349 0.839648
vt 0.076607 0.207580
vt 0.076607 0.227673
vt 0.890084 0.137134
vt 0.888761 0.137134
vt 0.888761 0.126303
vt 0.890084 0.126303
vt 0.049362 0.203556
vt 0.043905 0.203556
vt 0.043905 0.171563
vt 0.049362 0.171563
vt 0.082101 0.203556
vt 0.076644 0.203556
vt 0.076644 0.171563
vt 0.082101 0.171563
vt 0.038449 0.203556
vt 0.038449 0.171563
vt 0.098470 0.203556
vt 0.098470 0.171563
vt 0.071188 0.203556
vt 0.071188 0.171563
vt 0.065731 0.203556
vt 0.060275 0.203556
vt 0.060275 0.171563
vt 0.065731 0.171563
vt 0.093014 0.203556
vt 0.093014 0.171563
vt 0.032992 0.203556
vt 0.032992 0.171563
vt 0.027536 0.203556
vt 0.027536 0.171563
vt 0.054818 0.203556
vt 0.054818 0.171563
vt 0.087557 0.203556
vt 0.087557 0.171563
vt 0.022079 0.203556
vt 0.022079 0.171563
vt 0.073365 0.103040
vt 0.080591 0.103040
vt 0.080591 0.108485
vt 0.073365 0.108485
vt 0.066138 0.103040
vt 0.066138 0.108485
vt 0.058911 0.103040
vt 0.058911 0.108485
vt 0.051685 0.103040
vt 0.051685 0.108485
vt 0.044458 0.103040
vt 0.044458 0.108485
vt 0.037232 0.103040
vt 0.037232 0.108485
vt 0.030005 0.103040
vt 0.030005 0.108485
vt 0.022778 0.103040
vt 0.022778 0.108485
vt 0.131177 0.103040
vt 0.138404 0.103040
vt 0.138404 0.108485
vt 0.131177 0.108485
vt 0.123951 0.103040
vt 0.123951 0.108485
vt 0.116724 0.103040
vt 0.116724 0.108485
vt 0.109498 0.103040
vt 0.109498 0.108485
vt 0.102271 0.103040
vt 0.102271 0.108485
vt 0.095044 0.103040
vt 0.095044 0.108485
vt 0.087818 0.103040
vt 0.087818 0.108485
vt 0.865302 0.136872
vt 0.865302 0.136505
vt 0.873727 0.136505
vt 0.873727 0.136872
vt 0.878176 0.137134
vt 0.876853 0.137134
vt 0.876853 0.126303
vt 0.878176 0.126303
vt 0.887438 0.137134
vt 0.887438 0.126303
vt 0.875529 0.137134
vt 0.875529 0.126303
vt 0.886115 0.137134
vt 0.886115 0.126303
vt 0.874206 0.137134
vt 0.874206 0.126303
vt 0.884792 0.137134
vt 0.883469 0.137134
vt 0.883469 0.126303
vt 0.884792 0.126303
vt 0.895377 0.137134
vt 0.894054 0.137134
vt 0.894054 0.126303
vt 0.895377 0.126303
vt 0.882145 0.137134
vt 0.882145 0.126303
vt 0.892731 0.137134
vt 0.892731 0.126303
vt 0.880822 0.137134
vt 0.880822 0.126303
vt 0.891408 0.137134
vt 0.891408 0.126303
vt 0.879499 0.137134
vt 0.879499 0.126303
vt 0.884948 0.123143
vt 0.886106 0.123143
vt 0.886106 0.125960
vt 0.884948 0.125960
vt 0.883790 0.123143
vt 0.883790 0.125960
vt 0.882631 0.123143
vt 0.882631 0.125960
vt 0.881473 0.123143
vt 0.881473 0.125960
vt 0.880315 0.123143
vt 0.880315 0.125960
vt 0.879157 0.123143
vt 0.879157 0.125960
vt 0.877999 0.123143
vt 0.877999 0.125960
vt 0.876841 0.123143
vt 0.876841 0.125960
vt 0.894212 0.123143
vt 0.895370 0.123143
vt 0.895370 0.125960
vt 0.894212 0.125960
vt 0.893054 0.123143
vt 0.893054 0.125960
vt 0.891896 0.123143
vt 0.891896 0.125960
vt 0.890738 0.123143
vt 0.890738 0.125960
vt 0.889580 0.123143
vt 0.889580 0.125960
vt 0.888422 0.123143
vt 0.888422 0.125960
vt 0.887264 0.123143
vt 0.887264 0.125960
vt 0.871719 0.130184
vt 0.871494 0.130184
vt 0.871494 0.126809
vt 0.871719 0.126809
vt 0.865302 0.133569
vt 0.865302 0.133202
vt 0.873727 0.133202
vt 0.873727 0.133569
vt 0.865302 0.136138
vt 0.873727 0.136138
vt 0.865302 0.132835
vt 0.873727 0.132835
vt 0.865302 0.135771
vt 0.873727 0.135771
vt 0.865302 0.132468
vt 0.873727 0.132468
vt 0.865302 0.135404
vt 0.873727 0.135404
vt 0.865302 0.132101
vt 0.873727 0.132101
vt 0.865302 0.135037
vt 0.873727 0.135037
vt 0.865302 0.131734
vt 0.873727 0.131734
vt 0.865302 0.134670
vt 0.873727 0.134670
vt 0.865302 0.131367
vt 0.873727 0.131367
vt 0.865302 0.134303
vt 0.873727 0.134303
vt 0.865302 0.131000
vt 0.873727 0.131000
vt 0.865302 0.133936
vt 0.873727 0.133936
vt 0.864634 0.927915
vt 0.866239 0.924041
vt 0.872929 0.925372
vt 0.870306 0.931705
vt 0.861669 0.930880
vt 0.865459 0.936552
vt 0.857795 0.932485
vt 0.859125 0.939175
vt 0.853601 0.932485
vt 0.852270 0.939175
vt 0.849727 0.930880
vt 0.845937 0.936552
vt 0.846761 0.927915
vt 0.841090 0.931705
vt 0.845156 0.924041
vt 0.838467 0.925372
vt 0.845156 0.919847
vt 0.838467 0.918517
vt 0.846761 0.915973
vt 0.841090 0.912183
vt 0.849727 0.913008
vt 0.845937 0.907336
vt 0.853601 0.911403
vt 0.852270 0.904713
vt 0.857795 0.911403
vt 0.859125 0.904713
vt 0.861669 0.913008
vt 0.865459 0.907336
vt 0.864634 0.915973
vt 0.870306 0.912183
vt 0.866239 0.919847
vt 0.872929 0.918517
vt 0.837920 0.005720
vt 0.873515 0.130184
vt 0.873291 0.130184
vt 0.873291 0.126809
vt 0.873515 0.126809
vt 0.871270 0.130184
vt 0.871270 0.126809
vt 0.873066 0.130184
vt 0.873066 0.126809
vt 0.871045 0.130184
vt 0.871045 0.126809
vt 0.872842 0.130184
vt 0.872842 0.126809
vt 0.870821 0.130184
vt 0.870821 0.126809
vt 0.872617 0.130184
vt 0.872617 0.126809
vt 0.870596 0.130184
vt 0.870596 0.126809
vt 0.872392 0.130184
vt 0.872392 0.126809
vt 0.870372 0.130184
vt 0.870372 0.126809
vt 0.872168 0.130184
vt 0.872168 0.126809
vt 0.870147 0.130184
vt 0.870147 0.126809
vt 0.871943 0.130184
vt 0.871943 0.126809
vt 0.873740 0.130184
vt 0.873740 0.126809
vt 0.800244 0.203314
vt 0.800244 0.216865
vt 0.795420 0.216865
vt 0.795420 0.203314
vt 0.800244 0.406566
vt 0.800244 0.420116
vt 0.795420 0.420116
vt 0.795420 0.406566
vt 0.800244 0.311715
vt 0.800244 0.325265
vt 0.795420 0.325265
vt 0.795420 0.311715
vt 0.800244 0.230415
vt 0.795420 0.230415
vt 0.800244 0.338816
vt 0.795420 0.338816
vt 0.800244 0.243965
vt 0.795420 0.243965
vt 0.800244 0.352366
vt 0.795420 0.352366
vt 0.800244 0.257515
vt 0.795420 0.257515
vt 0.800244 0.365916
vt 0.795420 0.365916
vt 0.800244 0.271065
vt 0.795420 0.271065
vt 0.800244 0.379466
vt 0.795420 0.379466
vt 0.800244 0.284615
vt 0.795420 0.284615
vt 0.800244 0.393016
vt 0.795420 0.393016
vt 0.800244 0.298165
vt 0.795420 0.298165
vt 0.956794 0.132196
vt 0.955503 0.134856
vt 0.954792 0.134317
vt 0.955930 0.131970
vt 0.943423 0.125709
vt 0.945633 0.123745
vt 0.946084 0.124515
vt 0.944135 0.126247
vt 0.953293 0.136819
vt 0.952842 0.136049
vt 0.948426 0.122777
vt 0.948548 0.123661
vt 0.950500 0.137787
vt 0.947549 0.137613
vt 0.947775 0.136749
vt 0.950378 0.136903
vt 0.951377 0.122951
vt 0.951152 0.123815
vt 0.944890 0.136322
vt 0.945429 0.135610
vt 0.954037 0.124242
vt 0.953498 0.124954
vt 0.942926 0.134112
vt 0.943697 0.133661
vt 0.956000 0.126452
vt 0.955230 0.126903
vt 0.941958 0.131319
vt 0.942842 0.131197
vt 0.956968 0.129245
vt 0.956084 0.129367
vt 0.942133 0.128368
vt 0.942996 0.128594
vt 0.049752 0.263288
vt 0.044296 0.263288
vt 0.044296 0.232692
vt 0.049752 0.232692
vt 0.087942 0.263288
vt 0.082487 0.263288
vt 0.082487 0.232692
vt 0.087942 0.232692
vt 0.038840 0.263288
vt 0.038840 0.232692
vt 0.077031 0.263288
vt 0.077031 0.232692
vt 0.033385 0.263288
vt 0.033385 0.232692
vt 0.071575 0.263288
vt 0.071575 0.232692
vt 0.027929 0.263288
vt 0.027929 0.232692
vt 0.066119 0.263288
vt 0.066119 0.232692
vt 0.109766 0.263288
vt 0.104310 0.263288
vt 0.104310 0.232692
vt 0.109766 0.232692
vt 0.022473 0.263288
vt 0.022473 0.232692
vt 0.060664 0.263288
vt 0.060664 0.232692
vt 0.098854 0.263288
vt 0.098854 0.232692
vt 0.055208 0.263288
vt 0.055208 0.232692
vt 0.093398 0.263288
vt 0.093398 0.232692
vt 0.021828 0.365684
vt 0.020281 0.369419
vt 0.017737 0.367720
vt 0.018827 0.365087
vt 0.001502 0.361644
vt 0.003048 0.357908
vt 0.005592 0.359608
vt 0.004502 0.362240
vt 0.017423 0.372278
vt 0.015723 0.369735
vt 0.005907 0.355049
vt 0.007607 0.357592
vt 0.013688 0.373826
vt 0.013090 0.370826
vt 0.009642 0.353501
vt 0.010239 0.356502
vt 0.009645 0.373827
vt 0.010241 0.370826
vt 0.013685 0.353501
vt 0.013088 0.356501
vt 0.005909 0.372280
vt 0.007609 0.369736
vt 0.017420 0.355047
vt 0.015721 0.357591
vt 0.003050 0.369422
vt 0.005593 0.367722
vt 0.020279 0.357906
vt 0.017736 0.359606
vt 0.001502 0.365687
vt 0.004503 0.365089
vt 0.021827 0.361641
vt 0.018827 0.362238
vt 0.593461 0.518221
vt 0.590612 0.518221
vt 0.590612 0.495501
vt 0.593461 0.495501
vt 0.570669 0.518221
vt 0.567820 0.518221
vt 0.567820 0.495501
vt 0.570669 0.495501
vt 0.587763 0.518221
vt 0.587763 0.495501
vt 0.610555 0.518221
vt 0.607706 0.518221
vt 0.607706 0.495501
vt 0.610555 0.495501
vt 0.564971 0.518221
vt 0.564971 0.495501
vt 0.584914 0.518221
vt 0.584914 0.495501
vt 0.604857 0.518221
vt 0.604857 0.495501
vt 0.582065 0.518221
vt 0.582065 0.495501
vt 0.602008 0.518221
vt 0.602008 0.495501
vt 0.579216 0.518221
vt 0.579216 0.495501
vt 0.599159 0.518221
vt 0.599159 0.495501
vt 0.576367 0.518221
vt 0.576367 0.495501
vt 0.596310 0.518221
vt 0.596310 0.495501
vt 0.573518 0.518221
vt 0.573518 0.495501
vt 0.941227 0.115752
vt 0.947386 0.113755
vt 0.948358 0.122015
vt 0.945286 0.123011
vt 0.951266 0.146716
vt 0.944812 0.146204
vt 0.947074 0.138200
vt 0.950294 0.138455
vt 0.953841 0.114267
vt 0.951578 0.122271
vt 0.939044 0.143261
vt 0.944198 0.136732
vt 0.959608 0.117210
vt 0.954454 0.123739
vt 0.934842 0.138334
vt 0.942102 0.134275
vt 0.963810 0.122136
vt 0.956550 0.126196
vt 0.932845 0.132175
vt 0.941106 0.131203
vt 0.965807 0.128295
vt 0.965295 0.134750
vt 0.957291 0.132487
vt 0.957546 0.129268
vt 0.933357 0.125721
vt 0.941362 0.127983
vt 0.962352 0.140517
vt 0.955823 0.135363
vt 0.936301 0.119953
vt 0.942829 0.125107
vt 0.957425 0.144719
vt 0.953366 0.137459
vt 0.834500 0.115089
vt 0.834500 0.111741
vt 0.887814 0.111741
vt 0.887814 0.115089
vt 0.834500 0.088300
vt 0.834500 0.084951
vt 0.887814 0.084951
vt 0.887814 0.088300
vt 0.834500 0.108392
vt 0.887814 0.108392
vt 0.834500 0.081602
vt 0.887814 0.081602
vt 0.834500 0.105043
vt 0.887814 0.105043
vt 0.834500 0.078254
vt 0.887814 0.078254
vt 0.834500 0.101695
vt 0.887814 0.101695
vt 0.834500 0.074905
vt 0.887814 0.074905
vt 0.834500 0.098346
vt 0.887814 0.098346
vt 0.834500 0.071556
vt 0.887814 0.071556
vt 0.834500 0.094997
vt 0.887814 0.094997
vt 0.834500 0.068207
vt 0.887814 0.068207
vt 0.834500 0.091648
vt 0.887814 0.091648
vt 0.834500 0.118438
vt 0.887814 0.118438
vt 0.834500 0.064859
vt 0.887814 0.064859
vt 0.944166 0.133402
vt 0.943380 0.131129
vt 0.943523 0.128727
vt 0.944574 0.126564
vt 0.946373 0.124967
vt 0.948647 0.124180
vt 0.951048 0.124324
vt 0.953212 0.125375
vt 0.954808 0.127174
vt 0.955595 0.129447
vt 0.955452 0.131849
vt 0.954400 0.134012
vt 0.952601 0.135609
vt 0.950328 0.136396
vt 0.947927 0.136252
vt 0.945763 0.135201
vt 0.053390 0.403683
vt 0.051844 0.407419
vt 0.049300 0.405720
vt 0.050390 0.403087
vt 0.033065 0.403687
vt 0.033064 0.399644
vt 0.036065 0.400240
vt 0.036065 0.403089
vt 0.048983 0.393047
vt 0.051842 0.395906
vt 0.049299 0.397606
vt 0.047284 0.395591
vt 0.295846 0.864221
vt 0.292997 0.864221
vt 0.292997 0.841501
vt 0.295846 0.841501
vt 0.048985 0.410278
vt 0.045250 0.411826
vt 0.044653 0.408826
vt 0.047285 0.407735
vt 0.041207 0.411827
vt 0.037472 0.410280
vt 0.039171 0.407736
vt 0.041804 0.408826
vt 0.034613 0.407422
vt 0.037156 0.405722
vt 0.034611 0.395908
vt 0.037155 0.397607
vt 0.037469 0.393049
vt 0.041204 0.391501
vt 0.041802 0.394502
vt 0.039169 0.395592
vt 0.045247 0.391501
vt 0.044651 0.394501
vt 0.053390 0.399641
vt 0.050389 0.400238
vt 0.275903 0.864221
vt 0.273054 0.864221
vt 0.273054 0.841501
vt 0.275903 0.841501
vt 0.281601 0.864221
vt 0.278752 0.864221
vt 0.278752 0.841501
vt 0.281601 0.841501
vt 0.301544 0.864221
vt 0.298695 0.864221
vt 0.298695 0.841501
vt 0.301544 0.841501
vt 0.307242 0.864221
vt 0.304393 0.864221
vt 0.304393 0.841501
vt 0.307242 0.841501
vt 0.290148 0.864221
vt 0.287299 0.864221
vt 0.287299 0.841501
vt 0.290148 0.841501
vt 0.270205 0.864221
vt 0.270205 0.841501
vt 0.284450 0.864221
vt 0.284450 0.841501
vt 0.310091 0.864221
vt 0.310091 0.841501
vt 0.312940 0.864221
vt 0.312940 0.841501
vt 0.267356 0.864221
vt 0.267356 0.841501
vt 0.913320 0.268221
vt 0.910471 0.268221
vt 0.910471 0.245501
vt 0.913320 0.245501
vt 0.944659 0.268221
vt 0.941810 0.268221
vt 0.941810 0.245501
vt 0.944659 0.245501
vt 0.936112 0.268221
vt 0.933263 0.268221
vt 0.933263 0.245501
vt 0.936112 0.245501
vt 0.546789 0.007906
vt 0.548336 0.011641
vt 0.545336 0.012238
vt 0.544245 0.009606
vt 0.953206 0.268221
vt 0.950357 0.268221
vt 0.950357 0.245501
vt 0.953206 0.245501
vt 0.927565 0.268221
vt 0.924716 0.268221
vt 0.924716 0.245501
vt 0.927565 0.245501
vt 0.921867 0.268221
vt 0.921867 0.245501
vt 0.919018 0.268221
vt 0.919018 0.245501
vt 0.956055 0.268221
vt 0.956055 0.245501
vt 0.916169 0.268221
vt 0.916169 0.245501
vt 0.930414 0.268221
vt 0.930414 0.245501
vt 0.947508 0.268221
vt 0.947508 0.245501
vt 0.938961 0.268221
vt 0.938961 0.245501
vt 0.536151 0.003501
vt 0.540194 0.003501
vt 0.539597 0.006501
vt 0.536748 0.006502
vt 0.528011 0.011644
vt 0.529557 0.007908
vt 0.532102 0.009607
vt 0.531012 0.012240
vt 0.529559 0.019422
vt 0.528012 0.015687
vt 0.531012 0.015089
vt 0.532103 0.017722
vt 0.532418 0.022280
vt 0.534118 0.019736
vt 0.536154 0.023827
vt 0.536750 0.020826
vt 0.540197 0.023826
vt 0.539600 0.020826
vt 0.543932 0.022278
vt 0.542232 0.019735
vt 0.546790 0.019419
vt 0.544246 0.017720
vt 0.548337 0.015684
vt 0.545336 0.015087
vt 0.543929 0.005047
vt 0.542230 0.007591
vt 0.532416 0.005049
vt 0.534116 0.007592
vt 0.613556 0.455687
vt 0.613555 0.451644
vt 0.616556 0.452240
vt 0.616557 0.455089
vt 0.633882 0.455683
vt 0.632335 0.459419
vt 0.629791 0.457720
vt 0.630881 0.455087
vt 0.615102 0.447908
vt 0.617960 0.445049
vt 0.619661 0.447592
vt 0.617646 0.449607
vt 0.625742 0.463826
vt 0.621699 0.463827
vt 0.622295 0.460826
vt 0.625144 0.460826
vt 0.573518 0.544221
vt 0.570669 0.544221
vt 0.570669 0.521501
vt 0.573518 0.521501
vt 0.617963 0.462280
vt 0.619662 0.459736
vt 0.625738 0.443501
vt 0.629474 0.445047
vt 0.627775 0.447591
vt 0.625142 0.446501
vt 0.615104 0.459422
vt 0.617647 0.457722
vt 0.632333 0.447906
vt 0.629790 0.449606
vt 0.633881 0.451641
vt 0.630880 0.452238
vt 0.593461 0.544221
vt 0.590612 0.544221
vt 0.590612 0.521501
vt 0.593461 0.521501
vt 0.629477 0.462278
vt 0.627776 0.459735
vt 0.621695 0.443501
vt 0.622293 0.446502
vt 0.610555 0.544221
vt 0.607706 0.544221
vt 0.607706 0.521501
vt 0.610555 0.521501
vt 0.587763 0.544221
vt 0.587763 0.521501
vt 0.596310 0.544221
vt 0.596310 0.521501
vt 0.576367 0.544221
vt 0.576367 0.521501
vt 0.604857 0.544221
vt 0.602008 0.544221
vt 0.602008 0.521501
vt 0.604857 0.521501
vt 0.579216 0.544221
vt 0.579216 0.521501
vt 0.599159 0.544221
vt 0.599159 0.521501
vt 0.582065 0.544221
vt 0.582065 0.521501
vt 0.584914 0.544221
vt 0.584914 0.521501
vt 0.567820 0.544221
vt 0.567820 0.521501
vt 0.564971 0.544221
vt 0.564971 0.521501
vt 0.568930 0.570221
vt 0.566082 0.570221
vt 0.566082 0.547501
vt 0.568930 0.547501
vt 0.600269 0.570221
vt 0.597420 0.570221
vt 0.597420 0.547501
vt 0.600269 0.547501
vt 0.594571 0.570221
vt 0.594571 0.547501
vt 0.621696 0.467501
vt 0.625739 0.467501
vt 0.625143 0.470501
vt 0.622294 0.470502
vt 0.588873 0.570221
vt 0.586024 0.570221
vt 0.586024 0.547501
vt 0.588873 0.547501
vt 0.583175 0.570221
vt 0.580326 0.570221
vt 0.580326 0.547501
vt 0.583175 0.547501
vt 0.591722 0.570221
vt 0.591722 0.547501
vt 0.603118 0.570221
vt 0.603118 0.547501
vt 0.632334 0.471906
vt 0.633882 0.475641
vt 0.630881 0.476238
vt 0.629791 0.473606
vt 0.577477 0.570221
vt 0.577477 0.547501
vt 0.571779 0.570221
vt 0.571779 0.547501
vt 0.605967 0.570221
vt 0.605967 0.547501
vt 0.608816 0.570221
vt 0.608816 0.547501
vt 0.574628 0.570221
vt 0.574628 0.547501
vt 0.617961 0.469049
vt 0.619662 0.471592
vt 0.629475 0.469047
vt 0.627776 0.471591
vt 0.617964 0.486280
vt 0.615105 0.483422
vt 0.617648 0.481722
vt 0.619663 0.483736
vt 0.632336 0.483419
vt 0.629478 0.486278
vt 0.627777 0.483735
vt 0.629792 0.481720
vt 0.613556 0.475644
vt 0.615103 0.471908
vt 0.617647 0.473607
vt 0.616557 0.476240
vt 0.621700 0.487827
vt 0.622296 0.484826
vt 0.625742 0.487826
vt 0.625145 0.484826
vt 0.633882 0.479683
vt 0.630882 0.479087
vt 0.611665 0.570221
vt 0.611665 0.547501
vt 0.613557 0.479687
vt 0.616557 0.479089
vt 0.567819 0.466221
vt 0.564970 0.466221
vt 0.564970 0.443501
vt 0.567819 0.443501
vt 0.579215 0.466221
vt 0.576366 0.466221
vt 0.576366 0.443501
vt 0.579215 0.443501
vt 0.610554 0.466221
vt 0.607705 0.466221
vt 0.607705 0.443501
vt 0.610554 0.443501
vt 0.602007 0.466221
vt 0.599158 0.466221
vt 0.599158 0.443501
vt 0.602007 0.443501
vt 0.590611 0.466221
vt 0.587762 0.466221
vt 0.587762 0.443501
vt 0.590611 0.443501
vt 0.582064 0.466221
vt 0.582064 0.443501
vt 0.570668 0.466221
vt 0.570668 0.443501
vt 0.604856 0.466221
vt 0.604856 0.443501
vt 0.573517 0.466221
vt 0.573517 0.443501
vt 0.584913 0.466221
vt 0.584913 0.443501
vt 0.596309 0.466221
vt 0.593460 0.466221
vt 0.593460 0.443501
vt 0.596309 0.443501
vt 0.100977 0.395906
vt 0.102525 0.399641
vt 0.099525 0.400238
vt 0.098434 0.397606
vt 0.094386 0.411826
vt 0.090343 0.411827
vt 0.090939 0.408826
vt 0.093788 0.408826
vt 0.102526 0.403684
vt 0.099525 0.403087
vt 0.086605 0.393049
vt 0.090340 0.391501
vt 0.090937 0.394502
vt 0.088305 0.395592
vt 0.083748 0.407422
vt 0.082200 0.403687
vt 0.085201 0.403089
vt 0.086291 0.405722
vt 0.098121 0.410278
vt 0.096421 0.407735
vt 0.098118 0.393047
vt 0.096419 0.395591
vt 0.083746 0.395908
vt 0.086290 0.397608
vt 0.086607 0.410280
vt 0.088307 0.407736
vt 0.100979 0.407419
vt 0.098435 0.405720
vt 0.094383 0.391501
vt 0.093786 0.394501
vt 0.082200 0.399644
vt 0.085200 0.400240
vt 0.613557 0.503687
vt 0.613556 0.499644
vt 0.616557 0.500240
vt 0.616557 0.503089
vt 0.633882 0.503684
vt 0.632336 0.507419
vt 0.629792 0.505720
vt 0.630882 0.503087
vt 0.615103 0.495908
vt 0.617961 0.493049
vt 0.619662 0.495592
vt 0.617647 0.497607
vt 0.625742 0.511826
vt 0.621700 0.511827
vt 0.622296 0.508826
vt 0.625145 0.508825
vt 0.691978 0.652221
vt 0.689129 0.652221
vt 0.689129 0.629501
vt 0.691978 0.629501
vt 0.617964 0.510280
vt 0.619663 0.507736
vt 0.625739 0.491501
vt 0.629475 0.493047
vt 0.627776 0.495591
vt 0.625143 0.494501
vt 0.615105 0.507422
vt 0.617648 0.505722
vt 0.632334 0.495906
vt 0.629791 0.497606
vt 0.633882 0.499640
vt 0.630881 0.500238
vt 0.711921 0.652221
vt 0.709072 0.652221
vt 0.709072 0.629501
vt 0.711921 0.629501
vt 0.629478 0.510278
vt 0.627777 0.507735
vt 0.621696 0.491501
vt 0.622294 0.494502
vt 0.729015 0.652221
vt 0.726166 0.652221
vt 0.726166 0.629501
vt 0.729015 0.629501
vt 0.706223 0.652221
vt 0.706223 0.629501
vt 0.714770 0.652221
vt 0.714770 0.629501
vt 0.694827 0.652221
vt 0.694827 0.629501
vt 0.723317 0.652221
vt 0.720468 0.652221
vt 0.720468 0.629501
vt 0.723317 0.629501
vt 0.697676 0.652221
vt 0.697676 0.629501
vt 0.717619 0.652221
vt 0.717619 0.629501
vt 0.700525 0.652221
vt 0.700525 0.629501
vt 0.703374 0.652221
vt 0.703374 0.629501
vt 0.686280 0.652221
vt 0.686280 0.629501
vt 0.683431 0.652221
vt 0.683431 0.629501
vt 0.524368 0.638350
vt 0.524368 0.635501
vt 0.547088 0.635501
vt 0.547088 0.638350
vt 0.524368 0.669688
vt 0.524368 0.666839
vt 0.547088 0.666839
vt 0.547088 0.669688
vt 0.524368 0.661141
vt 0.524368 0.658292
vt 0.547088 0.658292
vt 0.547088 0.661141
vt 0.150106 0.395906
vt 0.151654 0.399641
vt 0.148653 0.400238
vt 0.147562 0.397606
vt 0.524368 0.678235
vt 0.524368 0.675386
vt 0.547088 0.675386
vt 0.547088 0.678235
vt 0.524368 0.652594
vt 0.524368 0.649745
vt 0.547088 0.649745
vt 0.547088 0.652594
vt 0.524368 0.646896
vt 0.547088 0.646896
vt 0.524368 0.644047
vt 0.547088 0.644047
vt 0.524368 0.681084
vt 0.547088 0.681084
vt 0.524368 0.641199
vt 0.547088 0.641199
vt 0.524368 0.655443
vt 0.547088 0.655443
vt 0.524368 0.672537
vt 0.547088 0.672537
vt 0.524368 0.663990
vt 0.547088 0.663990
vt 0.139468 0.391501
vt 0.143511 0.391501
vt 0.142915 0.394501
vt 0.140065 0.394502
vt 0.131328 0.399644
vt 0.132875 0.395908
vt 0.135419 0.397607
vt 0.134329 0.400240
vt 0.132877 0.407422
vt 0.131329 0.403687
vt 0.134329 0.403089
vt 0.135420 0.405722
vt 0.135736 0.410280
vt 0.137435 0.407736
vt 0.139471 0.411827
vt 0.140068 0.408826
vt 0.143514 0.411826
vt 0.142917 0.408826
vt 0.147249 0.410278
vt 0.145549 0.407735
vt 0.150108 0.407419
vt 0.147564 0.405720
vt 0.151654 0.403683
vt 0.148654 0.403087
vt 0.147247 0.393047
vt 0.145547 0.395591
vt 0.135733 0.393049
vt 0.137433 0.395592
vt 0.998487 0.215683
vt 0.996941 0.219419
vt 0.994397 0.217720
vt 0.995487 0.215087
vt 0.978162 0.215687
vt 0.978161 0.211644
vt 0.981162 0.212240
vt 0.981162 0.215089
vt 0.994080 0.205047
vt 0.996939 0.207906
vt 0.994396 0.209606
vt 0.992380 0.207591
vt 0.661020 0.864221
vt 0.658171 0.864221
vt 0.658171 0.841501
vt 0.661020 0.841501
vt 0.994082 0.222278
vt 0.990347 0.223826
vt 0.989750 0.220825
vt 0.992382 0.219735
vt 0.986304 0.223827
vt 0.982569 0.222280
vt 0.984268 0.219736
vt 0.986901 0.220826
vt 0.979710 0.219422
vt 0.982253 0.217722
vt 0.979708 0.207908
vt 0.982252 0.209607
vt 0.982566 0.205049
vt 0.986301 0.203501
vt 0.986899 0.206502
vt 0.984266 0.207592
vt 0.990344 0.203501
vt 0.989748 0.206501
vt 0.998487 0.211641
vt 0.995486 0.212238
vt 0.641078 0.864221
vt 0.638229 0.864221
vt 0.638229 0.841501
vt 0.641078 0.841501
vt 0.646776 0.864221
vt 0.643927 0.864221
vt 0.643927 0.841501
vt 0.646776 0.841501
vt 0.666718 0.864221
vt 0.663869 0.864221
vt 0.663869 0.841501
vt 0.666718 0.841501
vt 0.672416 0.864221
vt 0.669567 0.864221
vt 0.669567 0.841501
vt 0.672416 0.841501
vt 0.655322 0.864221
vt 0.652474 0.864221
vt 0.652474 0.841501
vt 0.655322 0.841501
vt 0.635380 0.864221
vt 0.635380 0.841501
vt 0.649624 0.864221
vt 0.649624 0.841501
vt 0.675265 0.864221
vt 0.675265 0.841501
vt 0.678114 0.864221
vt 0.678114 0.841501
vt 0.632531 0.864221
vt 0.632531 0.841501
vt 0.567820 0.492221
vt 0.564971 0.492221
vt 0.564971 0.469501
vt 0.567820 0.469501
vt 0.579216 0.492221
vt 0.576367 0.492221
vt 0.576367 0.469501
vt 0.579216 0.469501
vt 0.610555 0.492221
vt 0.607706 0.492221
vt 0.607706 0.469501
vt 0.610555 0.469501
vt 0.602008 0.492221
vt 0.599159 0.492221
vt 0.599159 0.469501
vt 0.602008 0.469501
vt 0.590612 0.492221
vt 0.587763 0.492221
vt 0.587763 0.469501
vt 0.590612 0.469501
vt 0.582065 0.492221
vt 0.582065 0.469501
vt 0.570669 0.492221
vt 0.570669 0.469501
vt 0.604857 0.492221
vt 0.604857 0.469501
vt 0.573518 0.492221
vt 0.573518 0.469501
vt 0.584914 0.492221
vt 0.584914 0.469501
vt 0.596310 0.492221
vt 0.593461 0.492221
vt 0.593461 0.469501
vt 0.596310 0.469501
vt 0.020279 0.325906
vt 0.021827 0.329641
vt 0.018827 0.330238
vt 0.017736 0.327606
vt 0.013688 0.341826
vt 0.009645 0.341827
vt 0.010241 0.338826
vt 0.013090 0.338826
vt 0.021828 0.333683
vt 0.018827 0.333087
vt 0.005907 0.323049
vt 0.009642 0.321501
vt 0.010239 0.324502
vt 0.007607 0.325592
vt 0.003050 0.337422
vt 0.001502 0.333687
vt 0.004503 0.333089
vt 0.005593 0.335722
vt 0.017423 0.340278
vt 0.015723 0.337735
vt 0.017420 0.323047
vt 0.015721 0.325591
vt 0.003048 0.325908
vt 0.005592 0.327607
vt 0.005909 0.340280
vt 0.007609 0.337736
vt 0.020281 0.337419
vt 0.017737 0.335720
vt 0.013685 0.321501
vt 0.013088 0.324501
vt 0.001502 0.329644
vt 0.004502 0.330240
vt 0.863060 0.181283
vt 0.863060 0.175489
vt 0.865171 0.175489
vt 0.865171 0.181283
vt 0.871427 0.145026
vt 0.869507 0.145026
vt 0.869507 0.144447
vt 0.871427 0.144447
vt 0.873348 0.145026
vt 0.873348 0.144447
vt 0.875269 0.145026
vt 0.875269 0.144447
vt 0.877190 0.145026
vt 0.877190 0.144447
vt 0.879110 0.145026
vt 0.879110 0.144447
vt 0.881031 0.145026
vt 0.881031 0.144447
vt 0.882952 0.145026
vt 0.882952 0.144447
vt 0.884872 0.145026
vt 0.884872 0.144447
vt 0.886793 0.145026
vt 0.886793 0.144447
vt 0.888714 0.145026
vt 0.888714 0.144447
vt 0.890635 0.145026
vt 0.890635 0.144447
vt 0.892555 0.145026
vt 0.892555 0.144447
vt 0.894476 0.145026
vt 0.894476 0.144447
vt 0.834934 0.145026
vt 0.833013 0.145026
vt 0.833013 0.144447
vt 0.834934 0.144447
vt 0.836855 0.145026
vt 0.836855 0.144447
vt 0.838775 0.145026
vt 0.838775 0.144447
vt 0.840696 0.145026
vt 0.840696 0.144447
vt 0.842617 0.145026
vt 0.842617 0.144447
vt 0.844538 0.145026
vt 0.844538 0.144447
vt 0.846458 0.145026
vt 0.846458 0.144447
vt 0.848379 0.145026
vt 0.848379 0.144447
vt 0.850300 0.145026
vt 0.850300 0.144447
vt 0.852220 0.145026
vt 0.852220 0.144447
vt 0.854141 0.145026
vt 0.854141 0.144447
vt 0.856062 0.145026
vt 0.856062 0.144447
vt 0.857983 0.145026
vt 0.857983 0.144447
vt 0.859903 0.145026
vt 0.859903 0.144447
vt 0.861824 0.145026
vt 0.861824 0.144447
vt 0.869507 0.145158
vt 0.871427 0.145158
vt 0.871427 0.145727
vt 0.869507 0.145727
vt 0.863745 0.145026
vt 0.863745 0.144447
vt 0.860950 0.181283
vt 0.860950 0.175489
vt 0.858840 0.181283
vt 0.858840 0.175489
vt 0.867281 0.181283
vt 0.867281 0.175489
vt 0.869391 0.175489
vt 0.869391 0.181283
vt 0.871501 0.175489
vt 0.871501 0.181283
vt 0.873611 0.175489
vt 0.873611 0.181283
vt 0.875722 0.175489
vt 0.875722 0.181283
vt 0.877832 0.175489
vt 0.877832 0.181283
vt 0.879942 0.175489
vt 0.879942 0.181283
vt 0.882052 0.175489
vt 0.882052 0.181283
vt 0.884162 0.175489
vt 0.884162 0.181283
vt 0.886272 0.175489
vt 0.886272 0.181283
vt 0.888383 0.175489
vt 0.888383 0.181283
vt 0.890493 0.175489
vt 0.890493 0.181283
vt 0.892603 0.175489
vt 0.892603 0.181283
vt 0.894713 0.175489
vt 0.894713 0.181283
vt 0.827187 0.181283
vt 0.827187 0.175489
vt 0.829297 0.175489
vt 0.829297 0.181283
vt 0.831408 0.175489
vt 0.831408 0.181283
vt 0.833518 0.175489
vt 0.833518 0.181283
vt 0.835628 0.175489
vt 0.835628 0.181283
vt 0.837738 0.175489
vt 0.837738 0.181283
vt 0.839848 0.175489
vt 0.839848 0.181283
vt 0.841959 0.175489
vt 0.841959 0.181283
vt 0.844069 0.175489
vt 0.844069 0.181283
vt 0.846179 0.175489
vt 0.846179 0.181283
vt 0.848289 0.175489
vt 0.848289 0.181283
vt 0.850399 0.175489
vt 0.850399 0.181283
vt 0.852509 0.175489
vt 0.852509 0.181283
vt 0.854620 0.175489
vt 0.854620 0.181283
vt 0.856730 0.175489
vt 0.856730 0.181283
vt 0.867586 0.145026
vt 0.865665 0.145026
vt 0.865665 0.144447
vt 0.867586 0.144447
vt 0.859903 0.145158
vt 0.861824 0.145158
vt 0.861824 0.145727
vt 0.859903 0.145727
vt 0.834934 0.145158
vt 0.836855 0.145158
vt 0.836855 0.145727
vt 0.834934 0.145727
vt 0.873348 0.145158
vt 0.873348 0.145727
vt 0.479795 0.236325
vt 0.485502 0.240137
vt 0.490354 0.244990
vt 0.494167 0.250696
vt 0.496793 0.257035
vt 0.498131 0.263766
vt 0.498131 0.270628
vt 0.496793 0.277358
vt 0.494167 0.283699
vt 0.490354 0.289404
vt 0.485501 0.294256
vt 0.479796 0.298069
vt 0.473456 0.300695
vt 0.466725 0.302034
vt 0.459863 0.302034
vt 0.453133 0.300695
vt 0.446792 0.298069
vt 0.441086 0.294256
vt 0.436233 0.289404
vt 0.432421 0.283699
vt 0.429796 0.277359
vt 0.428457 0.270628
vt 0.428457 0.263766
vt 0.429796 0.257035
vt 0.432421 0.250696
vt 0.436234 0.244990
vt 0.441086 0.240137
vt 0.446792 0.236325
vt 0.453134 0.233699
vt 0.459863 0.232360
vt 0.466725 0.232360
vt 0.473456 0.233699
vt 0.838775 0.145158
vt 0.838775 0.145727
vt 0.875269 0.145158
vt 0.875269 0.145727
vt 0.840696 0.145158
vt 0.840696 0.145727
vt 0.877190 0.145158
vt 0.877190 0.145727
vt 0.842617 0.145158
vt 0.842617 0.145727
vt 0.879110 0.145158
vt 0.879110 0.145727
vt 0.844538 0.145158
vt 0.844538 0.145727
vt 0.881031 0.145158
vt 0.881031 0.145727
vt 0.846458 0.145158
vt 0.846458 0.145727
vt 0.882952 0.145158
vt 0.882952 0.145727
vt 0.848379 0.145158
vt 0.848379 0.145727
vt 0.884872 0.145158
vt 0.884872 0.145727
vt 0.850300 0.145158
vt 0.850300 0.145727
vt 0.886793 0.145158
vt 0.886793 0.145727
vt 0.852220 0.145158
vt 0.852220 0.145727
vt 0.888714 0.145158
vt 0.888714 0.145727
vt 0.854141 0.145158
vt 0.854141 0.145727
vt 0.890635 0.145158
vt 0.890635 0.145727
vt 0.863745 0.145158
vt 0.863745 0.145727
vt 0.856062 0.145158
vt 0.856062 0.145727
vt 0.892555 0.145158
vt 0.892555 0.145727
vt 0.865665 0.145158
vt 0.867586 0.145158
vt 0.867586 0.145727
vt 0.865665 0.145727
vt 0.857983 0.145158
vt 0.857983 0.145727
vt 0.894476 0.145158
vt 0.894476 0.145727
vt 0.833013 0.145158
vt 0.833013 0.145727
vt 0.865665 0.146141
vt 0.863745 0.146141
vt 0.863745 0.146038
vt 0.865665 0.146038
vt 0.863745 0.145934
vt 0.865665 0.145934
vt 0.863745 0.145830
vt 0.865665 0.145830
vt 0.867586 0.146141
vt 0.867586 0.146038
vt 0.867586 0.145934
vt 0.867586 0.145830
vt 0.869507 0.146141
vt 0.869507 0.146037
vt 0.869507 0.145934
vt 0.869507 0.145830
vt 0.871427 0.146141
vt 0.871427 0.146037
vt 0.871427 0.145934
vt 0.871427 0.145830
vt 0.873348 0.146141
vt 0.873348 0.146038
vt 0.873348 0.145934
vt 0.873348 0.145830
vt 0.875269 0.146141
vt 0.875269 0.146038
vt 0.875269 0.145934
vt 0.875269 0.145830
vt 0.877190 0.146141
vt 0.877190 0.146038
vt 0.877190 0.145934
vt 0.877190 0.145830
vt 0.879110 0.146141
vt 0.879110 0.146038
vt 0.879110 0.145934
vt 0.879110 0.145830
vt 0.881031 0.146141
vt 0.881031 0.146038
vt 0.881031 0.145934
vt 0.881031 0.145830
vt 0.882952 0.146141
vt 0.882952 0.146037
vt 0.882952 0.145934
vt 0.882952 0.145830
vt 0.884872 0.146141
vt 0.884872 0.146038
vt 0.884872 0.145934
vt 0.884872 0.145830
vt 0.886793 0.146141
vt 0.886793 0.146038
vt 0.886793 0.145934
vt 0.886793 0.145830
vt 0.888714 0.146141
vt 0.888714 0.146038
vt 0.888714 0.145934
vt 0.888714 0.145830
vt 0.890634 0.146141
vt 0.890635 0.146038
vt 0.890635 0.145934
vt 0.890635 0.145830
vt 0.892555 0.146141
vt 0.892555 0.146038
vt 0.892555 0.145934
vt 0.892555 0.145830
vt 0.894476 0.146141
vt 0.894476 0.146038
vt 0.894476 0.145934
vt 0.894476 0.145830
vt 0.834934 0.146141
vt 0.833013 0.146141
vt 0.833013 0.146038
vt 0.834934 0.146038
vt 0.833013 0.145934
vt 0.834934 0.145934
vt 0.833013 0.145830
vt 0.834934 0.145830
vt 0.836855 0.146141
vt 0.836855 0.146038
vt 0.836855 0.145934
vt 0.836855 0.145830
vt 0.838775 0.146141
vt 0.838775 0.146038
vt 0.838775 0.145934
vt 0.838775 0.145830
vt 0.840696 0.146141
vt 0.840696 0.146038
vt 0.840696 0.145934
vt 0.840696 0.145830
vt 0.842617 0.146141
vt 0.842617 0.146038
vt 0.842617 0.145934
vt 0.842617 0.145830
vt 0.844538 0.146141
vt 0.844538 0.146037
vt 0.844538 0.145934
vt 0.844538 0.145830
vt 0.846458 0.146141
vt 0.846458 0.146038
vt 0.846458 0.145934
vt 0.846458 0.145830
vt 0.848379 0.146141
vt 0.848379 0.146037
vt 0.848379 0.145934
vt 0.848379 0.145830
vt 0.850300 0.146141
vt 0.850300 0.146038
vt 0.850300 0.145934
vt 0.850300 0.145830
vt 0.852220 0.146141
vt 0.852220 0.146038
vt 0.852220 0.145934
vt 0.852220 0.145830
vt 0.854141 0.146141
vt 0.854141 0.146038
vt 0.854141 0.145934
vt 0.854141 0.145830
vt 0.856062 0.146141
vt 0.856062 0.146037
vt 0.856062 0.145934
vt 0.856062 0.145830
vt 0.857983 0.146141
vt 0.857983 0.146038
vt 0.857983 0.145934
vt 0.857983 0.145830
vt 0.859903 0.146141
vt 0.859903 0.146038
vt 0.859903 0.145934
vt 0.859903 0.145830
vt 0.861824 0.146141
vt 0.861824 0.146038
vt 0.861824 0.145934
vt 0.861824 0.145830
vt 0.863745 0.145114
vt 0.865665 0.145114
vt 0.863745 0.145070
vt 0.865665 0.145070
vt 0.867586 0.145114
vt 0.867586 0.145070
vt 0.869507 0.145114
vt 0.869507 0.145070
vt 0.871427 0.145114
vt 0.871427 0.145070
vt 0.873348 0.145114
vt 0.873348 0.145070
vt 0.875269 0.145114
vt 0.875269 0.145070
vt 0.877190 0.145114
vt 0.877190 0.145070
vt 0.879110 0.145114
vt 0.879110 0.145070
vt 0.881031 0.145114
vt 0.881031 0.145070
vt 0.882952 0.145114
vt 0.882952 0.145070
vt 0.884872 0.145114
vt 0.884872 0.145070
vt 0.886793 0.145114
vt 0.886793 0.145070
vt 0.888714 0.145114
vt 0.888714 0.145070
vt 0.890635 0.145114
vt 0.890635 0.145070
vt 0.892555 0.145114
vt 0.892555 0.145070
vt 0.894476 0.145114
vt 0.894476 0.145070
vt 0.833013 0.145114
vt 0.834934 0.145114
vt 0.833013 0.145070
vt 0.834934 0.145070
vt 0.836855 0.145114
vt 0.836855 0.145070
vt 0.838775 0.145114
vt 0.838775 0.145070
vt 0.840696 0.145114
vt 0.840696 0.145070
vt 0.842617 0.145114
vt 0.842617 0.145070
vt 0.844538 0.145114
vt 0.844538 0.145070
vt 0.846458 0.145114
vt 0.846458 0.145070
vt 0.848379 0.145114
vt 0.848379 0.145070
vt 0.850300 0.145114
vt 0.850300 0.145070
vt 0.852220 0.145114
vt 0.852220 0.145070
vt 0.854141 0.145114
vt 0.854141 0.145070
vt 0.856062 0.145114
vt 0.856062 0.145070
vt 0.857983 0.145114
vt 0.857983 0.145070
vt 0.859903 0.145114
vt 0.859903 0.145070
vt 0.861824 0.145114
vt 0.861824 0.145070
vt 0.863745 0.144272
vt 0.865665 0.144272
vt 0.863745 0.144097
vt 0.865665 0.144097
vt 0.863745 0.143922
vt 0.865665 0.143922
vt 0.863745 0.143747
vt 0.865665 0.143747
vt 0.867586 0.144272
vt 0.867586 0.144097
vt 0.867586 0.143922
vt 0.867586 0.143747
vt 0.869507 0.144272
vt 0.869507 0.144097
vt 0.869507 0.143922
vt 0.869507 0.143747
vt 0.871427 0.144272
vt 0.871427 0.144097
vt 0.871427 0.143922
vt 0.871427 0.143747
vt 0.873348 0.144272
vt 0.873348 0.144097
vt 0.873348 0.143922
vt 0.873348 0.143747
vt 0.875269 0.144272
vt 0.875269 0.144097
vt 0.875269 0.143922
vt 0.875269 0.143747
vt 0.877190 0.144272
vt 0.877190 0.144097
vt 0.877190 0.143922
vt 0.877190 0.143747
vt 0.879110 0.144272
vt 0.879110 0.144097
vt 0.879110 0.143922
vt 0.879110 0.143747
vt 0.881031 0.144272
vt 0.881031 0.144097
vt 0.881031 0.143922
vt 0.881031 0.143747
vt 0.882952 0.144272
vt 0.882952 0.144097
vt 0.882952 0.143922
vt 0.882952 0.143747
vt 0.884872 0.144272
vt 0.884872 0.144097
vt 0.884872 0.143922
vt 0.884872 0.143747
vt 0.886793 0.144272
vt 0.886793 0.144097
vt 0.886793 0.143922
vt 0.886793 0.143747
vt 0.888714 0.144272
vt 0.888714 0.144097
vt 0.888714 0.143922
vt 0.888714 0.143747
vt 0.890635 0.144272
vt 0.890635 0.144097
vt 0.890635 0.143922
vt 0.890635 0.143747
vt 0.892555 0.144272
vt 0.892555 0.144097
vt 0.892555 0.143922
vt 0.892555 0.143747
vt 0.894476 0.144272
vt 0.894476 0.144097
vt 0.894476 0.143922
vt 0.894476 0.143747
vt 0.833013 0.144272
vt 0.834934 0.144272
vt 0.833013 0.144097
vt 0.834934 0.144097
vt 0.833013 0.143922
vt 0.834934 0.143922
vt 0.833013 0.143747
vt 0.834934 0.143747
vt 0.836855 0.144272
vt 0.836855 0.144097
vt 0.836855 0.143922
vt 0.836855 0.143747
vt 0.838775 0.144272
vt 0.838775 0.144097
vt 0.838775 0.143922
vt 0.838775 0.143747
vt 0.840696 0.144272
vt 0.840696 0.144097
vt 0.840696 0.143922
vt 0.840696 0.143747
vt 0.842617 0.144272
vt 0.842617 0.144097
vt 0.842617 0.143922
vt 0.842617 0.143747
vt 0.844538 0.144272
vt 0.844538 0.144097
vt 0.844538 0.143922
vt 0.844538 0.143747
vt 0.846458 0.144272
vt 0.846458 0.144097
vt 0.846458 0.143922
vt 0.846458 0.143747
vt 0.848379 0.144272
vt 0.848379 0.144097
vt 0.848379 0.143922
vt 0.848379 0.143747
vt 0.850300 0.144272
vt 0.850300 0.144097
vt 0.850300 0.143922
vt 0.850300 0.143747
vt 0.852220 0.144272
vt 0.852220 0.144097
vt 0.852220 0.143922
vt 0.852220 0.143747
vt 0.854141 0.144272
vt 0.854141 0.144097
vt 0.854141 0.143922
vt 0.854141 0.143747
vt 0.856062 0.144272
vt 0.856062 0.144097
vt 0.856062 0.143922
vt 0.856062 0.143747
vt 0.857983 0.144272
vt 0.857983 0.144097
vt 0.857983 0.143922
vt 0.857983 0.143747
vt 0.859903 0.144272
vt 0.859903 0.144097
vt 0.859903 0.143922
vt 0.859903 0.143747
vt 0.861824 0.144272
vt 0.861824 0.144097
vt 0.861824 0.143922
vt 0.861824 0.143747
vt 0.862905 0.168738
vt 0.865025 0.168738
vt 0.865025 0.174558
vt 0.862905 0.174558
vt 0.851507 0.148435
vt 0.851507 0.147805
vt 0.853572 0.147805
vt 0.853572 0.148435
vt 0.849443 0.148435
vt 0.849443 0.147805
vt 0.847378 0.148435
vt 0.847378 0.147805
vt 0.845313 0.148435
vt 0.845313 0.147805
vt 0.843249 0.148435
vt 0.843249 0.147805
vt 0.841184 0.148435
vt 0.841184 0.147805
vt 0.839120 0.148435
vt 0.839120 0.147805
vt 0.837055 0.148435
vt 0.837055 0.147805
vt 0.834990 0.148435
vt 0.834990 0.147805
vt 0.832926 0.148435
vt 0.832926 0.147805
vt 0.830861 0.148435
vt 0.830861 0.147805
vt 0.828797 0.148435
vt 0.828797 0.147805
vt 0.826732 0.148435
vt 0.826732 0.147805
vt 0.890734 0.148435
vt 0.890734 0.147805
vt 0.892799 0.147805
vt 0.892799 0.148435
vt 0.888670 0.148435
vt 0.888670 0.147805
vt 0.886605 0.148435
vt 0.886605 0.147805
vt 0.884541 0.148435
vt 0.884541 0.147805
vt 0.882476 0.148435
vt 0.882476 0.147805
vt 0.880411 0.148435
vt 0.880411 0.147805
vt 0.878347 0.148435
vt 0.878347 0.147805
vt 0.876282 0.148435
vt 0.876282 0.147805
vt 0.874218 0.148435
vt 0.874218 0.147805
vt 0.872153 0.148435
vt 0.872153 0.147805
vt 0.870088 0.148435
vt 0.870088 0.147805
vt 0.868024 0.148435
vt 0.868024 0.147805
vt 0.865959 0.148435
vt 0.865959 0.147805
vt 0.863895 0.148435
vt 0.863895 0.147805
vt 0.861830 0.148435
vt 0.861830 0.147805
vt 0.853572 0.148578
vt 0.853572 0.149198
vt 0.851507 0.149198
vt 0.851507 0.148578
vt 0.859765 0.148435
vt 0.859765 0.147805
vt 0.860786 0.168738
vt 0.860786 0.174558
vt 0.858666 0.168738
vt 0.858666 0.174558
vt 0.867144 0.168738
vt 0.869264 0.168738
vt 0.869264 0.174558
vt 0.867144 0.174558
vt 0.871383 0.168738
vt 0.871383 0.174558
vt 0.873503 0.168738
vt 0.873503 0.174558
vt 0.875622 0.168738
vt 0.875622 0.174558
vt 0.877742 0.168738
vt 0.877742 0.174558
vt 0.879861 0.168738
vt 0.879861 0.174558
vt 0.881981 0.168738
vt 0.881981 0.174558
vt 0.884100 0.168738
vt 0.884100 0.174558
vt 0.886220 0.168738
vt 0.886220 0.174558
vt 0.888339 0.168738
vt 0.888339 0.174558
vt 0.890459 0.168738
vt 0.890459 0.174558
vt 0.892578 0.168738
vt 0.892578 0.174558
vt 0.894698 0.168738
vt 0.894698 0.174558
vt 0.826874 0.168738
vt 0.828993 0.168738
vt 0.828993 0.174558
vt 0.826874 0.174558
vt 0.831113 0.168738
vt 0.831113 0.174558
vt 0.833232 0.168738
vt 0.833232 0.174558
vt 0.835352 0.168738
vt 0.835352 0.174558
vt 0.837471 0.168738
vt 0.837471 0.174558
vt 0.839591 0.168738
vt 0.839591 0.174558
vt 0.841710 0.168738
vt 0.841710 0.174558
vt 0.843830 0.168738
vt 0.843830 0.174558
vt 0.845949 0.168738
vt 0.845949 0.174558
vt 0.848069 0.168738
vt 0.848069 0.174558
vt 0.850188 0.168738
vt 0.850188 0.174558
vt 0.852308 0.168738
vt 0.852308 0.174558
vt 0.854427 0.168738
vt 0.854427 0.174558
vt 0.856547 0.168738
vt 0.856547 0.174558
vt 0.855636 0.148435
vt 0.855636 0.147805
vt 0.857701 0.147805
vt 0.857701 0.148435
vt 0.863895 0.148578
vt 0.863895 0.149198
vt 0.861830 0.149198
vt 0.861830 0.148578
vt 0.890734 0.148578
vt 0.890734 0.149198
vt 0.888670 0.149198
vt 0.888670 0.148578
vt 0.849443 0.149198
vt 0.849443 0.148578
vt 0.022044 0.349608
vt 0.022044 0.344411
vt 0.023058 0.339314
vt 0.025047 0.334512
vt 0.027935 0.330191
vt 0.031610 0.326515
vt 0.035932 0.323628
vt 0.040734 0.321639
vt 0.045831 0.320625
vt 0.051029 0.320625
vt 0.056126 0.321639
vt 0.060928 0.323628
vt 0.065250 0.326515
vt 0.068925 0.330191
vt 0.071813 0.334512
vt 0.073802 0.339314
vt 0.074815 0.344412
vt 0.074815 0.349610
vt 0.073801 0.354707
vt 0.071812 0.359509
vt 0.068924 0.363831
vt 0.065249 0.367506
vt 0.060927 0.370393
vt 0.056126 0.372382
vt 0.051028 0.373396
vt 0.045831 0.373396
vt 0.040732 0.372382
vt 0.035931 0.370393
vt 0.031609 0.367506
vt 0.027934 0.363830
vt 0.025047 0.359508
vt 0.023057 0.354707
vt 0.886605 0.149198
vt 0.886605 0.148578
vt 0.847378 0.149198
vt 0.847378 0.148578
vt 0.884541 0.149198
vt 0.884541 0.148578
vt 0.845313 0.149198
vt 0.845313 0.148578
vt 0.882476 0.149198
vt 0.882476 0.148578
vt 0.843249 0.149198
vt 0.843249 0.148578
vt 0.880411 0.149198
vt 0.880411 0.148578
vt 0.841184 0.149198
vt 0.841184 0.148578
vt 0.878347 0.149198
vt 0.878347 0.148578
vt 0.839120 0.149198
vt 0.839120 0.148578
vt 0.876282 0.149198
vt 0.876282 0.148578
vt 0.837055 0.149198
vt 0.837055 0.148578
vt 0.874218 0.149198
vt 0.874218 0.148578
vt 0.834990 0.149198
vt 0.834990 0.148578
vt 0.872153 0.149198
vt 0.872153 0.148578
vt 0.832926 0.149198
vt 0.832926 0.148578
vt 0.870088 0.149198
vt 0.870088 0.148578
vt 0.830861 0.149198
vt 0.830861 0.148578
vt 0.859765 0.149198
vt 0.859765 0.148578
vt 0.868024 0.149198
vt 0.868024 0.148578
vt 0.828797 0.149198
vt 0.828797 0.148578
vt 0.857701 0.148578
vt 0.857701 0.149198
vt 0.855636 0.149198
vt 0.855636 0.148578
vt 0.865959 0.149198
vt 0.865959 0.148578
vt 0.826732 0.149198
vt 0.826732 0.148578
vt 0.892799 0.148578
vt 0.892799 0.149198
vt 0.857701 0.149649
vt 0.857701 0.149537
vt 0.859765 0.149537
vt 0.859765 0.149649
vt 0.857701 0.149424
vt 0.859765 0.149424
vt 0.857701 0.149311
vt 0.859765 0.149311
vt 0.855636 0.149649
vt 0.855636 0.149537
vt 0.855636 0.149424
vt 0.855636 0.149311
vt 0.853572 0.149649
vt 0.853572 0.149537
vt 0.853572 0.149424
vt 0.853572 0.149311
vt 0.851507 0.149649
vt 0.851507 0.149537
vt 0.851507 0.149424
vt 0.851507 0.149311
vt 0.849443 0.149649
vt 0.849443 0.149537
vt 0.849443 0.149424
vt 0.849443 0.149311
vt 0.847378 0.149649
vt 0.847378 0.149537
vt 0.847378 0.149424
vt 0.847378 0.149311
vt 0.845313 0.149649
vt 0.845313 0.149537
vt 0.845313 0.149424
vt 0.845313 0.149311
vt 0.843249 0.149649
vt 0.843249 0.149537
vt 0.843249 0.149424
vt 0.843249 0.149311
vt 0.841184 0.149649
vt 0.841184 0.149537
vt 0.841184 0.149424
vt 0.841184 0.149311
vt 0.839120 0.149649
vt 0.839120 0.149537
vt 0.839120 0.149424
vt 0.839120 0.149311
vt 0.837055 0.149649
vt 0.837055 0.149537
vt 0.837055 0.149424
vt 0.837055 0.149311
vt 0.834990 0.149649
vt 0.834990 0.149537
vt 0.834990 0.149424
vt 0.834990 0.149311
vt 0.832926 0.149649
vt 0.832926 0.149537
vt 0.832926 0.149424
vt 0.832926 0.149311
vt 0.830861 0.149649
vt 0.830861 0.149537
vt 0.830861 0.149424
vt 0.830861 0.149311
vt 0.828797 0.149649
vt 0.828797 0.149537
vt 0.828797 0.149424
vt 0.828797 0.149311
vt 0.826732 0.149649
vt 0.826732 0.149537
vt 0.826732 0.149424
vt 0.826732 0.149311
vt 0.890734 0.149649
vt 0.890734 0.149537
vt 0.892799 0.149537
vt 0.892799 0.149649
vt 0.890734 0.149424
vt 0.892799 0.149424
vt 0.890734 0.149311
vt 0.892799 0.149311
vt 0.888670 0.149649
vt 0.888670 0.149537
vt 0.888670 0.149424
vt 0.888670 0.149311
vt 0.886605 0.149649
vt 0.886605 0.149537
vt 0.886605 0.149424
vt 0.886605 0.149311
vt 0.884541 0.149649
vt 0.884541 0.149537
vt 0.884541 0.149424
vt 0.884541 0.149311
vt 0.882476 0.149649
vt 0.882476 0.149537
vt 0.882476 0.149424
vt 0.882476 0.149311
vt 0.880411 0.149649
vt 0.880411 0.149537
vt 0.880411 0.149424
vt 0.880411 0.149311
vt 0.878347 0.149649
vt 0.878347 0.149537
vt 0.878347 0.149424
vt 0.878347 0.149311
vt 0.876282 0.149649
vt 0.876282 0.149537
vt 0.876282 0.149424
vt 0.876282 0.149311
vt 0.874218 0.149649
vt 0.874218 0.149537
vt 0.874218 0.149424
vt 0.874218 0.149311
vt 0.872153 0.149649
vt 0.872153 0.149537
vt 0.872153 0.149424
vt 0.872153 0.149311
vt 0.870088 0.149649
vt 0.870088 0.149537
vt 0.870088 0.149424
vt 0.870088 0.149311
vt 0.868024 0.149649
vt 0.868024 0.149537
vt 0.868024 0.149424
vt 0.868024 0.149311
vt 0.865959 0.149649
vt 0.865959 0.149537
vt 0.865959 0.149424
vt 0.865959 0.149311
vt 0.863895 0.149649
vt 0.863895 0.149537
vt 0.863895 0.149424
vt 0.863895 0.149311
vt 0.861830 0.149649
vt 0.861830 0.149537
vt 0.861830 0.149424
vt 0.861830 0.149311
vt 0.857701 0.148531
vt 0.859765 0.148531
vt 0.857701 0.148483
vt 0.859765 0.148483
vt 0.855636 0.148530
vt 0.855636 0.148483
vt 0.853572 0.148531
vt 0.853572 0.148483
vt 0.851507 0.148531
vt 0.851507 0.148483
vt 0.849443 0.148531
vt 0.849443 0.148483
vt 0.847378 0.148531
vt 0.847378 0.148483
vt 0.845313 0.148530
vt 0.845313 0.148483
vt 0.843249 0.148531
vt 0.843249 0.148483
vt 0.841184 0.148531
vt 0.841184 0.148483
vt 0.839120 0.148531
vt 0.839120 0.148483
vt 0.837055 0.148531
vt 0.837055 0.148483
vt 0.834990 0.148531
vt 0.834990 0.148483
vt 0.832926 0.148530
vt 0.832926 0.148483
vt 0.830861 0.148530
vt 0.830861 0.148483
vt 0.828797 0.148531
vt 0.828797 0.148483
vt 0.826732 0.148531
vt 0.826732 0.148483
vt 0.890734 0.148530
vt 0.892799 0.148531
vt 0.890734 0.148483
vt 0.892799 0.148483
vt 0.888670 0.148531
vt 0.888670 0.148483
vt 0.886605 0.148531
vt 0.886605 0.148483
vt 0.884541 0.148531
vt 0.884541 0.148483
vt 0.882476 0.148531
vt 0.882476 0.148483
vt 0.880411 0.148531
vt 0.880411 0.148483
vt 0.878347 0.148530
vt 0.878347 0.148483
vt 0.876282 0.148531
vt 0.876282 0.148483
vt 0.874218 0.148530
vt 0.874218 0.148483
vt 0.872153 0.148531
vt 0.872153 0.148483
vt 0.870088 0.148531
vt 0.870088 0.148483
vt 0.868024 0.148531
vt 0.868024 0.148483
vt 0.865959 0.148530
vt 0.865959 0.148483
vt 0.863895 0.148531
vt 0.863895 0.148483
vt 0.861830 0.148530
vt 0.861830 0.148483
vt 0.857701 0.147614
vt 0.859765 0.147614
vt 0.857701 0.147424
vt 0.859765 0.147424
vt 0.857701 0.147233
vt 0.859765 0.147233
vt 0.857701 0.147041
vt 0.859765 0.147041
vt 0.855636 0.147614
vt 0.855636 0.147424
vt 0.855636 0.147233
vt 0.855636 0.147041
vt 0.853572 0.147614
vt 0.853572 0.147424
vt 0.853572 0.147233
vt 0.853572 0.147041
vt 0.851507 0.147614
vt 0.851507 0.147424
vt 0.851507 0.147233
vt 0.851507 0.147041
vt 0.849443 0.147614
vt 0.849443 0.147424
vt 0.849443 0.147233
vt 0.849443 0.147041
vt 0.847378 0.147614
vt 0.847378 0.147424
vt 0.847378 0.147233
vt 0.847378 0.147041
vt 0.845313 0.147614
vt 0.845313 0.147424
vt 0.845313 0.147233
vt 0.845313 0.147041
vt 0.843249 0.147614
vt 0.843249 0.147424
vt 0.843249 0.147233
vt 0.843249 0.147041
vt 0.841184 0.147614
vt 0.841184 0.147424
vt 0.841184 0.147233
vt 0.841184 0.147041
vt 0.839120 0.147614
vt 0.839120 0.147424
vt 0.839120 0.147233
vt 0.839120 0.147041
vt 0.837055 0.147614
vt 0.837055 0.147424
vt 0.837055 0.147233
vt 0.837055 0.147041
vt 0.834990 0.147614
vt 0.834990 0.147424
vt 0.834990 0.147233
vt 0.834990 0.147041
vt 0.832926 0.147614
vt 0.832926 0.147424
vt 0.832926 0.147233
vt 0.832926 0.147041
vt 0.830861 0.147614
vt 0.830861 0.147424
vt 0.830861 0.147233
vt 0.830861 0.147041
vt 0.828797 0.147614
vt 0.828797 0.147424
vt 0.828797 0.147233
vt 0.828797 0.147041
vt 0.826732 0.147614
vt 0.826732 0.147424
vt 0.826732 0.147233
vt 0.826732 0.147041
vt 0.890734 0.147614
vt 0.892799 0.147614
vt 0.890734 0.147424
vt 0.892799 0.147424
vt 0.890734 0.147233
vt 0.892799 0.147233
vt 0.890734 0.147041
vt 0.892799 0.147041
vt 0.888670 0.147614
vt 0.888670 0.147424
vt 0.888670 0.147233
vt 0.888670 0.147041
vt 0.886605 0.147614
vt 0.886605 0.147424
vt 0.886605 0.147233
vt 0.886605 0.147041
vt 0.884541 0.147614
vt 0.884541 0.147424
vt 0.884541 0.147233
vt 0.884541 0.147041
vt 0.882476 0.147614
vt 0.882476 0.147424
vt 0.882476 0.147233
vt 0.882476 0.147041
vt 0.880411 0.147614
vt 0.880411 0.147424
vt 0.880411 0.147233
vt 0.880411 0.147041
vt 0.878347 0.147614
vt 0.878347 0.147424
vt 0.878347 0.147233
vt 0.878347 0.147041
vt 0.876282 0.147614
vt 0.876282 0.147424
vt 0.876282 0.147233
vt 0.876282 0.147041
vt 0.874218 0.147614
vt 0.874218 0.147424
vt 0.874218 0.147233
vt 0.874218 0.147041
vt 0.872153 0.147614
vt 0.872153 0.147424
vt 0.872153 0.147233
vt 0.872153 0.147041
vt 0.870088 0.147614
vt 0.870088 0.147424
vt 0.870088 0.147233
vt 0.870088 0.147041
vt 0.868024 0.147614
vt 0.868024 0.147424
vt 0.868024 0.147233
vt 0.868024 0.147041
vt 0.865959 0.147614
vt 0.865959 0.147424
vt 0.865959 0.147233
vt 0.865959 0.147041
vt 0.863895 0.147614
vt 0.863895 0.147424
vt 0.863895 0.147233
vt 0.863895 0.147041
vt 0.861830 0.147614
vt 0.861830 0.147424
vt 0.861830 0.147233
vt 0.861830 0.147041
vt 0.845622 0.128919
vt 0.864432 0.128919
vt 0.864432 0.130928
vt 0.845622 0.130928
vt 0.845622 0.124745
vt 0.864432 0.124745
vt 0.864432 0.128828
vt 0.845622 0.128828
vt 0.884476 0.164917
vt 0.884476 0.162970
vt 0.888435 0.162969
vt 0.888436 0.164917
vt 0.845622 0.131018
vt 0.864432 0.131018
vt 0.864432 0.135101
vt 0.845622 0.135101
vt 0.845622 0.135192
vt 0.864432 0.135192
vt 0.864432 0.137201
vt 0.845622 0.137201
vt 0.893558 0.167538
vt 0.893555 0.167579
vt 0.893524 0.167572
vt 0.893517 0.167541
vt 0.893547 0.167623
vt 0.893499 0.167597
vt 0.893474 0.167549
vt 0.888519 0.162959
vt 0.888476 0.162966
vt 0.888470 0.162936
vt 0.888494 0.162911
vt 0.888438 0.162928
vt 0.888446 0.162886
vt 0.893558 0.163579
vt 0.893517 0.163575
vt 0.893524 0.163544
vt 0.893555 0.163537
vt 0.893474 0.163567
vt 0.893499 0.163519
vt 0.893547 0.163494
vt 0.884435 0.162966
vt 0.884442 0.162936
vt 0.884473 0.162928
vt 0.884391 0.162959
vt 0.884417 0.162911
vt 0.884465 0.162886
vt 0.895506 0.167538
vt 0.895547 0.167541
vt 0.895540 0.167572
vt 0.895509 0.167579
vt 0.895590 0.167549
vt 0.895565 0.167597
vt 0.895517 0.167622
vt 0.888477 0.164920
vt 0.888470 0.164951
vt 0.888439 0.164958
vt 0.888520 0.164928
vt 0.888495 0.164977
vt 0.888447 0.165001
vt 0.895506 0.163579
vt 0.895509 0.163538
vt 0.895540 0.163545
vt 0.895547 0.163576
vt 0.895517 0.163495
vt 0.895565 0.163520
vt 0.895589 0.163568
vt 0.884473 0.164958
vt 0.884442 0.164952
vt 0.884435 0.164921
vt 0.884465 0.165001
vt 0.884417 0.164977
vt 0.884392 0.164928
vt 0.864432 0.130973
vt 0.845622 0.130973
vt 0.845622 0.135146
vt 0.864432 0.135146
vt 0.845622 0.124700
vt 0.864432 0.124700
vt 0.864432 0.137246
vt 0.845622 0.137246
vt 0.845622 0.128874
vt 0.864432 0.128874
vt 0.826377 0.137024
vt 0.826377 0.135045
vt 0.844900 0.135045
vt 0.844900 0.137024
vt 0.826376 0.141134
vt 0.826377 0.137113
vt 0.844900 0.137113
vt 0.844900 0.141134
vt 0.890473 0.167443
vt 0.890473 0.163485
vt 0.892420 0.163485
vt 0.892420 0.167443
vt 0.826377 0.134956
vt 0.826377 0.130936
vt 0.844900 0.130936
vt 0.844900 0.134956
vt 0.826376 0.143201
vt 0.826376 0.141223
vt 0.844900 0.141223
vt 0.844900 0.143201
vt 0.884457 0.167420
vt 0.884453 0.167461
vt 0.884422 0.167454
vt 0.884416 0.167422
vt 0.884372 0.167430
vt 0.884397 0.167478
vt 0.884445 0.167504
vt 0.892431 0.163401
vt 0.892479 0.163426
vt 0.892454 0.163451
vt 0.892423 0.163444
vt 0.892461 0.163482
vt 0.892504 0.163474
vt 0.888415 0.167420
vt 0.888456 0.167422
vt 0.888449 0.167454
vt 0.888418 0.167461
vt 0.888426 0.167504
vt 0.888474 0.167478
vt 0.888499 0.167430
vt 0.892461 0.167446
vt 0.892454 0.167477
vt 0.892423 0.167483
vt 0.892431 0.167527
vt 0.892479 0.167501
vt 0.892504 0.167453
vt 0.884457 0.165472
vt 0.884416 0.165469
vt 0.884423 0.165438
vt 0.884454 0.165431
vt 0.884446 0.165389
vt 0.884398 0.165413
vt 0.884373 0.165461
vt 0.890432 0.163482
vt 0.890439 0.163451
vt 0.890470 0.163444
vt 0.890463 0.163401
vt 0.890414 0.163426
vt 0.890389 0.163474
vt 0.888415 0.165472
vt 0.888418 0.165431
vt 0.888449 0.165438
vt 0.888456 0.165469
vt 0.888499 0.165461
vt 0.888473 0.165413
vt 0.888426 0.165389
vt 0.890470 0.167484
vt 0.890439 0.167477
vt 0.890432 0.167446
vt 0.890389 0.167454
vt 0.890414 0.167502
vt 0.890463 0.167527
vt 0.826376 0.135001
vt 0.844900 0.135001
vt 0.844900 0.143246
vt 0.826376 0.143246
vt 0.844900 0.130891
vt 0.826377 0.130891
vt 0.844900 0.141178
vt 0.826376 0.141178
vt 0.844900 0.137068
vt 0.826377 0.137068
s 1
usemtl Television
f 230/1/1 8/2/2 10/3/3 9/4/4
f 8/2/2 12/5/5 13/6/6 10/3/3
f 6/7/7 11/8/8 13/6/6 12/5/5
f 11/8/8 15/9/9 16/10/10 13/6/6
f 7/11/11 14/12/12 16/10/10 15/9/9
f 14/12/12 9/4/4 10/3/3 16/10/10
f 10/3/3 13/6/6 16/10/10
f 17/13/13 20/14/14 22/15/15 21/16/16
f 20/14/14 24/17/17 25/18/18 22/15/15
f 18/19/19 23/20/20 25/18/18 24/17/17
f 23/20/20 27/21/21 28/22/22 25/18/18
f 19/23/23 26/24/24 28/22/22 27/21/21
f 26/24/24 21/16/16 22/15/15 28/22/22
f 22/15/15 25/18/18 28/22/22
f 229/25/25 32/26/26 34/27/27 33/28/28
f 32/26/26 36/29/29 37/30/30 34/27/27
f 30/31/31 35/32/32 37/30/30 36/29/29
f 35/32/32 39/33/33 40/34/34 37/30/30
f 31/35/35 38/36/36 40/34/34 39/33/33
f 38/36/36 33/28/28 34/27/27 40/34/34
f 34/27/27 37/30/30 40/34/34
f 41/37/37 44/38/38 46/39/39 45/40/40
f 44/38/38 48/41/41 49/42/42 46/39/39
f 42/43/43 47/44/44 49/42/42 48/41/41
f 47/44/44 51/45/45 52/46/46 49/42/42
f 43/47/47 50/48/48 52/46/46 51/45/45
f 50/48/48 45/40/40 46/39/39 52/46/46
f 46/39/39 49/42/42 52/46/46
f 232/49/49 56/50/50 58/51/51 57/52/52
f 56/50/50 60/53/53 61/54/54 58/51/51
f 54/55/55 59/56/56 61/54/54 60/53/53
f 59/56/56 63/57/57 64/58/58 61/54/54
f 55/59/59 62/60/60 64/58/58 63/57/57
f 62/60/60 57/52/52 58/51/51 64/58/58
f 58/51/51 61/54/54 64/58/58
f 65/61/61 68/62/62 70/63/63 69/64/64
f 68/62/62 72/65/65 73/66/66 70/63/63
f 66/67/67 71/68/68 73/66/66 72/65/65
f 71/68/68 75/69/69 76/70/70 73/66/66
f 67/71/71 74/72/72 76/70/70 75/69/69
f 74/72/72 69/64/64 70/63/63 76/70/70
f 70/63/63 73/66/66 76/70/70
f 77/73/73 80/74/74 82/75/75 81/76/76
f 80/74/74 84/77/77 85/78/78 82/75/75
f 78/79/79 83/80/80 85/78/78 84/77/77
f 83/80/80 87/81/81 88/82/82 85/78/78
f 231/83/83 86/84/84 88/82/82 87/81/81
f 86/84/84 81/76/76 82/75/75 88/82/82
f 82/75/75 85/78/78 88/82/82
f 89/85/85 92/86/86 94/87/87 93/88/88
f 92/86/86 96/89/89 97/90/90 94/87/87
f 90/91/91 95/92/92 97/90/90 96/89/89
f 95/92/92 99/93/93 100/94/94 97/90/90
f 91/95/95 98/96/96 100/94/94 99/93/93
f 98/96/96 93/88/88 94/87/87 100/94/94
f 94/87/87 97/90/90 100/94/94
f 101/97/97 104/98/98 106/99/99 105/100/100
f 104/98/98 108/101/101 109/102/102 106/99/99
f 102/103/103 107/104/104 109/102/102 108/101/101
f 107/104/104 111/105/105 112/106/106 109/102/102
f 103/107/107 110/108/108 112/106/106 111/105/105
f 110/108/108 105/100/100 106/99/99 112/106/106
f 106/99/99 109/102/102 112/106/106
f 113/109/109 116/110/110 118/111/111 117/112/112
f 116/110/110 120/113/113 121/114/114 118/111/111
f 114/115/115 119/116/116 121/114/114 120/113/117
f 119/116/116 123/117/118 124/118/119 121/114/114
f 115/119/120 122/120/121 124/118/119 123/117/118
f 122/120/121 117/112/112 118/111/111 124/118/119
f 118/111/111 121/114/114 124/118/119
f 125/121/122 128/122/123 130/123/124 129/124/125
f 128/122/123 132/125/126 133/126/127 130/123/124
f 126/127/128 131/128/129 133/126/127 132/125/130
f 131/128/129 135/129/131 136/130/132 133/126/127
f 127/131/133 134/132/134 136/130/132 135/129/131
f 134/132/134 129/124/125 130/123/124 136/130/132
f 130/123/124 133/126/127 136/130/132
f 137/133/135 140/134/136 142/135/137 141/136/138
f 140/134/136 144/137/139 145/138/140 142/135/137
f 138/139/141 143/140/142 145/138/140 144/137/139
f 143/140/142 147/141/143 148/142/144 145/138/140
f 139/143/145 146/144/146 148/142/144 147/141/143
f 146/144/146 141/136/138 142/135/137 148/142/144
f 142/135/137 145/138/140 148/142/144
f 229/145/25 230/146/1 9/147/4 32/148/26
f 32/148/26 9/147/4 14/149/12 36/150/29
f 36/150/29 14/149/12 7/151/11 30/152/31
f 6/7/7 17/13/13 21/16/16 11/8/8
f 11/8/8 21/16/16 26/24/24 15/9/9
f 15/9/9 26/24/24 19/23/23 7/11/11
f 18/153/19 41/154/37 45/155/40 23/156/20
f 23/156/20 45/155/40 50/157/48 27/158/21
f 27/158/21 50/157/48 43/159/47 19/160/23
f 42/43/43 31/35/35 39/33/33 47/44/44
f 47/44/44 39/33/33 35/32/32 51/45/45
f 51/45/45 35/32/32 30/31/31 43/47/47
f 231/83/83 229/25/25 33/28/28 86/84/84
f 86/84/84 33/28/28 38/36/36 81/76/76
f 81/76/76 38/36/36 31/35/35 77/73/73
f 91/95/95 78/79/79 84/77/77 98/96/96
f 98/96/96 84/77/77 80/74/74 93/88/88
f 93/88/88 80/74/74 77/73/73 89/85/85
f 232/161/49 231/162/83 87/163/81 56/164/50
f 56/164/50 87/163/81 83/165/80 60/166/53
f 60/166/53 83/165/80 78/167/79 54/168/55
f 90/169/91 65/170/61 69/171/64 95/172/92
f 95/172/92 69/171/64 74/173/72 99/174/93
f 99/174/93 74/173/72 67/175/71 91/176/95
f 66/67/67 55/59/59 63/57/57 71/68/68
f 71/68/68 63/57/57 59/56/56 75/69/69
f 75/69/69 59/56/56 54/55/55 67/71/71
f 230/1/1 232/49/49 57/52/52 8/2/2
f 8/2/2 57/52/52 62/60/60 12/5/5
f 12/5/5 62/60/60 55/59/59 6/7/7
f 101/177/97 113/178/109 117/179/112 104/180/98
f 104/180/98 117/179/112 122/181/121 108/182/101
f 108/182/101 122/181/121 115/183/120 102/184/103
f 137/185/135 125/186/122 129/187/125 140/188/136
f 140/188/136 129/187/125 134/189/134 144/190/139
f 144/190/139 134/189/134 127/191/133 138/192/141
f 17/13/13 103/107/107 111/105/105 20/14/14
f 20/14/14 111/105/105 107/104/104 24/17/17
f 24/17/17 107/104/104 102/103/103 18/19/19
f 41/37/37 115/119/120 123/117/118 44/38/38
f 44/38/38 123/117/118 119/116/116 48/41/41
f 48/41/41 119/116/116 114/115/115 42/43/43
f 65/61/61 127/131/133 135/129/131 68/62/62
f 68/62/62 135/129/131 131/128/129 72/65/65
f 72/65/65 131/128/129 126/127/128 66/67/67
f 89/85/85 139/143/145 147/141/143 92/86/86
f 92/86/86 147/141/143 143/140/142 96/89/89
f 96/89/89 143/140/142 138/139/141 90/91/91
f 150/193/147 157/194/148 159/195/149 152/196/150
f 152/196/150 159/195/149 160/197/151 151/198/152
f 151/198/152 160/197/151 158/199/153 149/200/154
f 157/194/148 161/201/155 163/202/156 159/195/149
f 159/195/149 163/202/156 164/203/157 160/197/151
f 160/197/151 164/203/157 162/204/158 158/199/153
f 161/201/155 165/205/159 167/206/160 163/202/156
f 163/202/156 167/206/160 168/207/161 164/203/157
f 164/203/157 168/207/161 166/208/162 162/204/158
f 165/205/159 153/209/163 155/210/164 167/206/160
f 167/206/160 155/210/164 156/211/165 168/207/161
f 168/207/161 156/211/165 154/212/166 166/208/162
f 170/213/167 177/214/168 179/215/169 172/216/170
f 172/216/170 179/215/169 180/217/171 171/218/172
f 171/218/172 180/217/171 178/219/173 169/220/174
f 177/214/168 181/221/175 183/222/176 179/215/169
f 179/215/169 183/222/176 184/223/177 180/217/171
f 180/217/171 184/223/177 182/224/178 178/219/173
f 181/221/175 185/225/179 187/226/180 183/222/176
f 183/222/176 187/226/180 188/227/181 184/223/177
f 184/223/177 188/227/181 186/228/182 182/224/178
f 185/225/179 173/229/183 175/230/184 187/226/180
f 187/226/180 175/230/184 176/231/185 188/227/181
f 188/227/181 176/231/185 174/232/186 186/228/182
f 190/233/187 197/234/188 199/235/189 192/236/190
f 192/236/190 199/235/189 200/237/191 191/238/192
f 191/238/192 200/237/191 198/239/193 189/240/194
f 197/234/188 201/241/195 203/242/196 199/235/189
f 199/235/189 203/242/196 204/243/197 200/237/191
f 200/237/191 204/243/197 202/244/198 198/239/193
f 201/241/195 205/245/199 207/246/200 203/242/196
f 203/242/196 207/246/200 208/247/201 204/243/197
f 204/243/197 208/247/201 206/248/202 202/244/198
f 205/245/199 193/249/203 195/250/204 207/246/200
f 207/246/200 195/250/204 196/251/205 208/247/201
f 208/247/201 196/251/205 194/252/206 206/248/202
f 210/253/207 217/254/208 219/255/209 212/256/210
f 212/256/210 219/255/209 220/257/211 211/258/212
f 211/258/212 220/257/211 218/259/213 209/260/214
f 217/254/208 221/261/215 223/262/216 219/255/209
f 219/255/209 223/262/216 224/263/217 220/257/211
f 220/257/211 224/263/217 222/264/218 218/259/213
f 221/261/215 225/265/219 227/266/220 223/262/216
f 223/262/216 227/266/220 228/267/221 224/263/217
f 224/263/217 228/267/221 226/268/222 222/264/218
f 225/265/219 213/269/223 215/270/224 227/266/220
f 227/266/220 215/270/224 216/271/225 228/267/221
f 228/267/221 216/271/225 214/272/226 226/268/222
f 209/260/214 174/232/186 176/231/185 211/258/212
f 211/258/212 176/231/185 175/230/184 212/256/210
f 212/256/210 175/230/184 173/229/183 210/253/207
f 149/200/154 194/252/206 196/251/205 151/198/152
f 151/198/152 196/251/205 195/250/204 152/196/150
f 152/196/150 195/250/204 193/249/203 150/193/147
f 103/107/107 154/212/166 156/211/165 110/108/108
f 110/108/108 156/211/165 155/210/164 105/100/100
f 105/100/100 155/210/164 153/209/163 101/97/97
f 169/220/174 114/115/115 120/113/117 171/218/172
f 171/218/172 120/113/113 116/110/110 172/216/170
f 172/216/170 116/110/110 113/109/109 170/213/167
f 139/143/145 214/272/226 216/271/225 146/144/146
f 146/144/146 216/271/225 215/270/224 141/136/138
f 141/136/138 215/270/224 213/269/223 137/133/135
f 189/240/194 126/127/128 132/125/130 191/238/192
f 191/238/192 132/125/126 128/122/123 192/236/190
f 192/236/190 128/122/123 125/121/122 190/233/187
f 79/273/227 53/274/227 236/275/227 235/276/227
f 7/277/11 19/160/23 43/159/47 30/278/31
f 6/7/7 55/59/59 3/279/228 194/252/206 149/200/154 1/280/228
f 17/13/13 6/7/7 1/280/228 154/212/166 103/107/107
f 41/154/37 18/153/19 102/184/103 115/183/120
f 77/73/73 31/35/35 2/281/229 174/232/186 209/260/214 4/282/229
f 31/35/35 42/43/43 114/115/115 169/220/174 2/281/229
f 78/283/79 91/176/95 67/175/71 54/284/55
f 55/59/59 66/67/67 126/127/128 189/240/194 3/279/228
f 65/170/61 90/169/91 138/192/141 127/191/133
f 89/85/85 77/73/73 4/282/229 214/272/226 139/143/145
f 153/285/163 170/286/167 113/287/109 101/288/97
f 213/289/223 190/290/187 125/291/122 137/292/135
f 149/200/154 158/199/153 1/280/228
f 185/293/179 157/294/148 150/295/147 173/296/183
f 173/296/183 150/295/147 193/297/203 210/298/207
f 170/299/167 153/300/163 165/301/159 177/302/168
f 166/208/162 154/212/166 1/280/228
f 158/199/153 162/204/158 1/280/228
f 181/303/175 161/304/155 157/294/148 185/293/179
f 162/204/158 166/208/162 1/280/228
f 177/302/168 165/301/159 161/304/155 181/303/175
f 169/220/174 178/219/173 2/281/229
f 186/228/182 174/232/186 2/281/229
f 178/219/173 182/224/178 2/281/229
f 182/224/178 186/228/182 2/281/229
f 189/240/194 198/239/193 3/279/228
f 190/305/187 213/306/223 225/307/219 197/308/188
f 205/309/199 217/310/208 210/298/207 193/297/203
f 206/248/202 194/252/206 3/279/228
f 198/239/193 202/244/198 3/279/228
f 197/308/188 225/307/219 221/311/215 201/312/195
f 202/244/198 206/248/202 3/279/228
f 201/312/195 221/311/215 217/310/208 205/309/199
f 209/260/214 218/259/213 4/282/229
f 226/268/222 214/272/226 4/282/229
f 218/259/213 222/264/218 4/282/229
f 222/264/218 226/268/222 4/282/229
f 29/313/230 5/314/230 230/146/1 229/145/25
f 79/315/230 29/313/230 229/145/25 231/162/83
f 53/316/230 79/315/230 231/162/83 232/161/49
f 5/314/230 53/316/230 232/161/49 230/146/1
f 233/317/230 235/276/230 236/275/230 234/318/230
f 5/319/231 29/320/231 233/317/231 234/318/231
f 53/321/228 5/322/228 234/318/228 236/275/228
f 29/323/229 79/324/229 235/276/229 233/317/229
f 424/325/232 460/326/233 388/327/234 343/328/235
f 432/329/236 444/330/237 368/331/238 353/332/239
f 495/333/240 492/334/241 267/335/242 272/336/243
f 607/337/244 599/338/245 247/338/246 249/337/247
f 604/339/248 619/340/249 252/340/250 248/339/251
f 639/341/252 583/342/253 243/342/254 257/341/255
f 647/343/256 652/344/257 260/344/258 259/343/259
f 624/345/260 611/346/261 250/346/262 253/345/263
f 572/347/264 628/348/265 254/348/266 240/347/267
f 567/349/268 572/347/264 240/347/267 239/349/269
f 616/350/270 660/351/271 262/351/272 251/350/273
f 635/352/274 632/353/275 255/353/276 256/352/277
f 628/348/265 624/345/260 253/345/263 254/348/266
f 431/354/278 640/355/279 643/356/280 443/357/228
f 580/358/281 592/359/282 245/359/283 242/358/284
f 660/351/271 655/360/285 261/360/286 262/351/272
f 592/359/282 576/361/287 241/361/288 245/359/283
f 611/346/261 607/337/244 249/337/247 250/346/262
f 576/361/287 595/362/289 246/362/290 241/361/288
f 239/363/291 240/364/291 667/365/292 664/366/293
f 652/344/257 635/352/274 256/352/277 260/344/258
f 655/360/285 647/343/256 259/343/259 261/360/286
f 588/367/294 580/358/281 242/358/284 244/367/295
f 619/340/249 616/350/270 251/350/273 252/340/250
f 632/353/275 644/368/296 258/368/297 255/353/276
f 587/369/298 584/370/299 535/371/291 487/372/228
f 599/338/245 604/339/248 248/339/251 247/338/246
f 756/373/300 792/374/301 781/375/302 712/376/303
f 715/377/304 782/378/305 778/379/306 700/380/307
f 707/381/308 780/382/309 783/383/310 720/384/311
f 676/385/312 773/386/313 774/387/314 684/388/315
f 672/389/316 772/390/317 775/391/318 687/392/319
f 241/393/320 246/394/321 692/395/322 671/396/323
f 684/388/315 774/397/314 809/398/324 679/399/325
f 748/400/326 790/401/327 789/402/328 743/403/329
f 703/404/330 779/405/331 780/382/309 707/381/308
f 244/406/320 242/407/320 675/408/332 683/409/333
f 712/410/303 781/411/302 782/378/305 715/377/304
f 751/412/334 791/413/335 792/374/301 756/373/300
f 731/414/336 786/415/337 790/401/327 748/400/326
f 735/416/338 787/417/339 788/418/340 740/419/341
f 700/380/307 778/379/306 777/420/342 695/421/343
f 720/422/311 783/423/310 784/424/344 724/425/345
f 250/426/346 249/427/347 704/428/348 708/429/349
f 663/430/350 770/431/351 776/432/352 691/433/353
f 258/434/354 257/435/347 736/436/355 739/437/356
f 724/425/345 784/424/344 771/438/357 668/439/358
f 743/403/329 789/402/328 791/413/335 751/412/334
f 252/440/320 251/441/320 711/442/359 716/443/360
f 254/444/361 253/445/361 719/446/362 723/447/363
f 261/448/228 259/449/228 744/450/364 752/451/365
f 728/452/366 785/453/367 786/454/337 731/455/336
f 262/456/291 261/448/228 752/451/365 755/457/368
f 691/433/353 776/432/352 772/390/317 672/389/316
f 243/458/347 244/406/320 683/409/333 680/459/369
f 679/399/325 809/398/324 787/417/339 735/416/338
f 245/460/320 241/393/320 671/396/323 688/461/370
f 251/441/320 262/456/291 755/457/368 711/442/359
f 255/462/361 258/434/354 739/437/356 727/463/371
f 242/407/320 245/460/320 688/461/370 675/408/332
f 687/392/319 775/391/318 773/464/313 676/465/312
f 249/427/347 247/466/347 696/467/372 704/428/348
f 695/421/343 777/420/342 779/405/331 703/404/330
f 257/435/347 243/458/347 680/459/369 736/436/355
f 259/449/228 260/468/291 747/469/373 744/450/364
f 247/466/347 248/470/320 699/471/374 696/467/372
f 256/472/361 255/462/361 727/463/371 732/473/375
f 240/364/291 254/444/361 723/447/363 667/365/292
f 253/445/361 250/426/346 708/429/349 719/446/362
f 248/470/320 252/440/320 716/443/360 699/471/374
f 246/394/321 239/363/291 664/366/293 692/395/322
f 260/468/291 256/472/361 732/473/375 747/469/373
f 563/474/376 527/475/377 304/476/378 339/477/379
f 520/478/380 512/479/381 287/480/382 295/481/383
f 536/482/384 532/483/385 307/484/386 312/485/387
f 488/486/388 536/482/384 312/485/387 263/487/389
f 552/488/390 560/489/391 336/490/392 327/491/393
f 512/479/381 552/492/390 327/493/393 287/480/382
f 507/494/394 504/495/395 279/496/396 283/497/397
f 524/498/398 515/499/399 292/500/400 300/501/401
f 540/502/402 544/503/403 319/504/404 315/505/405
f 504/506/395 524/498/398 300/501/401 279/507/396
f 544/508/403 548/509/406 324/510/407 319/511/404
f 548/509/406 563/474/376 339/477/379 324/510/407
f 556/512/408 495/333/240 272/336/243 331/513/409
f 532/483/385 540/502/402 315/505/405 307/484/386
f 492/334/241 499/514/410 276/515/411 267/335/242
f 527/475/377 507/494/394 283/497/397 304/476/378
f 560/489/391 556/512/408 331/513/409 336/490/392
f 515/499/399 520/478/380 295/481/383 292/500/400
f 583/342/253 588/367/294 244/367/295 243/342/254
f 268/516/412 271/517/413 273/518/414 270/519/415
f 270/519/415 273/518/414 274/520/416 269/521/417
f 269/521/417 274/520/416 272/336/243 267/335/242
f 292/500/400 295/481/383 297/522/418 294/523/419
f 294/523/419 297/522/418 298/524/420 293/525/421
f 293/525/421 298/524/420 296/526/422 291/527/423
f 291/527/423 299/528/424 301/529/425 293/525/421
f 293/525/421 301/529/425 302/530/426 294/523/419
f 294/523/419 302/530/426 300/501/401 292/500/400
f 284/531/427 303/532/428 305/533/429 286/534/430
f 286/534/430 305/533/429 306/535/431 285/536/432
f 285/536/432 306/535/431 304/476/378 283/497/397
f 308/537/433 311/538/434 313/539/435 310/540/436
f 310/540/436 313/539/435 314/541/437 309/542/438
f 309/542/438 314/541/437 312/485/387 307/484/386
f 307/484/386 315/505/405 317/543/439 309/542/438
f 309/542/438 317/543/439 318/544/440 310/540/436
f 310/540/436 318/544/440 316/545/441 308/537/433
f 315/505/405 319/504/404 321/546/442 317/543/439
f 317/543/439 321/546/442 322/547/443 318/544/440
f 318/544/440 322/547/443 320/548/444 316/545/441
f 332/549/445 335/550/446 337/551/447 334/552/448
f 334/552/448 337/551/447 338/553/449 333/554/450
f 333/554/450 338/553/449 336/490/392 331/513/409
f 324/510/407 339/477/379 341/555/451 326/556/452
f 326/556/452 341/555/451 342/557/453 325/558/454
f 325/558/454 342/557/453 340/559/455 323/560/456
f 264/561/457 275/562/458 277/563/459 266/564/460
f 266/564/460 277/563/459 278/565/461 265/566/462
f 265/566/462 278/565/461 276/567/411 263/487/389
f 267/335/242 276/515/411 278/568/461 269/521/417
f 269/521/417 278/568/461 277/569/459 270/519/415
f 270/519/415 277/569/459 275/570/458 268/516/412
f 280/571/463 284/531/427 286/534/430 282/572/464
f 282/572/464 286/534/430 285/536/432 281/573/465
f 281/573/465 285/536/432 283/497/397 279/496/396
f 288/574/466 296/526/422 298/524/420 290/575/467
f 290/575/467 298/524/420 297/522/418 289/576/468
f 289/576/468 297/522/418 295/481/383 287/480/382
f 279/507/396 300/501/401 302/530/426 281/577/465
f 281/577/465 302/530/426 301/529/425 282/578/464
f 282/578/464 301/529/425 299/528/424 280/579/463
f 319/511/404 324/510/407 326/556/452 321/580/442
f 321/580/442 326/556/452 325/558/454 322/581/443
f 322/581/443 325/558/454 323/560/456 320/582/444
f 287/480/382 327/493/393 329/583/469 289/576/468
f 289/576/468 329/583/469 330/584/470 290/575/467
f 290/575/467 330/584/470 328/585/471 288/574/466
f 271/517/413 332/549/445 334/552/448 273/518/414
f 273/518/414 334/552/448 333/554/450 274/520/416
f 274/520/416 333/554/450 331/513/409 272/336/243
f 327/491/393 336/490/392 338/553/449 329/586/469
f 329/586/469 338/553/449 337/551/447 330/587/470
f 330/587/470 337/551/447 335/550/446 328/588/471
f 303/532/428 340/559/455 342/557/453 305/533/429
f 305/533/429 342/557/453 341/555/451 306/535/431
f 306/535/431 341/555/451 339/477/379 304/476/378
f 263/487/389 312/485/387 314/541/437 265/566/462
f 265/566/462 314/541/437 313/539/435 266/564/460
f 266/564/460 313/539/435 311/538/434 264/561/457
f 644/368/296 639/341/252 257/341/255 258/368/297
f 479/589/472 475/590/473 409/591/474 414/592/475
f 484/593/476 479/594/472 414/595/475 418/596/477
f 455/597/478 452/598/479 378/599/480 384/600/481
f 468/601/482 463/602/483 394/603/484 398/604/485
f 499/605/410 488/486/388 263/487/389 276/567/411
f 452/598/479 447/606/486 374/607/487 378/599/480
f 463/602/483 484/593/476 418/596/477 394/603/484
f 439/608/488 436/609/489 358/610/490 364/611/491
f 436/609/489 432/329/236 353/332/239 358/610/490
f 460/326/233 471/612/492 404/613/493 388/327/234
f 471/614/492 468/601/482 398/604/485 404/615/493
f 447/606/486 439/616/488 364/617/491 374/607/487
f 475/590/473 455/597/478 384/600/481 409/591/474
f 444/330/237 427/618/494 349/619/495 368/331/238
f 359/620/496 363/621/497 365/622/498 362/623/499
f 362/623/499 365/622/498 366/624/500 361/625/501
f 361/625/501 366/624/500 367/626/502 360/627/503
f 360/627/503 367/626/502 364/611/491 358/610/490
f 379/628/504 383/629/505 385/630/506 382/631/507
f 382/631/507 385/630/506 386/632/508 381/633/509
f 381/633/509 386/632/508 387/634/510 380/635/511
f 380/635/511 387/634/510 384/600/481 378/599/480
f 399/636/512 403/637/513 405/638/514 402/639/515
f 402/639/515 405/638/514 406/640/516 401/641/517
f 401/641/517 406/640/516 407/642/518 400/643/519
f 400/643/519 407/642/518 404/615/493 398/604/485
f 344/644/520 348/645/521 350/646/522 347/647/523
f 347/647/523 350/646/522 351/648/524 346/649/525
f 346/649/525 351/648/524 352/650/526 345/651/527
f 345/651/527 352/650/526 349/652/495 343/328/235
f 363/653/497 373/654/528 375/655/529 365/656/498
f 365/656/498 375/655/529 376/657/530 366/658/500
f 366/658/500 376/657/530 377/659/531 367/660/502
f 367/660/502 377/659/531 374/607/487 364/617/491
f 343/328/235 388/327/234 390/661/532 345/651/527
f 345/651/527 390/661/532 391/662/533 346/649/525
f 346/649/525 391/662/533 392/663/534 347/647/523
f 347/647/523 392/663/534 389/664/535 344/644/520
f 383/629/505 408/665/536 410/666/537 385/630/506
f 385/630/506 410/666/537 411/667/538 386/632/508
f 386/632/508 411/667/538 412/668/539 387/634/510
f 387/634/510 412/668/539 409/591/474 384/600/481
f 394/603/484 418/596/477 420/669/540 397/670/541
f 397/670/541 420/669/540 421/671/542 396/672/543
f 396/672/543 421/671/542 422/673/544 395/674/545
f 395/674/545 422/673/544 419/675/546 393/676/547
f 388/327/234 404/613/493 407/677/518 390/661/532
f 390/661/532 407/677/518 406/678/516 391/662/533
f 391/662/533 406/678/516 405/679/514 392/663/534
f 392/663/534 405/679/514 403/680/513 389/664/535
f 408/665/536 413/681/548 415/682/549 410/666/537
f 410/666/537 415/682/549 416/683/550 411/667/538
f 411/667/538 416/683/550 417/684/551 412/668/539
f 412/668/539 417/684/551 414/592/475 409/591/474
f 354/685/552 359/620/496 362/623/499 357/686/553
f 357/686/553 362/623/499 361/625/501 356/687/554
f 356/687/554 361/625/501 360/627/503 355/688/555
f 355/688/555 360/627/503 358/610/490 353/332/239
f 353/332/239 368/331/238 370/689/556 355/688/555
f 355/688/555 370/689/556 371/690/557 356/687/554
f 356/687/554 371/690/557 372/691/558 357/686/553
f 357/686/553 372/691/558 369/692/559 354/685/552
f 373/654/528 379/628/504 382/631/507 375/655/529
f 375/655/529 382/631/507 381/633/509 376/657/530
f 376/657/530 381/633/509 380/635/511 377/659/531
f 377/659/531 380/635/511 378/599/480 374/607/487
f 393/676/547 399/636/512 402/639/515 395/674/545
f 395/674/545 402/639/515 401/641/517 396/672/543
f 396/672/543 401/641/517 400/643/519 397/670/541
f 397/670/541 400/643/519 398/604/485 394/603/484
f 413/693/548 419/675/546 422/673/544 415/694/549
f 415/694/549 422/673/544 421/671/542 416/695/550
f 416/695/550 421/671/542 420/669/540 417/696/551
f 417/696/551 420/669/540 418/596/477 414/595/475
f 368/331/238 349/619/495 352/697/526 370/689/556
f 370/689/556 352/697/526 351/698/524 371/690/557
f 371/690/557 351/698/524 350/699/522 372/691/558
f 372/691/558 350/699/522 348/700/521 369/692/559
f 436/701/489 439/702/488 441/703/560 438/704/561
f 438/704/561 441/703/560 442/705/562 437/706/563
f 437/706/563 442/705/562 440/707/564 435/708/565
f 452/709/479 455/710/478 457/711/566 454/712/567
f 454/712/567 457/711/566 458/713/568 453/714/569
f 453/714/569 458/713/568 456/715/570 451/716/571
f 468/717/482 471/718/492 473/719/572 470/720/573
f 470/720/573 473/719/572 474/721/574 469/722/575
f 469/722/575 474/721/574 472/723/228 467/724/576
f 424/725/232 427/726/494 429/727/577 426/728/578
f 426/728/578 429/727/577 430/729/579 425/730/580
f 425/730/580 430/729/579 428/731/581 423/732/582
f 439/702/488 447/733/486 449/734/583 441/703/560
f 441/703/560 449/734/583 450/735/584 442/705/562
f 442/705/562 450/735/584 448/736/585 440/707/564
f 423/732/582 459/737/586 461/738/587 425/730/580
f 425/730/580 461/738/587 462/739/588 426/728/578
f 426/728/578 462/739/588 460/740/233 424/725/232
f 455/710/478 475/741/473 477/742/589 457/711/566
f 457/711/566 477/742/589 478/743/590 458/713/568
f 458/713/568 478/743/590 476/744/591 456/715/570
f 464/745/592 483/746/593 485/747/594 466/748/595
f 466/748/595 485/747/594 486/749/596 465/750/597
f 465/750/597 486/749/596 484/751/476 463/752/483
f 459/737/586 472/723/228 474/721/574 461/738/587
f 461/738/587 474/721/574 473/719/572 462/739/588
f 462/739/588 473/719/572 471/718/492 460/740/233
f 475/741/473 479/753/472 481/754/598 477/742/589
f 477/742/589 481/754/598 482/755/599 478/743/590
f 478/743/590 482/755/599 480/756/600 476/744/591
f 432/757/236 436/701/489 438/704/561 434/758/601
f 434/758/601 438/704/561 437/706/563 433/759/602
f 433/759/602 437/706/563 435/708/565 431/354/278
f 431/354/278 443/357/228 445/760/603 433/759/602
f 433/759/602 445/760/603 446/761/604 434/758/601
f 434/758/601 446/761/604 444/762/237 432/757/236
f 447/733/486 452/709/479 454/712/567 449/734/583
f 449/734/583 454/712/567 453/714/569 450/735/584
f 450/735/584 453/714/569 451/716/571 448/736/585
f 463/752/483 468/717/482 470/720/573 465/750/597
f 465/750/597 470/720/573 469/722/575 466/748/595
f 466/748/595 469/722/575 467/724/576 464/745/592
f 479/753/472 484/751/476 486/749/596 481/754/598
f 481/754/598 486/749/596 485/747/594 482/755/599
f 482/755/599 485/747/594 483/746/593 480/756/600
f 443/357/228 428/731/581 430/729/579 445/760/603
f 445/760/603 430/729/579 429/727/577 446/761/604
f 446/761/604 429/727/577 427/726/494 444/762/237
f 427/763/494 424/325/232 343/328/235 349/652/495
f 488/764/388 499/765/410 501/766/605 490/767/606
f 490/767/606 501/766/605 502/768/607 489/769/608
f 489/769/608 502/768/607 500/770/609 487/372/228
f 504/771/395 507/772/394 509/773/610 506/774/611
f 506/774/611 509/773/610 510/775/612 505/776/613
f 505/776/613 510/775/612 508/777/321 503/778/228
f 503/778/228 523/779/228 525/780/614 505/776/613
f 505/776/613 525/780/614 526/781/615 506/774/611
f 506/774/611 526/781/615 524/782/398 504/771/395
f 551/783/228 559/784/228 561/785/616 553/786/617
f 553/786/617 561/785/616 562/787/618 554/788/619
f 554/788/619 562/787/618 560/789/391 552/790/390
f 487/372/228 535/371/291 537/791/620 489/769/608
f 489/769/608 537/791/620 538/792/621 490/767/606
f 490/767/606 538/792/621 536/793/384 488/764/388
f 492/794/241 495/795/240 497/796/622 494/797/623
f 494/797/623 497/796/622 498/798/624 493/799/625
f 493/799/625 498/798/624 496/800/626 491/801/361
f 491/801/361 500/770/609 502/768/607 493/799/625
f 493/799/625 502/768/607 501/766/605 494/797/623
f 494/797/623 501/766/605 499/765/410 492/794/241
f 507/772/394 527/802/377 529/803/627 509/773/610
f 509/773/610 529/803/627 530/804/628 510/775/612
f 510/775/612 530/804/628 528/805/629 508/777/321
f 539/806/228 543/807/600 545/808/630 541/809/631
f 541/809/631 545/808/630 546/810/632 542/811/633
f 542/811/633 546/810/632 544/812/403 540/813/402
f 556/814/408 560/789/391 562/787/618 558/815/634
f 558/815/634 562/787/618 561/785/616 557/816/635
f 557/816/635 561/785/616 559/784/228 555/817/609
f 512/818/381 520/819/380 522/820/636 514/821/637
f 514/821/637 522/820/636 521/822/638 513/823/639
f 513/823/639 521/822/638 519/824/600 511/825/228
f 543/807/600 547/826/228 549/827/640 545/808/630
f 545/808/630 549/827/640 550/828/641 546/810/632
f 546/810/632 550/828/641 548/829/406 544/812/403
f 511/825/228 551/783/228 553/786/617 513/823/639
f 513/823/639 553/786/617 554/788/619 514/821/637
f 514/821/637 554/788/619 552/790/390 512/818/381
f 495/795/240 556/814/408 558/815/634 497/796/622
f 497/796/622 558/815/634 557/816/635 498/798/624
f 498/798/624 557/816/635 555/817/609 496/800/626
f 527/802/377 563/830/376 565/831/642 529/803/627
f 529/803/627 565/831/642 566/832/643 530/804/628
f 530/804/628 566/832/643 564/833/321 528/805/629
f 516/834/600 519/824/600 521/822/638 518/835/644
f 518/835/644 521/822/638 522/820/636 517/836/645
f 517/836/645 522/820/636 520/819/380 515/837/399
f 515/837/399 524/782/398 526/781/615 517/836/645
f 517/836/645 526/781/615 525/780/614 518/835/644
f 518/835/644 525/780/614 523/779/228 516/834/600
f 532/838/385 536/793/384 538/792/621 534/839/646
f 534/839/646 538/792/621 537/791/620 533/840/647
f 533/840/647 537/791/620 535/371/291 531/841/347
f 531/841/347 539/806/228 541/809/631 533/840/647
f 533/840/647 541/809/631 542/811/633 534/839/646
f 534/839/646 542/811/633 540/813/402 532/838/385
f 547/826/228 564/833/321 566/832/643 549/827/640
f 549/827/640 566/832/643 565/831/642 550/828/641
f 550/828/641 565/831/642 563/830/376 548/829/406
f 595/362/289 567/349/268 239/349/269 246/362/290
f 568/842/648 571/843/649 573/844/650 570/845/651
f 570/845/652 573/844/653 574/846/654 569/847/655
f 569/847/655 574/846/654 572/347/264 567/349/268
f 584/848/299 587/849/298 589/850/656 586/851/657
f 586/851/657 589/850/656 590/852/658 585/853/659
f 585/853/660 590/852/658 588/367/294 583/342/253
f 567/349/268 595/362/289 597/854/661 569/847/655
f 569/847/655 597/854/661 598/855/662 570/845/652
f 570/845/651 598/855/663 596/856/648 568/842/648
f 600/857/664 603/858/665 605/859/666 602/860/667
f 602/860/668 605/859/669 606/861/670 601/862/671
f 601/862/671 606/861/670 604/339/248 599/338/245
f 599/338/245 607/337/244 609/863/672 601/862/671
f 601/862/671 609/863/672 610/864/673 602/860/668
f 602/860/667 610/864/674 608/865/664 600/857/664
f 616/350/270 619/340/249 621/866/675 618/867/676
f 618/867/676 621/866/675 622/868/677 617/869/678
f 617/869/678 622/868/677 620/870/679 615/871/680
f 632/353/275 635/352/274 637/872/681 634/873/682
f 634/873/682 637/872/681 638/874/683 633/875/684
f 633/875/685 638/874/686 636/876/687 631/877/688
f 583/342/253 639/341/252 641/878/689 585/853/660
f 585/853/659 641/878/690 642/879/691 586/851/657
f 586/851/657 642/879/691 640/880/279 584/848/299
f 631/877/688 643/881/280 645/882/692 633/875/685
f 633/875/684 645/882/692 646/883/693 634/873/682
f 634/873/682 646/883/693 644/368/296 632/353/275
f 648/884/694 651/885/695 653/886/696 650/887/697
f 650/887/698 653/886/699 654/888/700 649/889/701
f 649/889/701 654/888/700 652/344/257 647/343/256
f 647/343/256 655/360/285 657/890/702 649/889/701
f 649/889/701 657/890/702 658/891/703 650/887/698
f 650/887/697 658/891/704 656/892/694 648/884/694
f 615/871/680 659/893/705 661/894/706 617/869/678
f 617/869/678 661/894/707 662/895/708 618/867/676
f 618/867/676 662/895/708 660/351/271 616/350/270
f 664/366/293 667/365/292 669/896/709 666/897/710
f 666/897/710 669/896/709 670/898/711 665/899/712
f 665/899/712 670/898/711 668/900/358 663/901/350
f 680/459/369 683/409/333 685/902/713 682/903/714
f 682/903/714 685/902/713 686/904/715 681/905/716
f 681/905/716 686/904/715 684/906/315 679/907/325
f 663/901/350 691/908/353 693/909/717 665/899/712
f 665/899/712 693/909/717 694/910/718 666/897/710
f 666/897/710 694/910/718 692/395/322 664/366/293
f 696/467/372 699/471/374 701/911/719 698/912/720
f 698/912/720 701/911/719 702/913/721 697/914/722
f 697/914/722 702/913/721 700/915/307 695/916/343
f 695/916/343 703/917/330 705/918/723 697/914/722
f 697/914/722 705/918/723 706/919/724 698/912/720
f 698/912/720 706/919/724 704/428/348 696/467/372
f 712/920/303 715/921/304 717/922/725 714/923/726
f 714/923/726 717/922/725 718/924/727 713/925/728
f 713/925/728 718/924/727 716/443/360 711/442/359
f 728/926/366 731/927/336 733/928/729 730/929/730
f 730/929/730 733/928/729 734/930/731 729/931/732
f 729/931/732 734/930/731 732/473/375 727/463/371
f 679/907/325 735/932/338 737/933/733 681/905/716
f 681/905/716 737/933/733 738/934/734 682/903/714
f 682/903/714 738/934/734 736/436/355 680/459/369
f 727/463/371 739/437/356 741/935/735 729/931/732
f 729/931/732 741/935/735 742/936/736 730/929/730
f 730/929/730 742/936/736 740/937/341 728/926/366
f 744/450/364 747/469/373 749/938/737 746/939/738
f 746/939/738 749/938/737 750/940/739 745/941/740
f 745/941/740 750/940/739 748/942/326 743/943/329
f 743/943/329 751/944/334 753/945/741 745/941/740
f 745/941/740 753/945/741 754/946/742 746/939/738
f 746/939/738 754/946/742 752/451/365 744/450/364
f 711/442/359 755/457/368 757/947/743 713/925/728
f 713/925/728 757/947/743 758/948/744 714/923/726
f 714/923/726 758/948/744 756/949/300 712/920/303
f 731/927/336 748/942/326 750/940/739 733/928/729
f 733/928/729 750/940/739 749/938/737 734/930/731
f 734/930/731 749/938/737 747/469/373 732/473/375
f 672/950/316 687/951/319 689/952/745 674/953/746
f 674/953/746 689/952/745 690/954/747 673/955/748
f 673/955/748 690/954/747 688/461/370 671/396/323
f 699/471/374 716/443/360 718/924/727 701/911/719
f 701/911/719 718/924/727 717/922/725 702/913/721
f 702/913/721 717/922/725 715/921/304 700/915/307
f 603/858/665 620/870/679 622/868/677 605/859/666
f 605/859/669 622/868/677 621/866/675 606/861/670
f 606/861/670 621/866/675 619/340/249 604/339/248
f 571/843/649 627/956/749 629/957/750 573/844/650
f 573/844/653 629/957/750 630/958/751 574/846/654
f 574/846/654 630/958/751 628/348/265 572/347/264
f 635/352/274 652/344/257 654/888/700 637/872/681
f 637/872/681 654/888/700 653/886/699 638/874/683
f 638/874/686 653/886/696 651/885/695 636/876/687
f 667/365/292 723/447/363 725/959/752 669/896/709
f 669/896/709 725/959/752 726/960/753 670/898/711
f 670/898/711 726/960/753 724/961/345 668/900/358
f 576/361/287 592/359/282 594/962/754 578/963/755
f 578/963/755 594/962/754 593/964/756 577/965/757
f 577/965/758 593/964/759 591/966/760 575/967/761
f 575/967/761 596/856/648 598/855/663 577/965/758
f 577/965/757 598/855/662 597/854/661 578/963/755
f 578/963/755 597/854/661 595/362/289 576/361/287
f 607/337/244 611/346/261 613/968/762 609/863/672
f 609/863/672 613/968/762 614/969/763 610/864/673
f 610/864/674 614/969/764 612/970/765 608/865/664
f 624/345/260 628/348/265 630/958/751 626/971/766
f 626/971/766 630/958/751 629/957/750 625/972/767
f 625/972/767 629/957/750 627/956/749 623/973/768
f 639/341/252 644/368/296 646/883/693 641/878/689
f 641/878/690 646/883/693 645/882/692 642/879/691
f 642/879/691 645/882/692 643/881/280 640/880/279
f 655/360/285 660/351/271 662/895/708 657/890/702
f 657/890/702 662/895/708 661/894/707 658/891/703
f 658/891/704 661/894/706 659/893/705 656/892/694
f 671/396/323 692/395/322 694/910/718 673/955/748
f 673/955/748 694/910/718 693/909/717 674/953/746
f 674/953/746 693/909/717 691/908/353 672/950/316
f 703/917/330 707/974/308 709/975/769 705/918/723
f 705/918/723 709/975/769 710/976/770 706/919/724
f 706/919/724 710/976/770 708/429/349 704/428/348
f 720/977/311 724/961/345 726/960/753 722/978/771
f 722/978/771 726/960/753 725/959/752 721/979/772
f 721/979/772 725/959/752 723/447/363 719/446/362
f 735/932/338 740/937/341 742/936/736 737/933/733
f 737/933/733 742/936/736 741/935/735 738/934/734
f 738/934/734 741/935/735 739/437/356 736/436/355
f 751/944/334 756/949/300 758/948/744 753/945/741
f 753/945/741 758/948/744 757/947/743 754/946/742
f 754/946/742 757/947/743 755/457/368 752/451/365
f 580/358/281 588/367/294 590/852/658 582/980/773
f 582/980/773 590/852/658 589/850/656 581/981/774
f 581/981/775 589/850/656 587/849/298 579/982/776
f 579/982/776 591/966/760 593/964/759 581/981/775
f 581/981/774 593/964/756 594/962/754 582/980/773
f 582/980/773 594/962/754 592/359/282 580/358/281
f 611/346/261 624/345/260 626/971/766 613/968/762
f 613/968/762 626/971/766 625/972/767 614/969/763
f 614/969/764 625/972/767 623/973/768 612/970/765
f 676/983/312 684/906/315 686/904/715 678/984/777
f 678/984/777 686/904/715 685/902/713 677/985/778
f 677/985/778 685/902/713 683/409/333 675/408/332
f 675/408/332 688/461/370 690/954/747 677/985/778
f 677/985/778 690/954/747 689/952/745 678/984/777
f 678/984/777 689/952/745 687/951/319 676/983/312
f 707/974/308 720/977/311 722/978/771 709/975/769
f 709/975/769 722/978/771 721/979/772 710/976/770
f 710/976/770 721/979/772 719/446/362 708/429/349
f 443/357/228 643/356/280 631/986/688 636/987/687 651/988/695 648/989/694 656/990/694 659/991/705 615/992/680 620/993/679 237/994/228 238/995/228 766/996/779 759/997/780 623/998/768 627/999/749 571/1000/649 568/1001/648 596/1002/648 575/1003/761 591/1004/760 579/1005/776 587/369/298 487/372/228 500/770/609 491/801/361 496/800/626 555/817/609 559/784/228 551/783/228 511/825/228 519/824/600 516/834/600 523/779/228 503/778/228 508/777/321 528/805/629 564/833/321 547/826/228 543/807/600 539/806/228 531/841/347 535/371/291 584/370/299 640/355/279 431/354/278 435/708/565 440/707/564 448/736/585 451/716/571 456/715/570 476/744/591 480/756/600 483/746/593 464/745/592 467/724/576 472/723/228 459/737/586 423/732/582 428/731/581
f 759/997/780 762/1006/781 761/1007/782
f 762/1006/781 763/1008/783 761/1007/782
f 763/1008/783 764/1009/784 761/1007/782
f 764/1009/785 760/1010/786 761/1007/785
f 759/997/780 766/996/779 769/1011/787 762/1006/781
f 762/1006/781 769/1011/787 768/1012/788 763/1008/783
f 763/1008/783 768/1012/788 767/1013/789 764/1009/790
f 764/1009/790 767/1013/789 765/1014/791 760/1010/791
f 612/1015/765 623/998/768 759/997/780 761/1007/782 237/994/228 620/993/679 603/1016/665 600/1017/664 608/1018/664
f 795/1019/792 801/1020/792 804/1021/793 797/1022/794
f 797/1022/794 804/1021/793 803/1023/795 798/1024/795
f 798/1024/795 803/1023/795 802/1023/796 799/1024/797
f 799/1024/797 802/1023/796 800/1023/798 796/1024/798
f 808/1025/229 807/1026/229 806/1027/229 805/1028/229
f 760/1029/799 765/1030/799 801/1020/792 795/1019/792
f 805/1028/229 806/1027/229 794/1031/229 793/1032/229
f 807/1026/229 808/1025/229 796/1033/798 800/1034/798
f 808/1025/229 805/1028/229 793/1032/229 796/1033/798
f 806/1027/229 807/1026/229 800/1034/798 794/1031/229
f 740/419/341 788/418/340 785/453/367 728/452/366
f 668/439/358 771/438/357 770/431/351 663/430/350
f 848/1035/800 810/1036/801 940/1037/801 926/1038/800
f 924/1039/802 894/1040/803 814/1041/804 899/1042/805
f 897/1043/806 896/1044/807 816/1045/808 817/1046/809
f 894/1040/803 893/1047/810 813/1048/811 814/1041/804
f 858/1049/812 859/1050/813 937/1051/813 936/1052/814
f 811/1053/815 823/1054/816 829/1055/817
f 818/1056/818 810/1057/819 824/1058/820
f 899/1042/805 814/1041/804 820/1059/821 900/1060/822
f 900/1060/822 820/1059/821 826/1061/823 902/1062/824
f 817/1046/809 816/1045/808 822/1063/825 823/1054/816
f 814/1041/804 813/1048/811 819/1064/826 820/1059/821
f 821/1065/827 827/1066/828 828/1067/829 822/1063/825
f 818/1056/818 824/1058/820 825/1068/830 819/1064/826
f 815/1069/831 898/1070/832 901/1071/833 821/1065/827
f 823/1054/816 822/1063/825 828/1067/829 829/1055/817
f 820/1059/821 819/1064/826 825/1068/830 826/1061/823
f 828/1067/829 827/1066/828 833/1072/834 834/1073/835
f 825/1068/830 824/1058/820 830/1074/836 831/1075/837
f 821/1065/827 901/1071/833 903/1076/838 827/1066/828
f 829/1055/817 835/1077/839 811/1053/815
f 824/1058/820 810/1057/819 830/1074/836
f 902/1062/824 826/1061/823 832/1078/840 904/1079/841
f 830/1074/836 810/1057/819 836/1080/842
f 811/1053/815 835/1077/839 841/1081/843
f 904/1079/841 832/1078/840 838/1082/844 906/1083/845
f 829/1055/817 828/1067/829 834/1073/835 835/1077/839
f 826/1061/823 825/1068/830 831/1075/837 832/1078/840
f 833/1072/834 839/1084/846 840/1085/847 834/1073/835
f 835/1077/839 834/1073/835 840/1085/847 841/1081/843
f 827/1066/828 903/1076/838 905/1086/848 833/1072/834
f 832/1078/840 831/1075/837 837/1087/849 838/1082/844
f 840/1085/847 839/1084/846 845/1088/850 846/1089/851
f 831/1075/837 830/1074/836 836/1080/842 837/1087/849
f 833/1072/834 905/1086/848 907/1090/852 839/1084/846
f 841/1081/843 847/1091/853 811/1053/815
f 836/1080/842 810/1057/819 842/1092/854
f 839/1084/846 907/1090/852 909/1093/855 845/1088/850
f 837/1087/849 836/1080/842 842/1092/854 843/1094/856
f 842/1092/854 810/1057/819 848/1095/857
f 811/1053/815 847/1091/853 853/1096/858 854/1097/859
f 906/1083/845 838/1082/844 844/1098/860 908/1099/861
f 841/1081/843 840/1085/847 846/1089/851 847/1091/853
f 838/1082/844 837/1087/849 843/1094/856 844/1098/860
f 844/1098/860 843/1094/856 849/1100/862 850/1101/863
f 847/1091/853 846/1089/851 852/1102/864 853/1096/858
f 908/1099/861 844/1098/860 850/1101/863 911/1103/865
f 846/1089/851 845/1088/850 851/1104/866 852/1102/864
f 843/1094/856 842/1092/854 848/1095/857 849/1100/862
f 845/1088/850 909/1093/855 910/1105/867 851/1104/866
f 811/1053/815 861/1106/868 860/1107/869 867/1108/870
f 855/1109/871 810/1057/819 862/1110/872
f 858/1111/873 913/1112/874 915/1113/875 865/1114/876
f 856/1115/877 855/1109/871 862/1110/872 863/1116/878
f 859/1117/879 858/1111/873 865/1114/876 866/1118/880
f 862/1110/872 810/1057/819 868/1119/881
f 912/1120/882 857/1121/883 864/1122/884 914/1123/885
f 860/1107/869 859/1117/879 866/1118/880 867/1108/870
f 857/1121/883 856/1115/877 863/1116/878 864/1122/884
f 863/1116/878 869/1124/886 870/1125/887 864/1122/884
f 866/1118/880 872/1126/888 873/1127/889 867/1108/870
f 914/1123/885 864/1122/884 870/1125/887 916/1128/890
f 811/1053/815 867/1108/870 873/1127/889
f 866/1118/880 865/1114/876 871/1129/891 872/1126/888
f 863/1116/878 862/1110/872 868/1119/881 869/1124/886
f 865/1114/876 915/1113/875 917/1130/892 871/1129/891
f 811/1053/815 873/1127/889 879/1131/893
f 868/1119/881 810/1057/819 874/1132/894
f 871/1129/891 917/1130/892 919/1133/895 877/1134/896
f 869/1124/886 868/1119/881 874/1132/894 875/1135/897
f 872/1126/888 871/1129/891 877/1134/896 878/1136/898
f 916/1128/890 870/1125/887 876/1137/899 918/1138/900
f 873/1127/889 872/1126/888 878/1136/898 879/1131/893
f 870/1125/887 869/1124/886 875/1135/897 876/1137/899
f 878/1136/898 877/1134/896 883/1139/901 884/1140/902
f 878/1136/898 884/1140/902 885/1141/903 879/1131/893
f 918/1138/900 876/1137/899 882/1142/904 920/1143/905
f 811/1053/815 879/1131/893 885/1141/903
f 874/1132/894 810/1057/819 880/1144/906
f 875/1135/897 874/1132/894 880/1144/906 881/1145/907
f 877/1134/896 919/1133/895 921/1146/908 883/1139/901
f 811/1053/815 885/1141/903 891/1147/909
f 880/1144/906 810/1057/819 886/1148/910
f 920/1143/905 882/1142/904 888/1149/911 922/1150/912
f 881/1145/907 880/1144/906 886/1148/910 887/1151/913
f 876/1137/899 875/1135/897 881/1145/907 882/1142/904
f 884/1140/902 883/1139/901 889/1152/914 890/1153/915
f 885/1141/903 884/1140/902 890/1153/915 891/1147/909
f 882/1142/904 881/1145/907 887/1151/913 888/1149/911
f 890/1153/915 889/1152/914 895/1154/916 896/1044/807
f 887/1151/913 886/1148/910 892/1155/917 893/1047/810
f 883/1139/901 921/1146/908 923/1156/918 889/1152/914
f 811/1053/815 891/1147/909 897/1043/806
f 886/1148/910 810/1057/819 892/1155/917
f 922/1150/912 888/1149/911 894/1040/803 924/1039/802
f 889/1152/914 923/1156/918 925/1157/919 895/1154/916
f 897/1043/806 817/1046/809 811/1053/815
f 892/1155/917 810/1057/819 812/1158/920
f 895/1154/916 925/1157/919 898/1070/832 815/1069/831
f 891/1147/909 890/1153/915 896/1044/807 897/1043/806
f 888/1149/911 887/1151/913 893/1047/810 894/1040/803
f 896/1044/807 895/1154/916 815/1069/831 816/1045/808
f 893/1047/810 892/1155/917 812/1158/920 813/1048/811
f 917/1159/921 915/1160/922 981/1161/922 985/1162/921
f 922/1163/923 924/1164/924 992/1165/924 990/1166/923
f 925/1167/925 923/1168/926 991/1169/926 993/1170/925
f 902/1171/927 904/1172/928 972/1173/928 970/1174/927
f 912/1175/929 914/1176/930 980/1177/930 983/1178/929
f 905/1179/931 903/1180/932 971/1181/932 973/1182/931
f 913/1183/933 912/1184/934 983/1185/935 982/1186/935
f 920/1187/936 922/1163/923 990/1166/923 988/1188/936
f 915/1160/922 913/1189/937 982/1190/937 981/1161/922
f 923/1168/926 921/1191/938 989/1192/938 991/1169/926
f 900/1193/939 902/1171/927 970/1174/927 966/1194/939
f 903/1180/932 901/1195/940 967/1196/940 971/1181/932
f 908/1197/941 911/1198/942 978/1199/942 976/1200/941
f 853/1201/943 852/1202/944 930/1203/944 931/1204/943
f 811/1053/815 817/1046/809 823/1054/816
f 850/1205/945 849/1206/813 927/1207/813 928/1208/946
f 913/1183/933 858/1049/812 936/1052/814 944/1209/947
f 856/1210/948 857/1211/949 935/1212/950 934/1213/948
f 936/1052/951 937/1051/952 957/1214/953 956/1215/954
f 855/1216/955 856/1210/948 934/1213/948 933/1217/955
f 857/1211/949 912/1184/934 945/1218/956 935/1212/950
f 810/1036/801 855/1216/955 933/1217/955 940/1037/801
f 851/1219/957 910/1220/958 943/1221/959 929/1222/960
f 911/1223/961 850/1205/945 928/1208/946 942/1224/962
f 926/1038/963 940/1037/964 960/1225/361 946/1226/965
f 937/1051/952 938/1227/966 958/1228/967 957/1214/953
f 933/1217/968 953/1229/969 960/1225/361 940/1037/964
f 930/1203/970 929/1222/971 949/1230/972 950/1231/973
f 928/1208/974 927/1207/975 947/1232/976 948/1233/977
f 931/1204/978 930/1203/970 950/1231/973 951/1234/979
f 848/1035/800 926/1038/800 927/1207/813 849/1206/813
f 942/1224/980 928/1208/974 948/1233/977 962/1235/980
f 941/1236/981 932/1237/982 952/1238/983 961/1239/229
f 938/1227/966 939/1240/984 959/1241/985 958/1228/967
f 929/1222/971 943/1221/986 963/1242/986 949/1230/972
f 933/1217/968 934/1213/987 954/1243/988 953/1229/969
f 852/1202/944 851/1219/957 929/1222/960 930/1203/944
f 935/1212/989 945/1218/990 965/1244/990 955/1245/991
f 939/1240/984 941/1236/981 961/1239/229 959/1241/985
f 943/1221/986 942/1224/980 962/1235/980 963/1242/986
f 859/1050/813 860/1246/992 938/1227/992 937/1051/813
f 944/1209/993 936/1052/951 956/1215/954 964/1247/993
f 932/1237/982 931/1204/978 951/1234/979 952/1238/983
f 934/1213/987 935/1212/989 955/1245/991 954/1243/988
f 945/1218/990 944/1209/993 964/1247/993 965/1244/990
f 927/1207/975 926/1038/963 946/1226/965 947/1232/976
f 860/1246/992 861/1248/994 939/1240/994 938/1227/992
f 811/1249/995 854/1250/996 932/1237/996 941/1236/995
f 854/1250/996 853/1201/943 931/1204/943 932/1237/996
f 861/1248/994 811/1249/995 941/1236/995 939/1240/994
f 910/1220/958 911/1223/961 942/1224/962 943/1221/959
f 912/1184/934 913/1183/933 944/1209/947 945/1218/956
f 813/1048/811 812/1158/920 818/1056/818 819/1064/826
f 816/1045/808 815/1069/831 821/1065/827 822/1063/825
f 967/1196/997 968/1251/998 969/1252/998 966/1194/997
f 971/1181/999 967/1196/997 966/1194/997 970/1174/999
f 973/1182/1000 971/1181/999 970/1174/999 972/1173/1000
f 975/1253/1001 973/1182/1000 972/1173/1000 974/1254/1001
f 974/1254/1001 976/1200/1002 977/1255/1002 975/1253/1001
f 979/1256/1003 977/1255/1002 976/1200/1002 978/1199/1003
f 981/1161/1004 982/1190/1005 983/1178/1005 980/1177/1004
f 985/1162/1006 981/1161/1004 980/1177/1004 984/1257/1006
f 987/1258/1007 985/1162/1006 984/1257/1006 986/1259/1007
f 989/1192/1008 987/1258/1007 986/1259/1007 988/1188/1008
f 991/1169/1009 989/1192/1008 988/1188/1008 990/1166/1009
f 993/1170/1010 991/1169/1009 990/1166/1009 992/1165/1010
f 992/1165/1010 969/1252/998 968/1251/998 993/1170/1010
f 907/1260/1011 905/1179/931 973/1182/931 975/1253/1011
f 924/1164/924 899/1261/1012 969/1252/1012 992/1165/924
f 914/1176/930 916/1262/1013 984/1257/1013 980/1177/930
f 904/1172/928 906/1263/1014 974/1254/1015 972/1173/928
f 898/1264/1016 925/1167/925 993/1170/925 968/1251/1016
f 906/1263/1014 908/1197/941 976/1200/941 974/1254/1015
f 919/1265/1017 917/1159/921 985/1162/921 987/1258/1017
f 901/1195/940 898/1264/1016 968/1251/1016 967/1196/940
f 916/1262/1013 918/1266/1018 986/1259/1018 984/1257/1013
f 909/1267/1019 907/1260/1011 975/1253/1011 977/1255/1019
f 911/1223/961 910/1220/958 979/1268/1020 978/1269/1020
f 899/1261/1012 900/1193/939 966/1194/939 969/1252/1012
f 921/1191/938 919/1265/1017 987/1258/1017 989/1192/938
f 910/1270/1021 909/1267/1019 977/1255/1019 979/1256/1021
f 918/1266/1018 920/1187/936 988/1188/936 986/1259/1018
f 812/1158/920 810/1057/819 818/1056/818
f 1027/1271/1022 1026/1272/1023 1050/1273/1024 1051/1274/1022
f 1020/1275/1025 1019/1276/1026 1043/1277/1026 1044/1278/1025
f 1028/1279/1027 1027/1271/1022 1051/1274/1022 1052/1280/1027
f 1067/1281/1028 1066/1282/1029 1040/1283/1030 1017/1284/1031
f 1102/1285/1032 1103/1286/1033 1031/1287/1032 1033/1288/1034
f 1021/1289/1035 1020/1275/1025 1044/1278/1025 1045/1290/1036
f 1110/1291/1037 1109/1292/1038 999/1293/1033 1035/1294/1039
f 1029/1295/1040 1028/1279/1027 1052/1280/1027 1053/1296/1040
f 1022/1297/1036 1021/1298/1035 1045/1299/1036 1046/1300/1036
f 1078/1301/1041 1076/1302/1042 1003/1303/1043 1034/1304/1022
f 1066/1282/1029 1077/1305/1044 1030/1306/1042 1040/1283/1030
f 1018/1307/1045 1029/1295/1040 1053/1296/1040 1032/1308/1045
f 1074/1309/1046 1073/1310/1047 995/1311/1048 1038/1312/1046
f 1016/1313/1049 1029/1314/1049 1018/1315/229 994/1316/229
f 1014/1317/1050 1028/1318/1051 1029/1314/1049 1016/1313/1049
f 1012/1319/1052 1027/1320/1052 1028/1318/1051 1014/1317/1050
f 1010/1321/1053 1026/1322/1054 1027/1320/1052 1012/1319/1052
f 1008/1323/1055 1025/1324/1056 1026/1322/1054 1010/1321/1053
f 1006/1325/228 1024/1326/228 1025/1324/1056 1008/1323/1055
f 1004/1327/1057 1023/1328/1058 1024/1326/228 1006/1325/228
f 1002/1329/1059 1022/1330/1059 1023/1328/1058 1004/1327/1057
f 1000/1331/1060 1021/1332/1060 1022/1330/1059 1002/1329/1059
f 998/1333/1061 1020/1334/1061 1021/1335/1060 1000/1336/1060
f 996/1337/1062 1019/1338/1062 1020/1334/1061 998/1333/1061
f 994/1316/229 1018/1315/229 1019/1338/1062 996/1337/1062
f 1061/1339/1026 1060/1340/1063 1084/1341/1063 1085/1342/1064
f 1109/1292/1038 1108/1343/1065 997/1344/1066 999/1293/1033
f 1062/1345/1067 1061/1339/1026 1085/1342/1064 1086/1346/1067
f 1071/1347/1068 1070/1348/1024 1042/1349/1069 1036/1350/1070
f 1055/1351/1069 1054/1352/1031 1068/1353/1031 1079/1354/1069
f 1108/1343/1065 1107/1355/1034 1037/1356/1034 997/1344/1066
f 1063/1357/1035 1062/1345/1067 1086/1346/1067 1087/1358/1035
f 1076/1302/1042 1075/1359/1071 1009/1360/1024 1003/1303/1043
f 1056/1361/1026 1055/1351/1069 1079/1354/1069 1080/1362/1026
f 1103/1286/1033 1114/1363/1072 1039/1364/1072 1031/1287/1032
f 1064/1365/1073 1063/1357/1035 1087/1358/1035 1088/1366/1074
f 1070/1348/1024 1069/1367/1075 1011/1368/1076 1042/1349/1069
f 999/1293/228 997/1344/1077 995/1369/1077 1001/1370/291
f 1007/1371/1078 1005/1372/1079 1003/1373/1080 1009/1374/1081
f 1019/1276/1026 1018/1307/1045 1032/1308/1045 1043/1277/1026
f 1026/1272/1023 1025/1375/1082 1049/1376/1082 1050/1273/1024
f 1015/1377/1083 1013/1378/1084 1011/1379/1085 1017/1380/1086
f 1033/1288/1087 1031/1287/1088 1030/1381/1089 1034/1382/1087
f 1035/1294/1090 999/1293/228 1001/1370/291 1036/1383/1091
f 1025/1375/1082 1024/1384/1029 1048/1385/1029 1049/1376/1082
f 1024/1384/1029 1023/1386/1092 1047/1387/1092 1048/1385/1029
f 1037/1356/1093 1007/1388/1078 1009/1389/1081 1038/1390/1094
f 1039/1364/1095 1015/1377/1083 1017/1380/1086 1040/1391/1095
f 1023/1386/1092 1022/1297/1036 1046/1300/1036 1047/1387/1092
f 1053/1296/1096 1065/1392/1049 1054/1393/229 1032/1308/1097
f 1052/1280/1098 1064/1394/1099 1065/1392/1049 1053/1296/1096
f 1051/1274/1100 1063/1395/1100 1064/1394/1099 1052/1280/1098
f 1050/1273/1054 1062/1396/1101 1063/1395/1100 1051/1274/1100
f 1049/1376/1102 1061/1397/1102 1062/1396/1101 1050/1273/1054
f 1048/1385/228 1060/1398/291 1061/1397/1102 1049/1376/1102
f 1047/1387/1103 1059/1399/1104 1060/1398/291 1048/1385/228
f 1046/1300/1094 1058/1400/1105 1059/1399/1104 1047/1387/1103
f 1045/1299/1106 1057/1401/1107 1058/1400/1105 1046/1300/1094
f 1044/1278/1108 1056/1402/1108 1057/1403/1107 1045/1290/1106
f 1043/1277/1109 1055/1404/1109 1056/1402/1108 1044/1278/1108
f 1032/1308/1097 1054/1393/229 1055/1404/1109 1043/1277/1109
f 1094/1405/1110 1093/1406/1111 1117/1407/1076 1118/1408/1024
f 1090/1409/1112 1101/1410/1113 1125/1411/1113 1104/1412/1112
f 1041/1413/1114 1035/1294/1090 1036/1383/1091 1042/1414/1053
f 1095/1415/1115 1094/1405/1110 1118/1408/1024 1119/1416/1115
f 997/1344/1077 1037/1356/1093 1038/1390/1094 995/1369/1077
f 1031/1287/1088 1039/1364/1095 1040/1391/1095 1030/1381/1089
f 1096/1417/1116 1095/1415/1115 1119/1416/1115 1120/1418/1116
f 1005/1372/1079 1033/1288/1087 1034/1382/1087 1003/1373/1080
f 1097/1419/1047 1096/1417/1116 1120/1418/1116 1121/1420/1047
f 1013/1378/1084 1041/1413/1114 1042/1414/1053 1011/1379/1085
f 1098/1421/1040 1097/1419/1047 1121/1420/1047 1122/1422/1117
f 1107/1355/1034 1106/1423/1038 1007/1388/1118 1037/1356/1034
f 1114/1363/1072 1113/1424/1119 1015/1377/1120 1039/1364/1072
f 1060/1340/1063 1059/1425/1076 1083/1426/1076 1084/1341/1063
f 1106/1427/1038 1105/1428/1121 1005/1372/1121 1007/1371/1118
f 1075/1359/1071 1074/1309/1046 1038/1312/1046 1009/1360/1024
f 1059/1425/1076 1058/1429/1076 1082/1430/1076 1083/1426/1076
f 1113/1424/1119 1112/1431/1120 1013/1378/1120 1015/1377/1120
f 1054/1352/1031 1065/1432/1122 1089/1433/1123 1068/1353/1031
f 1058/1429/1076 1057/1434/1124 1081/1435/1124 1082/1430/1076
f 1069/1367/1075 1067/1281/1028 1017/1284/1031 1011/1368/1076
f 1065/1432/1122 1064/1365/1073 1088/1366/1074 1089/1433/1123
f 1105/1428/1121 1102/1285/1032 1033/1288/1034 1005/1372/1121
f 1057/1436/1124 1056/1361/1026 1080/1362/1026 1081/1437/1124
f 1089/1433/1125 1101/1438/1125 1090/1439/1126 1068/1353/1127
f 1088/1366/1128 1100/1440/1129 1101/1438/1125 1089/1433/1125
f 1087/1358/1130 1099/1441/1130 1100/1440/1129 1088/1366/1128
f 1086/1346/1054 1098/1442/1053 1099/1441/1130 1087/1358/1130
f 1085/1342/1131 1097/1443/1131 1098/1442/1053 1086/1346/1054
f 1084/1341/1132 1096/1444/1132 1097/1443/1131 1085/1342/1131
f 1083/1426/1133 1095/1445/1133 1096/1444/1132 1084/1341/1132
f 1082/1430/1134 1094/1446/1105 1095/1445/1133 1083/1426/1133
f 1081/1435/1135 1093/1447/1135 1094/1446/1105 1082/1430/1134
f 1080/1362/1136 1092/1448/1137 1093/1449/1135 1081/1437/1135
f 1079/1354/1138 1091/1450/1138 1092/1448/1137 1080/1362/1136
f 1068/1353/1127 1090/1439/1126 1091/1450/1138 1079/1354/1138
f 1104/1412/229 1103/1451/1126 1102/1452/1109 1115/1453/1087
f 1115/1453/1087 1102/1452/1109 1105/1454/1139 1116/1455/1140
f 1116/1455/1140 1105/1454/1139 1106/1456/1141 1117/1457/1141
f 1117/1407/1141 1106/1458/1141 1107/1459/1105 1118/1408/1142
f 1118/1408/1142 1107/1459/1105 1108/1460/1057 1119/1416/1143
f 1119/1416/1143 1108/1460/1057 1109/1461/1144 1120/1418/1144
f 1120/1418/1144 1109/1461/1144 1110/1462/1145 1121/1420/1056
f 1121/1420/1056 1110/1462/1145 1111/1463/1146 1122/1422/1147
f 1122/1422/1147 1111/1463/1146 1112/1464/1130 1123/1465/1130
f 1123/1465/1130 1112/1464/1130 1113/1466/1148 1124/1467/1148
f 1124/1467/1148 1113/1466/1148 1114/1468/1125 1125/1411/1149
f 1125/1411/1149 1114/1468/1125 1103/1451/1126 1104/1412/229
f 1073/1310/1047 1072/1469/1046 1001/1470/1150 995/1311/1048
f 1101/1410/1113 1100/1471/1036 1124/1467/1035 1125/1411/1113
f 1112/1431/1120 1111/1472/1151 1041/1413/1152 1013/1378/1120
f 1093/1473/1111 1092/1474/1153 1116/1455/1076 1117/1457/1076
f 1077/1305/1044 1078/1301/1041 1034/1304/1022 1030/1306/1042
f 1100/1471/1036 1099/1475/1076 1123/1465/1076 1124/1467/1035
f 1072/1469/1046 1071/1347/1068 1036/1350/1070 1001/1470/1150
f 1092/1474/1153 1091/1476/1092 1115/1453/1092 1116/1455/1076
f 1078/1301/1041 1077/1305/1044 1066/1282/1029 1067/1281/1028 1069/1367/1075 1070/1348/1024 1071/1347/1068 1072/1469/1046 1073/1310/1047 1074/1309/1046 1075/1359/1071 1076/1302/1042
f 1099/1475/1076 1098/1421/1040 1122/1422/1117 1123/1465/1076
f 1111/1472/1151 1110/1291/1037 1035/1294/1039 1041/1413/1152
f 1091/1476/1092 1090/1409/1112 1104/1412/1112 1115/1453/1092
f 1159/1271/1154 1183/1274/1154 1182/1273/1155 1158/1272/1156
f 1152/1275/1157 1176/1278/1157 1175/1277/1158 1151/1276/1158
f 1160/1279/1159 1184/1280/1160 1183/1274/1154 1159/1271/1154
f 1199/1281/1161 1149/1284/1162 1172/1283/1163 1198/1282/1164
f 1234/1285/1165 1165/1288/1166 1163/1287/1165 1235/1286/1165
f 1153/1289/1160 1177/1290/1154 1176/1278/1157 1152/1275/1157
f 1242/1291/1167 1167/1294/1168 1131/1293/1169 1241/1292/1170
f 1161/1295/1171 1185/1296/1171 1184/1280/1160 1160/1279/1159
f 1154/1297/1172 1178/1300/1172 1177/1299/1154 1153/1298/1160
f 1210/1301/1173 1166/1304/1163 1135/1303/1157 1208/1302/1174
f 1198/1282/1164 1172/1283/1163 1162/1306/1171 1209/1305/1175
f 1150/1307/1176 1164/1308/1176 1185/1296/1171 1161/1295/1171
f 1206/1309/1177 1170/1312/1178 1127/1311/1179 1205/1310/1180
f 1148/1313/1181 1126/1316/229 1150/1315/229 1161/1314/1181
f 1146/1317/1182 1148/1313/1181 1161/1314/1181 1160/1318/1182
f 1144/1319/1183 1146/1317/1182 1160/1318/1182 1159/1320/1184
f 1142/1321/1185 1144/1319/1183 1159/1320/1184 1158/1322/1185
f 1140/1323/1186 1142/1321/1185 1158/1322/1185 1157/1324/1187
f 1138/1325/228 1140/1323/1186 1157/1324/1187 1156/1326/228
f 1136/1327/1188 1138/1325/228 1156/1326/228 1155/1328/1189
f 1134/1329/1190 1136/1327/1188 1155/1328/1189 1154/1330/1190
f 1132/1331/1191 1134/1329/1190 1154/1330/1190 1153/1332/1191
f 1130/1333/1192 1132/1336/1191 1153/1335/1191 1152/1334/1192
f 1128/1337/1193 1130/1333/1192 1152/1334/1192 1151/1338/1193
f 1126/1316/229 1128/1337/1193 1151/1338/1193 1150/1315/229
f 1193/1339/1194 1217/1342/1194 1216/1341/1163 1192/1340/1195
f 1241/1292/1170 1131/1293/1169 1129/1344/1196 1240/1343/1196
f 1194/1345/1194 1218/1346/1194 1217/1342/1194 1193/1339/1194
f 1203/1347/1197 1168/1350/1194 1174/1349/1198 1202/1348/1199
f 1187/1351/1163 1211/1354/1163 1200/1353/1200 1186/1352/1200
f 1240/1343/1196 1129/1344/1196 1169/1356/1201 1239/1355/1202
f 1195/1357/1163 1219/1358/1203 1218/1346/1194 1194/1345/1194
f 1208/1302/1174 1135/1303/1157 1141/1360/1177 1207/1359/1172
f 1188/1361/1204 1212/1362/1205 1211/1354/1163 1187/1351/1163
f 1235/1286/1165 1163/1287/1165 1171/1364/1206 1246/1363/1206
f 1196/1365/1207 1220/1366/1207 1219/1358/1203 1195/1357/1163
f 1202/1348/1199 1174/1349/1198 1143/1368/1208 1201/1367/1209
f 1131/1293/1132 1133/1370/1132 1127/1369/1210 1129/1344/1210
f 1139/1371/1211 1141/1374/1212 1135/1373/1213 1137/1372/1214
f 1151/1276/1158 1175/1277/1158 1164/1308/1176 1150/1307/1176
f 1158/1272/1156 1182/1273/1155 1181/1376/1215 1157/1375/1215
f 1147/1377/1216 1149/1380/1217 1143/1379/1218 1145/1378/1218
f 1165/1288/1219 1166/1382/1220 1162/1381/1221 1163/1287/1221
f 1167/1294/1222 1168/1383/1223 1133/1370/1132 1131/1293/1132
f 1157/1375/1215 1181/1376/1215 1180/1385/1163 1156/1384/1163
f 1156/1384/1163 1180/1385/1163 1179/1387/1224 1155/1386/1224
f 1169/1356/1225 1170/1390/1226 1141/1389/1212 1139/1388/1211
f 1171/1364/1227 1172/1391/1228 1149/1380/1217 1147/1377/1216
f 1155/1386/1224 1179/1387/1224 1178/1300/1172 1154/1297/1172
f 1185/1296/1229 1164/1308/1230 1186/1393/1230 1197/1392/1229
f 1184/1280/1231 1185/1296/1229 1197/1392/1229 1196/1394/1232
f 1183/1274/1233 1184/1280/1231 1196/1394/1232 1195/1395/1233
f 1182/1273/1234 1183/1274/1233 1195/1395/1233 1194/1396/1235
f 1181/1376/1236 1182/1273/1234 1194/1396/1235 1193/1397/1236
f 1180/1385/291 1181/1376/1236 1193/1397/1236 1192/1398/291
f 1179/1387/1237 1180/1385/291 1192/1398/291 1191/1399/1237
f 1178/1300/1190 1179/1387/1237 1191/1399/1237 1190/1400/1190
f 1177/1299/1238 1178/1300/1190 1190/1400/1190 1189/1401/1238
f 1176/1278/1239 1177/1290/1238 1189/1403/1238 1188/1402/1240
f 1175/1277/1241 1176/1278/1239 1188/1402/1240 1187/1404/1241
f 1164/1308/1230 1175/1277/1241 1187/1404/1241 1186/1393/1230
f 1226/1405/1204 1250/1408/1204 1249/1407/1194 1225/1406/1157
f 1222/1409/1163 1236/1412/1163 1257/1411/1242 1233/1410/1243
f 1173/1413/1244 1174/1414/1245 1168/1383/1223 1167/1294/1222
f 1227/1415/1246 1251/1416/1246 1250/1408/1204 1226/1405/1204
f 1129/1344/1210 1127/1369/1210 1170/1390/1226 1169/1356/1225
f 1163/1287/1221 1162/1381/1221 1172/1391/1228 1171/1364/1227
f 1228/1417/1247 1252/1418/1247 1251/1416/1246 1227/1415/1246
f 1137/1372/1214 1135/1373/1213 1166/1382/1220 1165/1288/1219
f 1229/1419/1154 1253/1420/1154 1252/1418/1247 1228/1417/1247
f 1145/1378/1218 1143/1379/1218 1174/1414/1245 1173/1413/1244
f 1230/1421/1177 1254/1422/1163 1253/1420/1154 1229/1419/1154
f 1239/1355/1202 1169/1356/1201 1139/1388/1202 1238/1423/1202
f 1246/1363/1206 1171/1364/1206 1147/1377/1202 1245/1424/1248
f 1192/1340/1195 1216/1341/1163 1215/1426/1249 1191/1425/1250
f 1238/1427/1202 1139/1371/1202 1137/1372/1251 1237/1428/1202
f 1207/1359/1172 1141/1360/1177 1170/1312/1178 1206/1309/1177
f 1191/1425/1250 1215/1426/1249 1214/1430/1252 1190/1429/1252
f 1245/1424/1248 1147/1377/1202 1145/1378/1253 1244/1431/1254
f 1186/1352/1200 1200/1353/1200 1221/1433/1205 1197/1432/1205
f 1190/1429/1252 1214/1430/1252 1213/1435/1204 1189/1434/1204
f 1201/1367/1209 1143/1368/1208 1149/1284/1162 1199/1281/1161
f 1197/1432/1205 1221/1433/1205 1220/1366/1207 1196/1365/1207
f 1237/1428/1202 1137/1372/1251 1165/1288/1166 1234/1285/1165
f 1189/1436/1204 1213/1437/1204 1212/1362/1205 1188/1361/1204
f 1221/1433/1255 1200/1353/1089 1222/1439/1256 1233/1438/1257
f 1220/1366/1258 1221/1433/1255 1233/1438/1257 1232/1440/1258
f 1219/1358/1259 1220/1366/1258 1232/1440/1258 1231/1441/1259
f 1218/1346/1260 1219/1358/1259 1231/1441/1259 1230/1442/1244
f 1217/1342/1222 1218/1346/1260 1230/1442/1244 1229/1443/1261
f 1216/1341/361 1217/1342/1222 1229/1443/1261 1228/1444/600
f 1215/1426/1188 1216/1341/361 1228/1444/600 1227/1445/1189
f 1214/1430/1262 1215/1426/1188 1227/1445/1189 1226/1446/1263
f 1213/1435/1238 1214/1430/1262 1226/1446/1263 1225/1447/1238
f 1212/1362/1264 1213/1437/1238 1225/1449/1238 1224/1448/1265
f 1211/1354/1241 1212/1362/1264 1224/1448/1265 1223/1450/1241
f 1200/1353/1089 1211/1354/1241 1223/1450/1241 1222/1439/1256
f 1236/1412/1266 1247/1453/1267 1234/1452/1268 1235/1451/1269
f 1247/1453/1267 1248/1455/1264 1237/1454/1240 1234/1452/1268
f 1248/1455/1264 1249/1457/1270 1238/1456/1271 1237/1454/1240
f 1249/1407/1270 1250/1408/1262 1239/1459/1263 1238/1458/1271
f 1250/1408/1262 1251/1416/1272 1240/1460/1273 1239/1459/1263
f 1251/1416/1272 1252/1418/600 1241/1461/354 1240/1460/1273
f 1252/1418/600 1253/1420/1186 1242/1462/1274 1241/1461/354
f 1253/1420/1186 1254/1422/1275 1243/1463/1276 1242/1462/1274
f 1254/1422/1275 1255/1465/1233 1244/1464/1277 1243/1463/1276
f 1255/1465/1233 1256/1467/1278 1245/1466/1278 1244/1464/1277
f 1256/1467/1278 1257/1411/1181 1246/1468/1279 1245/1466/1278
f 1257/1411/1181 1236/1412/1266 1235/1451/1269 1246/1468/1279
f 1205/1310/1180 1127/1311/1179 1133/1470/1154 1204/1469/1250
f 1233/1410/1243 1257/1411/1242 1256/1467/1280 1232/1471/1280
f 1244/1431/1254 1145/1378/1253 1173/1413/1202 1243/1472/1167
f 1225/1473/1157 1249/1457/1194 1248/1455/1163 1224/1474/1281
f 1209/1305/1175 1162/1306/1171 1166/1304/1163 1210/1301/1173
f 1232/1471/1280 1256/1467/1280 1255/1465/1280 1231/1475/1280
f 1204/1469/1250 1133/1470/1154 1168/1350/1194 1203/1347/1197
f 1224/1474/1281 1248/1455/1163 1247/1453/1194 1223/1476/1249
f 1210/1301/1173 1208/1302/1174 1207/1359/1172 1206/1309/1177 1205/1310/1180 1204/1469/1250 1203/1347/1197 1202/1348/1199 1201/1367/1209 1199/1281/1161 1198/1282/1164 1209/1305/1175
f 1231/1475/1280 1255/1465/1280 1254/1422/1163 1230/1421/1177
f 1243/1472/1167 1173/1413/1202 1167/1294/1168 1242/1291/1167
f 1223/1476/1249 1247/1453/1194 1236/1412/1163 1222/1409/1163
f 1265/1477/228 1264/1478/228 1262/1479/228 1261/1480/228 1275/1481/228 1274/1482/228 1273/1483/228 1272/1484/228 1271/1485/228 1266/1486/228
f 1361/1487/1282 1348/1488/1283 1282/1489/1284 1285/1490/1285
f 1328/1491/1286 1324/1492/1287 1276/1493/1288 1277/1494/1289
f 1425/1495/1290 1433/1496/1291 1303/1497/1292 1301/1498/1293
f 1404/1499/1294 1296/1500/1295 1298/1501/1296 1412/1502/1297
f 1263/1503/228 1259/1504/228 1258/1505/228 1267/1506/228 1270/1507/228 1269/1508/228 1268/1509/228 1388/1510/600 1381/1511/1298 1509/1512/1299 1504/1513/629 1500/1514/1300 1496/1515/1301 1344/1516/1302 1353/1517/291 1488/1518/600 1493/1519/1303 1485/1520/1298 1512/1521/1299 1476/1522/629 1480/1523/1300 1473/1524/1301 1464/1525/1302 1456/1526/291 1461/1527/600 1448/1528/1303 1440/1529/1298 1432/1530/1299 1424/1531/629 1417/1532/1300 1408/1533/1301 1400/1534/320
f 1441/1535/1304 1305/1536/1305 1303/1497/1292 1433/1496/1291
f 1409/1537/1306 1416/1538/1307 1299/1539/1308 1297/1540/1309
f 1345/1541/1310 1281/1542/1311 1283/1543/1312 1352/1544/1313
f 1449/1545/1314 1460/1546/1315 1310/1547/1316 1307/1548/1317
f 1837/1549/1318 1847/1550/1319 1770/1551/1320 1835/1552/1321
f 1421/1553/1322 1412/1502/1297 1298/1501/1296 1300/1554/1323
f 1445/1555/1324 1306/1556/1325 1308/1557/1326 1453/1558/1327
f 1345/1541/1310 1497/1559/1328 1319/1560/1329 1281/1542/1311
f 1469/1561/1330 1457/1562/1331 1309/1563/1332 1312/1564/1333
f 1364/1565/1334 1361/1487/1282 1285/1490/1285 1286/1566/1335
f 1376/1567/1336 1369/1568/1337 1287/1569/1338 1289/1570/1339
f 1505/1571/1340 1321/1572/1341 1320/1573/1342 1501/1574/1343
f 1416/1538/1307 1425/1575/1290 1301/1576/1293 1299/1539/1308
f 1356/1577/1344 1337/1578/1345 1279/1579/1346 1284/1580/1347
f 1437/1581/1348 1304/1582/1349 1306/1556/1325 1445/1555/1324
f 1508/1583/1350 1322/1584/1351 1321/1585/1341 1505/1586/1340
f 1429/1587/1352 1421/1553/1322 1300/1554/1323 1302/1588/1353
f 1501/1574/1343 1320/1573/1342 1319/1560/1329 1497/1559/1328
f 1404/1499/1294 1396/1589/1354 1294/1590/1355 1296/1500/1295
f 1369/1568/1337 1372/1591/1356 1288/1592/1357 1287/1569/1338
f 1850/1593/1358 1842/1594/1359 1767/1595/1360 1771/1596/1361
f 1492/1597/1362 1489/1598/1363 1317/1599/1364 1318/1600/1365
f 1513/1601/1366 1484/1602/1367 1316/1603/1368 1323/1604/1369
f 1364/1565/1334 1286/1566/1335 1288/1592/1357 1372/1591/1356
f 1513/1601/1366 1323/1604/1369 1314/1605/1370 1477/1606/1371
f 1616/1607/1372 1521/1608/1373 1523/1609/1374 1618/1610/1375
f 1380/1611/1376 1389/1612/1377 1292/1613/1378 1290/1614/1379
f 1429/1587/1352 1302/1588/1353 1304/1582/1349 1437/1581/1348
f 1508/1583/1350 1380/1611/1376 1290/1614/1379 1322/1584/1351
f 1333/1615/1380 1278/1616/1381 1279/1579/1346 1337/1578/1345
f 1457/1562/1331 1465/1617/1382 1311/1618/1383 1309/1563/1332
f 1460/1546/1315 1453/1558/1327 1308/1557/1326 1310/1547/1316
f 1484/1602/1367 1492/1597/1362 1318/1600/1365 1316/1603/1368
f 1441/1535/1304 1449/1545/1314 1307/1548/1317 1305/1536/1305
f 1384/1619/1384 1392/1620/1385 1293/1621/1386 1291/1622/1387
f 1401/1623/1388 1409/1537/1306 1297/1540/1309 1295/1624/1389
f 1384/1619/1384 1291/1622/1387 1292/1613/1378 1389/1612/1377
f 1340/1625/1390 1356/1577/1344 1284/1580/1347 1280/1626/1386
f 1465/1617/1382 1472/1627/1391 1313/1628/1392 1311/1618/1383
f 1333/1615/1380 1328/1491/1286 1277/1494/1289 1278/1616/1381
f 1481/1629/1393 1477/1630/1371 1314/1631/1370 1315/1632/1394
f 1472/1627/1391 1481/1629/1393 1315/1632/1394 1313/1628/1392
f 1392/1620/1385 1376/1567/1336 1289/1570/1339 1293/1621/1386
f 1461/1527/600 1456/1526/291 1468/1633/346 1325/1634/361 1329/1635/1395 1332/1636/626 1336/1637/626 1357/1638/1396 1341/1639/1396 1488/1518/600 1353/1517/291 1349/1640/346 1360/1641/361 1365/1642/361 1373/1643/626 1368/1644/1397 1377/1645/1396 1393/1646/1396 1385/1647/600 1388/1510/600 1268/1509/228 1274/1648/228 1275/1649/228 1260/1650/228 1263/1503/228 1400/1534/320 1397/1651/291 1405/1652/346 1413/1653/361 1420/1654/1395 1428/1655/626 1436/1656/626 1444/1657/1396 1452/1658/1396
f 1340/1625/1390 1280/1626/1386 1317/1599/1364 1489/1598/1363
f 1364/1565/1334 1372/1591/1356 1374/1659/1398 1366/1660/1399
f 1363/1661/1400 1366/1660/1399 1367/1662/1401 1362/1663/1402
f 1354/1664/1403 1355/1665/1404 1346/1666/1405 1347/1667/1406
f 1412/1502/1297 1414/1668/1407 1406/1669/1408 1404/1499/1294
f 1414/1668/1407 1415/1670/1409 1407/1671/1410 1406/1669/1408
f 1399/1672/1404 1407/1671/1410 1405/1673/346 1397/1674/291
f 1397/1674/291 1400/1675/320 1402/1676/1411 1399/1672/1404
f 1326/1677/1412 1330/1678/1413 1331/1679/1414 1327/1680/1415
f 1356/1577/1344 1358/1681/1416 1339/1682/1417 1337/1578/1345
f 1335/1683/1418 1330/1678/1413 1328/1491/1286 1333/1615/1380
f 1491/1684/1419 1489/1598/1363 1492/1597/1362 1494/1685/1420
f 1474/1686/1421 1483/1687/1422 1481/1629/1393 1472/1627/1391
f 1327/1680/1415 1470/1688/1423 1471/1689/1424 1326/1677/1412
f 1325/1690/361 1468/1691/346 1470/1688/1423 1327/1680/1415
f 1338/1692/1425 1359/1693/1426 1357/1694/1396 1336/1695/626
f 1339/1682/1417 1358/1681/1416 1359/1693/1426 1338/1692/1425
f 1333/1615/1380 1337/1578/1345 1339/1682/1417 1335/1683/1418
f 1471/1689/1424 1469/1561/1330 1324/1492/1287 1326/1677/1412
f 1338/1692/1425 1334/1696/1427 1335/1683/1418 1339/1682/1417
f 1336/1695/626 1332/1697/626 1334/1696/1427 1338/1692/1425
f 1334/1696/1427 1331/1679/1414 1330/1678/1413 1335/1683/1418
f 1332/1697/626 1329/1698/1395 1331/1679/1414 1334/1696/1427
f 1340/1625/1390 1489/1598/1363 1491/1684/1419 1342/1699/1428
f 1471/1689/1424 1459/1700/1429 1457/1562/1331 1469/1561/1330
f 1343/1701/1430 1359/1693/1426 1358/1681/1416 1342/1699/1428
f 1341/1702/1396 1357/1694/1396 1359/1693/1426 1343/1701/1430
f 1356/1577/1344 1340/1625/1390 1342/1699/1428 1358/1681/1416
f 1361/1487/1282 1364/1565/1334 1366/1660/1399 1363/1661/1400
f 1346/1666/1405 1355/1665/1404 1353/1703/291 1344/1704/1302
f 1506/1705/1431 1511/1706/1432 1510/1707/1433 1507/1708/1434
f 1350/1709/1435 1354/1664/1403 1352/1544/1313 1348/1488/1283
f 1349/1710/346 1353/1703/291 1355/1665/1404 1351/1711/1410
f 1367/1662/1401 1375/1712/1436 1373/1713/626 1365/1714/361
f 1383/1715/1437 1390/1716/1438 1391/1717/1439 1382/1718/1440
f 1366/1660/1399 1374/1659/1398 1375/1712/1436 1367/1662/1401
f 1370/1719/1441 1379/1720/1442 1377/1721/1396 1368/1722/1397
f 1459/1700/1429 1467/1723/1443 1465/1617/1382 1457/1562/1331
f 1487/1724/1444 1495/1725/1445 1494/1685/1420 1486/1726/1446
f 1485/1727/1298 1493/1728/1303 1495/1725/1445 1487/1724/1444
f 1343/1701/1430 1490/1729/1447 1488/1730/600 1341/1702/1396
f 1362/1663/1402 1351/1711/1410 1350/1709/1435 1363/1661/1400
f 1371/1731/1448 1378/1732/1449 1379/1720/1442 1370/1719/1441
f 1392/1620/1385 1394/1733/1450 1378/1732/1449 1376/1567/1336
f 1382/1718/1440 1391/1717/1439 1389/1612/1377 1380/1611/1376
f 1381/1734/1298 1388/1735/600 1390/1716/1438 1383/1715/1437
f 1394/1733/1450 1395/1736/1451 1379/1720/1442 1378/1732/1449
f 1369/1568/1337 1376/1567/1336 1378/1732/1449 1371/1731/1448
f 1379/1720/1442 1395/1736/1451 1393/1737/1396 1377/1721/1396
f 1385/1738/600 1393/1737/1396 1395/1736/1451 1387/1739/1452
f 1392/1620/1385 1384/1619/1384 1386/1740/1453 1394/1733/1450
f 1510/1707/1433 1511/1706/1432 1383/1715/1437 1382/1718/1440
f 1498/1741/1454 1502/1742/1455 1503/1743/1456 1499/1744/1457
f 1383/1715/1437 1511/1706/1432 1509/1745/1299 1381/1734/1298
f 1498/1741/1454 1499/1744/1457 1347/1667/1406 1346/1666/1405
f 1363/1661/1400 1350/1709/1435 1348/1488/1283 1361/1487/1282
f 1360/1746/361 1349/1710/346 1351/1711/1410 1362/1663/1402
f 1344/1704/1302 1496/1747/1301 1498/1741/1454 1346/1666/1405
f 1434/1748/1458 1442/1749/1459 1443/1750/1460 1435/1751/1461
f 1435/1751/1461 1443/1750/1460 1441/1535/1304 1433/1496/1291
f 1427/1752/1462 1425/1575/1290 1416/1538/1307 1418/1753/1463
f 1426/1754/1464 1427/1752/1462 1418/1753/1463 1419/1755/1455
f 1407/1671/1410 1415/1670/1409 1413/1756/361 1405/1673/346
f 1400/1675/320 1408/1757/1301 1410/1758/1465 1402/1676/1411
f 1324/1492/1287 1328/1491/1286 1330/1678/1413 1326/1677/1412
f 1419/1755/1455 1410/1758/1465 1408/1757/1301 1417/1759/1300
f 1342/1699/1428 1491/1684/1419 1490/1729/1447 1343/1701/1430
f 1465/1617/1382 1467/1723/1443 1474/1686/1421 1472/1627/1391
f 1477/1630/1371 1481/1629/1393 1483/1687/1422 1479/1760/1466
f 1422/1761/1401 1415/1670/1409 1414/1668/1407 1423/1762/1399
f 1423/1762/1399 1414/1668/1407 1412/1502/1297 1421/1553/1322
f 1429/1587/1352 1431/1763/1467 1423/1762/1399 1421/1553/1322
f 1431/1763/1467 1430/1764/1436 1422/1761/1401 1423/1762/1399
f 1420/1765/1395 1413/1756/361 1415/1670/1409 1422/1761/1401
f 1417/1759/1300 1424/1766/629 1426/1754/1464 1419/1755/1455
f 1442/1749/1459 1450/1767/1468 1451/1768/1469 1443/1750/1460
f 1443/1750/1460 1451/1768/1469 1449/1545/1314 1441/1535/1304
f 1453/1558/1327 1460/1546/1315 1462/1769/1470 1455/1770/1471
f 1455/1770/1471 1462/1769/1470 1463/1771/1472 1454/1772/1451
f 1422/1761/1401 1430/1764/1436 1428/1773/626 1420/1765/1395
f 1434/1748/1458 1426/1774/1464 1424/1775/629 1432/1776/1299
f 1492/1597/1362 1484/1602/1367 1486/1726/1446 1494/1685/1420
f 1495/1725/1445 1490/1729/1447 1491/1684/1419 1494/1685/1420
f 1493/1728/1303 1488/1730/600 1490/1729/1447 1495/1725/1445
f 1438/1777/1441 1430/1764/1436 1431/1763/1467 1439/1778/1448
f 1439/1778/1448 1431/1763/1467 1429/1587/1352 1437/1581/1348
f 1455/1770/1471 1447/1779/1473 1445/1555/1324 1453/1558/1327
f 1454/1772/1451 1446/1780/1442 1447/1779/1473 1455/1770/1471
f 1436/1781/626 1428/1773/626 1430/1764/1436 1438/1777/1441
f 1416/1538/1307 1409/1537/1306 1411/1782/1474 1418/1753/1463
f 1418/1753/1463 1411/1782/1474 1410/1758/1465 1419/1755/1455
f 1440/1783/1298 1448/1784/1303 1450/1767/1468 1442/1749/1459
f 1403/1785/1475 1401/1623/1388 1396/1589/1354 1398/1786/1476
f 1402/1676/1411 1403/1785/1475 1398/1786/1476 1399/1672/1404
f 1452/1787/1396 1444/1788/1396 1446/1780/1442 1454/1772/1451
f 1460/1546/1315 1449/1545/1314 1451/1768/1469 1462/1769/1470
f 1462/1769/1470 1451/1768/1469 1450/1767/1468 1463/1771/1472
f 1432/1776/1299 1440/1783/1298 1442/1749/1459 1434/1748/1458
f 1454/1772/1451 1463/1771/1472 1461/1789/600 1452/1787/1396
f 1458/1790/1477 1466/1791/1478 1467/1723/1443 1459/1700/1429
f 1456/1792/291 1464/1793/1302 1466/1791/1478 1458/1790/1477
f 1470/1688/1423 1458/1790/1477 1459/1700/1429 1471/1689/1424
f 1468/1691/346 1456/1792/291 1458/1790/1477 1470/1688/1423
f 1446/1780/1442 1438/1777/1441 1439/1778/1448 1447/1779/1473
f 1447/1779/1473 1439/1778/1448 1437/1581/1348 1445/1555/1324
f 1463/1771/1472 1450/1767/1468 1448/1784/1303 1461/1789/600
f 1475/1794/1479 1482/1795/1480 1483/1687/1422 1474/1686/1421
f 1473/1796/1301 1480/1797/1300 1482/1795/1480 1475/1794/1479
f 1478/1798/1481 1482/1795/1480 1480/1797/1300 1476/1799/629
f 1479/1760/1466 1483/1687/1422 1482/1795/1480 1478/1798/1481
f 1479/1800/1466 1515/1801/1482 1513/1601/1366 1477/1606/1371
f 1484/1602/1367 1513/1601/1366 1515/1801/1482 1486/1726/1446
f 1475/1794/1479 1466/1791/1478 1464/1793/1302 1473/1796/1301
f 1474/1686/1421 1467/1723/1443 1466/1791/1478 1475/1794/1479
f 1487/1724/1444 1514/1802/1483 1512/1803/1299 1485/1727/1298
f 1486/1726/1446 1515/1801/1482 1514/1802/1483 1487/1724/1444
f 1396/1589/1354 1404/1499/1294 1406/1669/1408 1398/1786/1476
f 1514/1802/1483 1478/1804/1481 1476/1805/629 1512/1803/1299
f 1499/1744/1457 1497/1559/1328 1345/1541/1310 1347/1667/1406
f 1508/1583/1350 1510/1707/1433 1382/1718/1440 1380/1611/1376
f 1390/1716/1438 1387/1739/1452 1386/1740/1453 1391/1717/1439
f 1499/1744/1457 1503/1743/1456 1501/1574/1343 1497/1559/1328
f 1496/1747/1301 1500/1806/1300 1502/1742/1455 1498/1741/1454
f 1370/1719/1441 1375/1712/1436 1374/1659/1398 1371/1731/1448
f 1507/1708/1434 1510/1707/1433 1508/1583/1350 1505/1586/1340
f 1504/1807/629 1509/1745/1299 1511/1706/1432 1506/1705/1431
f 1351/1711/1410 1355/1665/1404 1354/1664/1403 1350/1709/1435
f 1503/1743/1456 1507/1808/1434 1505/1571/1340 1501/1574/1343
f 1500/1806/1300 1504/1809/629 1506/1810/1431 1502/1742/1455
f 1502/1742/1455 1506/1810/1431 1507/1808/1434 1503/1743/1456
f 1515/1801/1482 1479/1800/1466 1478/1804/1481 1514/1802/1483
f 1324/1492/1287 1469/1561/1330 1312/1564/1333 1276/1493/1288
f 1410/1758/1465 1411/1782/1474 1403/1785/1475 1402/1676/1411
f 1411/1782/1474 1409/1537/1306 1401/1623/1388 1403/1785/1475
f 1433/1496/1291 1425/1495/1290 1427/1811/1462 1435/1751/1461
f 1391/1717/1439 1386/1740/1453 1384/1619/1384 1389/1612/1377
f 1388/1735/600 1385/1738/600 1387/1739/1452 1390/1716/1438
f 1394/1733/1450 1386/1740/1453 1387/1739/1452 1395/1736/1451
f 1371/1731/1448 1374/1659/1398 1372/1591/1356 1369/1568/1337
f 1368/1722/1397 1373/1713/626 1375/1712/1436 1370/1719/1441
f 1348/1488/1283 1352/1544/1313 1283/1543/1312 1282/1489/1284
f 1435/1751/1461 1427/1811/1462 1426/1774/1464 1434/1748/1458
f 1444/1788/1396 1436/1781/626 1438/1777/1441 1446/1780/1442
f 1396/1589/1354 1401/1623/1388 1295/1624/1389 1294/1590/1355
f 1281/1812/1484 1839/1813/1485 1844/1814/1486 1283/1815/1487
f 1293/1816/1488 1289/1817/1489 1857/1818/1490 1867/1819/1491
f 1313/1820/1492 1315/1821/1493 1920/1822/1494 1914/1823/1495
f 1297/1824/1496 1873/1825/1497 1946/1826/1498 1295/1827/1499
f 1311/1828/1484 1313/1820/1492 1914/1823/1495 1903/1829/1500
f 1294/1830/1501 1295/1827/1499 1946/1826/1498 1871/1831/1502
f 1315/1821/1493 1314/1832/1503 1917/1833/1504 1920/1822/1494
f 1289/1817/1489 1287/1834/1505 1869/1835/1506 1857/1818/1490
f 1323/1836/1507 1316/1837/1508 1852/1838/1509 1937/1839/1510
f 1306/1840/1511 1304/1841/1512 1940/1842/1513 1895/1843/1514
f 1299/1844/1515 1301/1845/1516 1883/1846/1517 1878/1847/1518
f 1280/1848/1519 1284/1849/1520 1846/1850/1490 1836/1851/1521
f 1298/1852/1522 1296/1853/1523 1821/1854/1524 1875/1855/1525
f 1305/1856/1526 1307/1857/1527 1892/1858/1528 1897/1859/1529
f 1304/1841/1512 1302/1860/1530 1890/1861/1531 1940/1842/1513
f 1279/1862/1532 1829/1863/1533 1846/1850/1490 1284/1849/1520
f 1279/1862/1532 1278/1864/1534 1832/1865/1535 1829/1863/1533
f 1320/1866/1493 1930/1867/1494 1927/1868/1536 1319/1869/1537
f 1318/1870/1538 1317/1871/1539 1923/1872/1540 1887/1873/1541
f 1297/1824/1496 1299/1844/1515 1878/1847/1518 1873/1825/1497
f 1276/1874/1542 1312/1875/1543 1900/1876/1544 1824/1877/1545
f 1307/1857/1527 1310/1878/1546 1911/1879/1547 1892/1858/1528
f 1281/1812/1484 1319/1869/1537 1927/1868/1536 1839/1813/1485
f 1277/1880/1548 1818/1881/1549 1832/1865/1535 1278/1864/1534
f 1298/1852/1522 1875/1855/1525 1880/1882/1550 1300/1883/1551
f 1321/1884/1503 1935/1885/1504 1930/1867/1494 1320/1866/1493
f 1280/1848/1519 1836/1851/1521 1923/1872/1540 1317/1871/1539
f 1323/1836/1507 1937/1839/1510 1917/1886/1504 1314/1887/1503
f 1322/1888/1552 1933/1889/1553 1935/1890/1504 1321/1891/1503
f 1282/1892/1543 1283/1815/1487 1844/1814/1486 1841/1893/1544
f 1967/1894/1554 1969/1895/1555 1770/1551/1320 1761/1896/1556
f 1316/1837/1508 1318/1870/1538 1887/1873/1541 1852/1838/1509
f 1282/1892/1543 1841/1893/1544 1849/1897/1557 1285/1898/1558
f 1310/1878/1546 1308/1899/1559 1942/1900/1560 1911/1879/1547
f 1300/1883/1551 1880/1882/1550 1890/1861/1531 1302/1860/1530
f 1301/1901/1516 1303/1902/1561 1944/1903/1562 1883/1904/1517
f 1303/1902/1561 1305/1856/1526 1897/1859/1529 1944/1903/1562
f 1286/1905/1563 1827/1906/1549 1855/1907/1564 1288/1908/1534
f 1309/1909/1565 1907/1910/1566 1900/1876/1544 1312/1875/1543
f 1311/1828/1484 1903/1829/1500 1907/1910/1566 1309/1909/1565
f 1985/1911/1567 1981/1912/1568 1980/1913/1569 1984/1914/1570
f 1287/1834/1505 1288/1908/1534 1855/1907/1564 1869/1835/1506
f 1306/1840/1511 1895/1843/1514 1942/1900/1560 1308/1899/1559
f 1290/1915/1508 1292/1916/1571 1864/1917/1541 1860/1918/1572
f 1291/1919/1539 1862/1920/1573 1864/1917/1541 1292/1916/1571
f 1290/1915/1508 1860/1918/1572 1933/1889/1553 1322/1888/1552
f 1291/1919/1539 1293/1816/1488 1867/1819/1491 1862/1920/1573
f 1807/1921/1574 1809/1922/1575 1647/1923/1576 1577/1924/1577
f 1998/1925/1578 1994/1926/1579 1884/1927/1580 1793/1928/1581
f 1762/1929/1582 1760/1930/1583 1541/1931/1584 1536/1932/1585
f 1980/1913/1569 1981/1912/1568 1982/1933/1586 1983/1934/1587
f 1757/1935/1588 1756/1936/1589 1527/1937/1590 1517/1938/1591
f 1779/1939/1592 1776/1934/1593 1611/1940/1585 1587/1941/1594
f 1760/1930/1583 1757/1935/1588 1517/1938/1591 1541/1931/1584
f 1763/1942/1595 1769/1943/1596 1567/1944/1594 1547/1945/1597
f 1763/1942/1595 1547/1945/1597 1706/1946/1598 1808/1947/1599
f 1772/1948/1600 1766/1949/1601 1557/1950/1602 1571/1951/1603
f 1765/1952/1604 1551/1953/1605 1562/1954/1606 1768/1955/1607
f 1773/1914/1608 1772/1948/1600 1571/1951/1603 1532/1956/1609
f 1776/1934/1593 1777/1913/1610 1582/1957/1584 1611/1940/1585
f 1809/1922/1575 1808/1947/1599 1706/1946/1598 1647/1923/1576
f 1781/1958/1611 1784/1959/1612 1601/1960/1576 1592/1961/1577
f 1814/1962/1613 1781/1958/1611 1592/1961/1577 1722/1963/1614
f 1811/1964/1615 1716/1965/1616 1711/1966/1617 1810/1967/1618
f 1782/1968/1619 1785/1969/1620 1607/1970/1597 1597/1971/1598
f 1784/1959/1612 1782/1968/1619 1597/1971/1598 1601/1960/1576
f 1785/1969/1620 1779/1939/1592 1587/1941/1594 1607/1970/1597
f 1773/1914/1608 1532/1956/1609 1582/1957/1584 1777/1913/1610
f 1984/1914/1570 1988/1948/1621 1989/1972/1622 1985/1911/1567
f 1993/1949/1623 1988/1948/1621 1627/1951/1590 1636/1950/1609
f 1988/1948/1621 1993/1949/1623 1992/1973/1624 1989/1972/1622
f 1797/1974/1625 1681/1975/1606 1671/1976/1602 1801/1977/1626
f 1994/1926/1579 1991/1978/1627 1877/1979/1628 1884/1927/1580
f 2010/1980/1629 2011/1981/1630 2008/1982/1631 2009/1964/1632
f 2006/1983/1633 2002/1984/1634 1898/1985/1635 1893/1986/1636
f 1277/1880/1548 1276/1874/1542 1824/1877/1545 1818/1881/1549
f 2005/1967/1637 2009/1964/1632 2008/1982/1631 2004/1987/1638
f 2003/1958/1639 1999/1959/1640 1998/1925/1578 2002/1984/1634
f 1997/1955/1641 2001/1952/1642 2000/1988/1643 1996/1989/1644
f 1524/1990/1645 1525/1991/1646 1620/1992/1647 1619/1993/1648
f 2001/1952/1642 2005/1967/1637 2004/1987/1638 2000/1988/1643
f 1802/1994/1649 1806/1995/1650 1701/1996/1616 1692/1997/1651
f 1799/1998/1652 1802/1994/1649 1692/1997/1651 1676/1999/1605
f 1627/1951/1590 1988/1948/1621 1984/1914/1570 1522/1956/1653
f 1804/2000/1654 1696/2001/1655 1701/1996/1616 1806/1995/1650
f 1817/2002/1613 1731/2003/1614 1696/2001/1655 1804/2000/1654
f 1799/1998/1652 1676/1999/1605 1681/1975/1606 1797/1974/1625
f 1765/1952/1604 1810/1967/1618 1711/1966/1617 1551/1953/1605
f 1813/1980/1656 1726/2004/1655 1716/1965/1616 1811/1964/1615
f 1814/1962/1613 1722/1963/1614 1726/2004/1655 1813/1980/1656
f 1981/1912/1568 1985/1911/1567 1789/2005/1360 1787/2006/1657
f 1286/1905/1563 1285/1898/1558 1849/1897/1557 1827/1906/1549
f 1817/2002/1613 1807/1921/1574 1577/1924/1577 1731/2003/1614
f 2011/1981/1630 2006/1983/1633 1893/1986/1636 1798/2007/1658
f 1522/1956/1653 1984/1914/1570 1980/1913/1569 1617/1957/1606
f 1762/1929/1582 1536/1932/1585 1567/1944/1594 1769/1943/1596
f 1516/2008/1659 1526/2009/1660 1672/2010/1661 1682/2011/1662 1677/2012/1663 1691/2013/1664 1702/2014/1665 1697/2015/1666 1732/2016/1667 1576/2017/1668 1646/2018/1669 1707/2019/1670 1546/2020/1671 1566/2021/1672 1537/2022/1673 1542/2023/1674
f 1521/1608/1373 1616/1607/1372 1752/2024/1663 1622/2025/1675 1631/2026/1665 1642/2027/1666 1747/2028/1667 1667/2029/1668 1657/2030/1669 1686/2031/1670 1742/2032/1671 1662/2033/1672 1737/2034/1673 1652/2035/1674 1637/2036/1659 1626/2037/1660
f 1531/2038/1659 1572/2039/1660 1556/2040/1661 1561/2041/1372 1552/2042/1663 1712/2043/1664 1717/2044/1665 1727/2045/1666 1721/2046/1667 1591/2047/1668 1602/2048/1669 1596/2049/1670 1606/2050/1671 1586/2051/1672 1612/2052/1676 1581/2053/1674
f 1529/2054/1677 1519/2055/1678 1520/2056/1679 1530/2057/1680
f 1528/2058/1681 1518/2059/1682 1519/2055/1678 1529/2054/1677
f 1526/2009/1660 1516/2008/1659 1518/2060/1682 1528/2061/1681
f 1528/2061/1681 1675/2062/1683 1672/2010/1661 1526/2009/1660
f 1618/2063/1375 1523/2064/1374 1524/1990/1645 1619/1993/1648
f 1629/2065/1684 1630/2066/1685 1525/1991/1646 1524/1990/1645
f 1620/1992/1647 1525/1991/1646 1522/1956/1653 1617/1957/1606
f 1617/1957/1606 1751/1940/1686 1753/2067/1687 1620/1992/1647
f 1529/2054/1677 1674/2068/1688 1675/2069/1683 1528/2058/1681
f 1530/2057/1680 1673/2070/1689 1674/2068/1688 1529/2054/1677
f 1692/1997/1651 1701/1996/1616 1703/2071/1690 1695/2072/1691
f 1541/1931/1584 1517/1938/1591 1520/2056/1679 1543/2073/1692
f 1535/1991/1693 1585/1992/1694 1582/1957/1584 1532/1956/1609
f 1574/2065/1695 1534/1990/1696 1535/1991/1693 1573/2066/1697
f 1575/2074/1681 1533/2064/1682 1534/1990/1696 1574/2065/1695
f 1572/2039/1660 1531/2038/1659 1533/2075/1682 1575/2076/1681
f 1552/2042/1663 1561/2041/1372 1563/2077/1698 1555/2078/1699
f 1539/2079/1700 1569/2080/1701 1570/2081/1702 1538/2082/1703
f 1540/2083/1704 1568/2084/1705 1569/2080/1701 1539/2079/1700
f 1537/2022/1673 1566/2021/1672 1568/2085/1705 1540/2086/1704
f 1540/2086/1704 1545/2087/1706 1542/2023/1674 1537/2022/1673
f 1539/2079/1700 1544/2088/1707 1545/2089/1706 1540/2083/1704
f 1538/2082/1703 1543/2073/1692 1544/2088/1707 1539/2079/1700
f 1527/1937/1590 1671/1976/1602 1673/2070/1689 1530/2057/1680
f 1545/2087/1706 1518/2060/1682 1516/2008/1659 1542/2023/1674
f 1544/2088/1707 1519/2055/1678 1518/2059/1682 1545/2089/1706
f 1543/2073/1692 1520/2056/1679 1519/2055/1678 1544/2088/1707
f 1536/1932/1585 1541/1931/1584 1543/2073/1692 1538/2082/1703
f 1548/2090/1708 1568/2085/1705 1566/2021/1672 1546/2020/1671
f 1549/2091/1709 1569/2080/1701 1568/2084/1705 1548/2092/1708
f 1550/2093/1710 1570/2081/1702 1569/2080/1701 1549/2091/1709
f 1671/1976/1602 1681/1975/1606 1683/2094/1711 1673/2070/1689
f 1578/2095/1712 1648/2096/1713 1646/2018/1669 1576/2017/1668
f 1555/2097/1699 1563/2098/1698 1564/2099/1714 1554/2100/1715
f 1554/2100/1715 1564/2099/1714 1565/2101/1716 1553/2102/1717
f 1532/1956/1609 1571/1951/1603 1573/2066/1697 1535/1991/1693
f 1558/2103/1683 1563/2077/1698 1561/2041/1372 1556/2040/1661
f 1559/2104/1718 1564/2099/1714 1563/2098/1698 1558/2105/1683
f 1560/2106/1719 1565/2101/1716 1564/2099/1714 1559/2104/1718
f 1726/2004/1655 1722/1963/1614 1725/2107/1720 1728/2108/1721
f 1592/1961/1577 1601/1960/1576 1603/2109/1722 1595/2110/1723
f 1534/1990/1696 1584/1993/1724 1585/1992/1694 1535/1991/1693
f 1533/2064/1682 1583/2063/1725 1584/1993/1724 1534/1990/1696
f 1531/2038/1659 1581/2053/1674 1583/2111/1725 1533/2075/1682
f 1571/1951/1603 1557/1950/1602 1560/2106/1719 1573/2066/1697
f 1579/2112/1726 1649/2113/1727 1648/2114/1713 1578/2115/1712
f 1580/2116/1728 1650/2117/1729 1649/2113/1727 1579/2112/1726
f 1681/1975/1606 1676/1999/1605 1678/2118/1730 1683/2094/1711
f 1695/2072/1691 1678/2118/1730 1676/1999/1605 1692/1997/1651
f 1614/2119/1731 1589/2120/1732 1590/2121/1733 1613/2067/1734
f 1615/2122/1735 1588/2123/1705 1589/2120/1732 1614/2119/1731
f 1612/2052/1676 1586/2051/1672 1588/2124/1705 1615/2125/1735
f 1593/2126/1736 1605/2127/1713 1602/2048/1669 1591/2047/1668
f 1594/2128/1737 1604/2129/1738 1605/2130/1713 1593/2131/1736
f 1595/2110/1723 1603/2109/1722 1604/2129/1738 1594/2128/1737
f 1610/2132/1739 1607/1970/1597 1587/1941/1594 1590/2121/1733
f 1586/2051/1672 1606/2050/1671 1608/2133/1708 1588/2124/1705
f 1588/2123/1705 1608/2134/1708 1609/2135/1740 1589/2120/1732
f 1589/2120/1732 1609/2135/1740 1610/2132/1739 1590/2121/1733
f 1613/2067/1734 1590/2121/1733 1587/1941/1594 1611/1940/1585
f 1600/2136/1741 1610/2132/1739 1609/2135/1740 1599/2137/1742
f 1599/2137/1742 1609/2135/1740 1608/2134/1708 1598/2138/1743
f 1598/2139/1743 1608/2133/1708 1606/2050/1671 1596/2049/1670
f 1591/2047/1668 1721/2046/1667 1723/2140/1744 1593/2126/1736
f 1593/2131/1736 1723/2141/1744 1724/2142/1745 1594/2128/1737
f 1594/2128/1737 1724/2142/1745 1725/2107/1720 1595/2110/1723
f 1711/1966/1617 1716/1965/1616 1718/2143/1746 1713/2144/1747
f 1575/2076/1681 1558/2103/1683 1556/2040/1661 1572/2039/1660
f 1574/2065/1695 1559/2104/1718 1558/2105/1683 1575/2074/1681
f 1573/2066/1697 1560/2106/1719 1559/2104/1718 1574/2065/1695
f 1711/1966/1617 1713/2144/1747 1553/2102/1717 1551/1953/1605
f 1725/2107/1720 1722/1963/1614 1592/1961/1577 1595/2110/1723
f 1748/2109/1748 1668/2110/1749 1669/2128/1750 1749/2129/1751
f 1619/1993/1648 1754/2119/1752 1755/2122/1753 1618/2063/1375
f 1618/1610/1375 1755/2145/1753 1752/2024/1663 1616/1607/1372
f 1521/1608/1373 1626/2037/1660 1628/2146/1754 1523/1609/1374
f 1523/2064/1374 1628/2074/1754 1629/2065/1684 1524/1990/1645
f 1643/2136/1755 1644/2137/1756 1634/2135/1757 1635/2132/1758
f 1525/1991/1646 1630/2066/1685 1627/1951/1590 1522/1956/1653
f 1751/1940/1686 1621/1941/1617 1623/2121/1759 1753/2067/1687
f 1754/2119/1752 1624/2120/1760 1625/2123/1761 1755/2122/1753
f 1755/2145/1753 1625/2147/1761 1622/2025/1675 1752/2024/1663
f 1635/2132/1758 1623/2121/1759 1621/1941/1617 1632/1970/1762
f 1549/2091/1709 1709/2148/1763 1708/2149/1764 1550/2093/1710
f 1548/2092/1708 1710/2150/1743 1709/2148/1763 1549/2091/1709
f 1546/2020/1671 1707/2019/1670 1710/2151/1743 1548/2090/1708
f 1648/2096/1713 1710/2151/1743 1707/2019/1670 1646/2018/1669
f 1638/2106/1765 1630/2066/1685 1629/2065/1684 1639/2104/1766
f 1633/2134/1767 1625/2123/1761 1624/2120/1760 1634/2135/1757
f 1631/2026/1665 1622/2025/1675 1625/2147/1761 1633/2152/1767
f 1640/2153/1768 1628/2146/1754 1626/2037/1660 1637/2036/1659
f 1639/2104/1766 1629/2065/1684 1628/2074/1754 1640/2105/1768
f 1654/2099/1769 1653/2101/1770 1638/2106/1765 1639/2104/1766
f 1636/1950/1609 1627/1951/1590 1630/2066/1685 1638/2106/1765
f 1632/1970/1762 1641/1971/1771 1643/2136/1755 1635/2132/1758
f 1668/2110/1749 1658/2107/1772 1659/2142/1773 1669/2128/1750
f 1634/2135/1757 1644/2137/1756 1645/2138/1774 1633/2134/1767
f 1633/2152/1767 1645/2154/1774 1642/2027/1666 1631/2026/1665
f 1637/2036/1659 1652/2035/1674 1655/2155/1775 1640/2153/1768
f 1640/2105/1768 1655/2098/1775 1654/2099/1769 1639/2104/1766
f 1744/2156/1776 1689/2157/1777 1690/2108/1778 1743/2143/1779
f 1638/2106/1765 1653/2101/1770 1651/1954/1780 1636/1950/1609
f 1748/2109/1748 1643/2136/1755 1641/1971/1771 1746/1960/1781
f 1649/2113/1727 1709/2148/1763 1710/2150/1743 1648/2114/1713
f 1650/2117/1729 1708/2149/1764 1709/2148/1763 1649/2113/1727
f 1577/1924/1577 1647/1923/1576 1650/2117/1729 1580/2116/1728
f 1685/2158/1698 1680/2159/1699 1677/2012/1663 1682/2011/1662
f 1738/2102/1782 1653/2101/1770 1654/2099/1769 1739/2100/1783
f 1750/2130/1784 1645/2138/1774 1644/2137/1756 1749/2129/1751
f 1747/2028/1667 1642/2027/1666 1645/2154/1774 1750/2160/1784
f 1740/2161/1785 1655/2155/1775 1652/2035/1674 1737/2034/1673
f 1739/2100/1783 1654/2099/1769 1655/2098/1775 1740/2097/1785
f 1743/2143/1779 1663/2144/1786 1664/2162/1787 1744/2156/1776
f 1736/1953/1788 1651/1954/1780 1653/2101/1770 1738/2102/1782
f 1670/2163/1789 1660/2164/1790 1657/2030/1669 1667/2029/1668
f 1669/2128/1750 1659/2142/1773 1660/2141/1790 1670/2131/1789
f 1634/2135/1757 1624/2120/1760 1623/2121/1759 1635/2132/1758
f 1666/1961/1791 1656/1963/1792 1658/2107/1772 1668/2110/1749
f 1745/2165/1793 1665/2166/1794 1662/2033/1672 1742/2032/1671
f 1744/2156/1776 1664/2162/1787 1665/2167/1794 1745/2168/1793
f 1753/2067/1687 1754/2119/1752 1619/1993/1648 1620/1992/1647
f 1741/1965/1795 1661/1966/1796 1663/2144/1786 1743/2143/1779
f 1750/2160/1784 1670/2163/1789 1667/2029/1668 1747/2028/1667
f 1749/2129/1751 1669/2128/1750 1670/2131/1789 1750/2130/1784
f 1689/2157/1777 1659/2142/1773 1658/2107/1772 1690/2108/1778
f 1746/1960/1781 1666/1961/1791 1668/2110/1749 1748/2109/1748
f 1743/2143/1779 1690/2108/1778 1687/2004/1797 1741/1965/1795
f 1684/2169/1798 1679/2170/1799 1680/2171/1699 1685/2172/1698
f 1683/2094/1711 1678/2118/1730 1679/2170/1799 1684/2169/1798
f 1547/1945/1597 1567/1944/1594 1570/2081/1702 1550/2093/1710
f 1675/2062/1683 1685/2158/1698 1682/2011/1662 1672/2010/1661
f 1674/2068/1688 1684/2169/1798 1685/2172/1698 1675/2069/1683
f 1673/2070/1689 1683/2094/1711 1684/2169/1798 1674/2068/1688
f 1550/2093/1710 1708/2149/1764 1706/1946/1598 1547/1945/1597
f 1693/2173/1800 1705/2174/1801 1702/2014/1665 1691/2013/1664
f 1663/2144/1786 1738/2102/1782 1739/2100/1783 1664/2162/1787
f 1745/2168/1793 1688/2175/1802 1689/2157/1777 1744/2156/1776
f 1742/2032/1671 1686/2031/1670 1688/2176/1802 1745/2165/1793
f 1690/2108/1778 1658/2107/1772 1656/1963/1792 1687/2004/1797
f 1694/2177/1803 1704/2178/1804 1705/2179/1801 1693/2180/1800
f 1695/2072/1691 1703/2071/1690 1704/2178/1804 1694/2177/1803
f 1647/1923/1576 1706/1946/1598 1708/2149/1764 1650/2117/1729
f 1733/2181/1805 1698/2182/1806 1696/2001/1655 1731/2003/1614
f 1699/2183/1807 1704/2178/1804 1703/2071/1690 1698/2182/1806
f 1700/2184/1808 1705/2179/1801 1704/2178/1804 1699/2183/1807
f 1697/2015/1666 1702/2014/1665 1705/2174/1801 1700/2185/1808
f 1698/2182/1806 1703/2071/1690 1701/1996/1616 1696/2001/1655
f 1694/2177/1803 1679/2170/1799 1678/2118/1730 1695/2072/1691
f 1693/2180/1800 1680/2171/1699 1679/2170/1799 1694/2177/1803
f 1691/2013/1664 1677/2012/1663 1680/2159/1699 1693/2173/1800
f 1579/2112/1726 1734/2186/1809 1733/2181/1805 1580/2116/1728
f 1578/2115/1712 1735/2187/1810 1734/2186/1809 1579/2112/1726
f 1576/2017/1668 1732/2016/1667 1735/2188/1810 1578/2095/1712
f 1580/2116/1728 1733/2181/1805 1731/2003/1614 1577/1924/1577
f 1553/2102/1717 1713/2144/1747 1714/2162/1811 1554/2100/1715
f 1554/2100/1715 1714/2162/1811 1715/2167/1800 1555/2097/1699
f 1555/2078/1699 1715/2189/1800 1712/2043/1664 1552/2042/1663
f 1715/2189/1800 1720/2190/1801 1717/2044/1665 1712/2043/1664
f 1714/2162/1811 1719/2156/1812 1720/2168/1801 1715/2167/1800
f 1713/2144/1747 1718/2143/1746 1719/2156/1812 1714/2162/1811
f 1601/1960/1576 1597/1971/1598 1600/2136/1741 1603/2109/1722
f 1730/2191/1808 1723/2140/1744 1721/2046/1667 1727/2045/1666
f 1729/2157/1813 1724/2142/1745 1723/2141/1744 1730/2175/1808
f 1728/2108/1721 1725/2107/1720 1724/2142/1745 1729/2157/1813
f 1611/1940/1585 1582/1957/1584 1585/1992/1694 1613/2067/1734
f 1720/2190/1801 1730/2191/1808 1727/2045/1666 1717/2044/1665
f 1719/2156/1812 1729/2157/1813 1730/2175/1808 1720/2168/1801
f 1718/2143/1746 1728/2108/1721 1729/2157/1813 1719/2156/1812
f 1557/1950/1602 1562/1954/1606 1565/2101/1716 1560/2106/1719
f 1605/2127/1713 1598/2139/1743 1596/2049/1670 1602/2048/1669
f 1734/2186/1809 1699/2183/1807 1698/2182/1806 1733/2181/1805
f 1735/2187/1810 1700/2184/1808 1699/2183/1807 1734/2186/1809
f 1732/2016/1667 1697/2015/1666 1700/2185/1808 1735/2188/1810
f 1826/2192/1814 1820/2193/1815 1818/2194/1549 1824/2195/1545
f 1623/2121/1759 1624/2120/1760 1754/2119/1752 1753/2067/1687
f 1688/2175/1802 1660/2141/1790 1659/2142/1773 1689/2157/1777
f 1686/2031/1670 1657/2030/1669 1660/2164/1790 1688/2176/1802
f 1665/2166/1794 1740/2161/1785 1737/2034/1673 1662/2033/1672
f 1604/2129/1738 1599/2137/1742 1598/2138/1743 1605/2130/1713
f 1603/2109/1722 1600/2136/1741 1599/2137/1742 1604/2129/1738
f 1716/1965/1616 1726/2004/1655 1728/2108/1721 1718/2143/1746
f 1615/2125/1735 1583/2111/1725 1581/2053/1674 1612/2052/1676
f 1614/2119/1731 1584/1993/1724 1583/2063/1725 1615/2122/1735
f 1613/2067/1734 1585/1992/1694 1584/1993/1724 1614/2119/1731
f 1610/2132/1739 1600/2136/1741 1597/1971/1598 1607/1970/1597
f 1850/1593/1358 1828/2196/1816 1827/2197/1549 1849/2198/1557
f 1664/2162/1787 1739/2100/1783 1740/2097/1785 1665/2167/1794
f 1749/2129/1751 1644/2137/1756 1643/2136/1755 1748/2109/1748
f 1661/1966/1796 1736/1953/1788 1738/2102/1782 1663/2144/1786
f 1789/2005/1360 1822/2196/1817 1872/2199/1818 1787/2006/1657
f 1825/2200/1819 1819/2201/1820 1820/2193/1815 1826/2192/1814
f 1823/2202/1821 1758/2203/1822 1819/2201/1820 1825/2200/1819
f 1825/2200/1819 1902/2204/1823 1800/2205/1824 1823/2202/1821
f 1791/1596/1825 1876/1593/1358 1822/2196/1817 1789/2005/1360
f 1871/2206/1502 1946/2207/1498 1947/2208/1826 1872/2199/1818
f 1826/2192/1814 1901/2209/1827 1902/2204/1823 1825/2200/1819
f 1824/2195/1545 1900/2210/1544 1901/2209/1827 1826/2192/1814
f 1830/2211/1828 1848/2212/1829 1846/2213/1490 1829/2214/1533
f 1774/2005/1830 1778/2006/1831 1856/2199/1832 1828/2196/1816
f 1771/1596/1361 1774/2005/1830 1828/2196/1816 1850/1593/1358
f 1929/2215/1833 1928/2216/1834 1764/2217/1835 1840/2218/1836
f 1831/2219/1837 1847/1550/1319 1848/2212/1829 1830/2211/1828
f 1831/2219/1837 1834/2220/1838 1759/2221/1839 1761/1896/1556
f 1834/2220/1838 1819/2201/1820 1758/2203/1822 1759/2221/1839
f 1830/2211/1828 1833/2222/1840 1834/2220/1838 1831/2219/1837
f 1829/2214/1533 1832/2223/1535 1833/2222/1840 1830/2211/1828
f 1833/2222/1840 1820/2193/1815 1819/2201/1820 1834/2220/1838
f 1888/2224/1841 1926/2225/1842 1924/2226/1843 1886/2227/1844
f 1832/2223/1535 1818/2194/1549 1820/2193/1815 1833/2222/1840
f 1838/2228/1845 1848/2212/1829 1847/1550/1319 1837/1549/1318
f 1913/2229/1846 1904/2230/1847 1906/2231/1848 1915/2232/1849
f 1836/2233/1521 1846/2213/1490 1848/2212/1829 1838/2228/1845
f 1853/2234/1850 1888/2224/1841 1886/2227/1844 1851/2235/1851
f 1840/2218/1836 1845/2236/1818 1844/2237/1486 1839/2238/1485
f 1936/2239/1852 1934/2240/1853 1815/1986/1854 1812/2007/1855
f 1870/2208/1828 1856/2199/1832 1778/2006/1831 1775/2241/1856
f 1841/2242/1544 1844/2237/1486 1845/2236/1818 1842/1594/1359
f 1828/2196/1816 1856/2199/1832 1855/2206/1564 1827/2197/1549
f 1866/2243/1857 1865/1928/1858 1859/1985/1635 1861/2244/1859
f 1870/2208/1828 1858/2245/1860 1857/2246/1490 1869/2207/1506
f 1854/2247/1861 1889/2248/1862 1888/2224/1841 1853/2234/1850
f 1852/2249/1509 1887/2250/1541 1889/2248/1862 1854/2247/1861
f 1838/2228/1845 1925/2251/1863 1923/2252/1540 1836/2233/1521
f 1780/2253/1864 1786/1979/1865 1868/2254/1866 1858/2245/1860
f 1860/2255/1572 1864/2256/1541 1866/2243/1857 1861/2244/1859
f 1780/2253/1864 1858/2245/1860 1870/2208/1828 1775/2241/1856
f 1858/2245/1860 1868/2254/1866 1867/2257/1491 1857/2246/1490
f 1862/2258/1573 1867/2257/1491 1868/2254/1866 1863/2259/1867
f 1929/2215/1833 1932/2260/1868 1931/2261/1869 1928/2216/1834
f 1861/2244/1859 1934/2240/1853 1933/2262/1553 1860/2255/1572
f 1849/2198/1557 1841/2242/1544 1842/1594/1359 1850/1593/1358
f 1839/2238/1485 1927/2263/1536 1929/2215/1833 1840/2218/1836
f 1788/2241/1870 1787/2006/1657 1872/2199/1818 1947/2208/1826
f 1872/2199/1818 1822/2196/1817 1821/2197/1524 1871/2206/1502
f 1822/2196/1817 1876/1593/1358 1875/2198/1525 1821/2197/1524
f 1879/2254/1868 1874/2245/1871 1873/2246/1497 1878/2257/1518
f 1946/2207/1498 1873/2246/1497 1874/2245/1871 1947/2208/1826
f 1790/2253/1834 1788/2241/1870 1947/2208/1826 1874/2245/1871
f 1881/1595/1872 1882/1594/1873 1876/1593/1358 1791/1596/1825
f 1837/1549/1318 1926/2225/1842 1925/2251/1863 1838/2228/1845
f 1835/1552/1321 1924/2226/1843 1926/2225/1842 1837/1549/1318
f 1889/2248/1862 1925/2251/1863 1926/2225/1842 1888/2224/1841
f 1874/2245/1871 1879/2254/1868 1877/1979/1628 1790/2253/1834
f 1880/2242/1550 1875/2198/1525 1876/1593/1358 1882/1594/1873
f 1792/2264/1874 1891/2236/1832 1882/1594/1873 1881/1595/1872
f 1878/2257/1518 1883/2258/1517 1885/2259/1852 1879/2254/1868
f 1885/2259/1852 1884/1927/1580 1877/1979/1628 1879/2254/1868
f 1882/1594/1873 1891/2236/1832 1890/2237/1531 1880/2242/1550
f 1945/2243/1875 1885/2259/1852 1883/2258/1517 1944/2256/1562
f 1792/2264/1874 1794/2217/1876 1941/2218/1877 1891/2236/1832
f 1910/2265/1878 1906/2231/1848 1904/2230/1847 1908/2266/1879
f 1887/2250/1541 1923/2252/1540 1925/2251/1863 1889/2248/1862
f 1909/2267/1880 1905/2268/1881 1906/2231/1848 1910/2265/1878
f 1885/2259/1852 1945/2243/1875 1793/1928/1581 1884/1927/1580
f 1940/2238/1513 1890/2237/1531 1891/2236/1832 1941/2218/1877
f 1897/2255/1529 1892/2262/1528 1894/2240/1882 1899/2244/1859
f 1893/1986/1636 1898/1985/1635 1899/2244/1859 1894/2240/1882
f 1942/2269/1560 1895/2263/1514 1896/2215/1860 1943/2260/1866
f 1795/2216/1883 1796/2261/1884 1943/2260/1866 1896/2215/1860
f 1944/2256/1562 1897/2255/1529 1899/2244/1859 1945/2243/1875
f 1793/1928/1581 1945/2243/1875 1899/2244/1859 1898/1985/1635
f 1943/2260/1866 1912/2239/1867 1911/2270/1547 1942/2269/1560
f 1912/2239/1867 1894/2240/1882 1892/2262/1528 1911/2270/1547
f 1538/2082/1703 1570/2081/1702 1567/1944/1594 1536/1932/1585
f 1907/2271/1566 1903/2272/1500 1905/2268/1881 1909/2267/1880
f 1902/2204/1823 1910/2265/1878 1908/2266/1879 1800/2205/1824
f 1901/2209/1827 1909/2267/1880 1910/2265/1878 1902/2204/1823
f 1900/2210/1544 1907/2271/1566 1909/2267/1880 1901/2209/1827
f 1915/2232/1849 1922/2273/1885 1805/2274/1886 1913/2229/1846
f 1912/2239/1867 1943/2260/1866 1796/2261/1884 1798/2007/1658
f 1916/2275/1887 1921/2276/1888 1922/2273/1885 1915/2232/1849
f 1914/2277/1495 1920/2278/1494 1921/2276/1888 1916/2275/1887
f 1918/2279/1889 1921/2276/1888 1920/2278/1494 1917/2280/1504
f 1919/2281/1890 1922/2273/1885 1921/2276/1888 1918/2279/1889
f 1805/2274/1886 1922/2273/1885 1919/2281/1890 1803/2282/1891
f 1916/2275/1887 1905/2268/1881 1903/2272/1500 1914/2277/1495
f 1915/2232/1849 1906/2231/1848 1905/2268/1881 1916/2275/1887
f 1854/2247/1861 1938/2283/1853 1937/2284/1510 1852/2249/1509
f 1761/1896/1556 1770/1551/1320 1847/1550/1319 1831/2219/1837
f 1853/2234/1850 1939/2285/1892 1938/2283/1853 1854/2247/1861
f 1816/2286/1893 1939/2285/1892 1853/2234/1850 1851/2235/1851
f 1938/2283/1853 1918/2279/1889 1917/2280/1504 1937/2284/1510
f 1794/2217/1876 1795/2216/1883 1896/2215/1860 1941/2218/1877
f 1815/1986/1854 1934/2240/1853 1861/2244/1859 1859/1985/1635
f 1866/2243/1857 1863/2259/1867 1783/1927/1894 1865/1928/1858
f 1927/2263/1536 1930/2269/1494 1932/2260/1868 1929/2215/1833
f 1935/2270/1504 1933/2262/1553 1934/2240/1853 1936/2239/1852
f 1843/2264/1895 1767/1595/1360 1842/1594/1359 1845/2236/1818
f 1930/2269/1494 1935/2270/1504 1936/2239/1852 1932/2260/1868
f 1932/2260/1868 1936/2239/1852 1812/2007/1855 1931/2261/1869
f 1939/2285/1892 1919/2281/1890 1918/2279/1889 1938/2283/1853
f 1803/2282/1891 1919/2281/1890 1939/2285/1892 1816/2286/1893
f 1756/1936/1589 1801/1977/1626 1671/1976/1602 1527/1937/1590
f 1894/2240/1882 1912/2239/1867 1798/2007/1658 1893/1986/1636
f 1864/2256/1541 1862/2258/1573 1863/2259/1867 1866/2243/1857
f 1786/1979/1865 1783/1927/1894 1863/2259/1867 1868/2254/1866
f 1869/2207/1506 1855/2206/1564 1856/2199/1832 1870/2208/1828
f 1766/1949/1601 1768/1955/1607 1562/1954/1606 1557/1950/1602
f 1895/2263/1514 1940/2238/1513 1941/2218/1877 1896/2215/1860
f 1296/1853/1523 1294/1830/1501 1871/1831/1502 1821/1854/1524
f 1760/1930/1583 1966/2287/1896 1965/2288/1897 1757/1935/1588
f 1964/2289/1898 1756/1936/1589 1757/1935/1588 1965/2288/1897
f 1966/2287/1896 1967/1894/1554 1761/1896/1556 1759/2221/1839
f 1987/1939/1899 1621/1941/1617 1751/1940/1686 1983/1934/1587
f 1986/2290/1900 1982/1933/1586 1788/2241/1870 1790/2253/1834
f 1964/2289/1898 1972/2291/1901 1801/1977/1626 1756/1936/1589
f 1959/1978/1902 1957/1926/1903 1783/1927/1894 1786/1979/1865
f 1952/1911/1904 1773/1914/1608 1777/1913/1610 1954/1912/1905
f 1952/1911/1904 1774/2005/1830 1771/1596/1361 1951/1972/1906
f 1762/1929/1582 1967/1894/1554 1966/2287/1896 1760/1930/1583
f 1965/2288/1897 1966/2287/1896 1759/2221/1839 1758/2203/1822
f 1968/2292/1907 1969/1895/1555 1769/1943/1596 1763/1942/1595
f 1772/1948/1600 1951/1972/1906 1949/1973/1908 1766/1949/1601
f 1765/1952/1604 1948/1988/1909 1960/1987/1910 1810/1967/1618
f 1765/1952/1604 1768/1955/1607 1950/1989/1911 1948/1988/1909
f 1949/1973/1908 1950/1989/1911 1768/1955/1607 1766/1949/1601
f 1960/1987/1910 1948/1988/1909 1764/2217/1835 1928/2216/1834
f 1958/1925/1912 1956/1984/1913 1859/1985/1635 1865/1928/1858
f 1952/1911/1904 1954/1912/1905 1778/2006/1831 1774/2005/1830
f 1772/1948/1600 1773/1914/1608 1952/1911/1904 1951/1972/1906
f 1978/2293/1914 1976/2294/1915 1851/2235/1851 1886/2227/1844
f 1976/2294/1915 1978/2293/1914 1809/1922/1575 1807/1921/1574
f 1955/2290/1916 1779/1939/1592 1785/1969/1620 1959/1978/1902
f 1956/1984/1913 1781/1958/1611 1814/1962/1613 1963/1983/1917
f 1956/1984/1913 1958/1925/1912 1784/1959/1612 1781/1958/1611
f 1949/1973/1908 1951/1972/1906 1771/1596/1361 1767/1595/1360
f 1953/1933/1918 1955/2290/1916 1780/2253/1864 1775/2241/1856
f 1784/1959/1612 1958/1925/1912 1957/1926/1903 1782/1968/1619
f 1956/1984/1913 1963/1983/1917 1815/1986/1854 1859/1985/1635
f 1800/2205/1824 1972/2291/1901 1964/2289/1898 1823/2202/1821
f 1762/1929/1582 1769/1943/1596 1969/1895/1555 1967/1894/1554
f 1955/2290/1916 1959/1978/1902 1786/1979/1865 1780/2253/1864
f 1961/1982/1919 1960/1987/1910 1928/2216/1834 1931/2261/1869
f 1962/1981/1920 1961/1982/1919 1931/2261/1869 1812/2007/1855
f 1980/1913/1569 1983/1934/1587 1751/1940/1686 1617/1957/1606
f 1985/1911/1567 1989/1972/1622 1791/1596/1825 1789/2005/1360
f 1970/2295/1921 1972/2291/1901 1800/2205/1824 1908/2266/1879
f 1991/1978/1627 1986/2290/1900 1790/2253/1834 1877/1979/1628
f 1987/1939/1899 1983/1934/1587 1982/1933/1586 1986/2290/1900
f 1990/1969/1922 1987/1939/1899 1986/2290/1900 1991/1978/1627
f 1987/1939/1899 1990/1969/1922 1632/1970/1762 1621/1941/1617
f 1973/2296/1923 1971/2297/1924 1904/2230/1847 1913/2229/1846
f 1989/1972/1622 1992/1973/1624 1881/1595/1872 1791/1596/1825
f 1990/1969/1922 1991/1978/1627 1994/1926/1579 1995/1968/1925
f 1993/1949/1623 1997/1955/1641 1996/1989/1644 1992/1973/1624
f 1990/1969/1922 1995/1968/1925 1641/1971/1771 1632/1970/1762
f 1992/1973/1624 1996/1989/1644 1792/2264/1874 1881/1595/1872
f 1995/1968/1925 1994/1926/1579 1998/1925/1578 1999/1959/1640
f 1978/2293/1914 1977/2298/1926 1808/1947/1599 1809/1922/1575
f 1996/1989/1644 2000/1988/1643 1794/2217/1876 1792/2264/1874
f 1997/1955/1641 1651/1954/1780 1736/1953/1788 2001/1952/1642
f 2007/1962/1927 2010/1980/1629 1687/2004/1797 1656/1963/1792
f 2003/1958/1639 2007/1962/1927 1656/1963/1792 1666/1961/1791
f 2004/1987/1638 2008/1982/1631 1796/2261/1884 1795/2216/1883
f 2002/1984/1634 1998/1925/1578 1793/1928/1581 1898/1985/1635
f 2000/1988/1643 2004/1987/1638 1795/2216/1883 1794/2217/1876
f 1995/1968/1925 1999/1959/1640 1746/1960/1781 1641/1971/1771
f 2007/1962/1927 2003/1958/1639 2002/1984/1634 2006/1983/1633
f 2010/1980/1629 2009/1964/1632 1741/1965/1795 1687/2004/1797
f 1999/1959/1640 2003/1958/1639 1666/1961/1791 1746/1960/1781
f 1973/2296/1923 1802/1994/1649 1799/1998/1652 1971/2297/1924
f 1797/1974/1625 1970/2295/1921 1971/2297/1924 1799/1998/1652
f 1977/2298/1926 1978/2293/1914 1886/2227/1844 1924/2226/1843
f 1973/2296/1923 1975/2299/1928 1806/1995/1650 1802/1994/1649
f 1979/2300/1929 1974/2301/1930 1803/2282/1891 1816/2286/1893
f 1804/2000/1654 1806/1995/1650 1975/2299/1928 1974/2301/1930
f 1801/1977/1626 1972/2291/1901 1970/2295/1921 1797/1974/1625
f 2007/1962/1927 2006/1983/1633 2011/1981/1630 2010/1980/1629
f 1530/2057/1680 1520/2056/1679 1517/1938/1591 1527/1937/1590
f 1948/1988/1909 1950/1989/1911 1843/2264/1895 1764/2217/1835
f 1957/1926/1903 1958/1925/1912 1865/1928/1858 1783/1927/1894
f 1811/1964/1615 1961/1982/1919 1962/1981/1920 1813/1980/1656
f 1813/1980/1656 1962/1981/1920 1963/1983/1917 1814/1962/1613
f 1950/1989/1911 1949/1973/1908 1767/1595/1360 1843/2264/1895
f 1758/2203/1822 1823/2202/1821 1964/2289/1898 1965/2288/1897
f 1976/2294/1915 1979/2300/1929 1816/2286/1893 1851/2235/1851
f 1651/1954/1780 1997/1955/1641 1993/1949/1623 1636/1950/1609
f 1968/2292/1907 1977/2298/1926 1924/2226/1843 1835/1552/1321
f 1974/2301/1930 1975/2299/1928 1805/2274/1886 1803/2282/1891
f 1810/1967/1618 1960/1987/1910 1961/1982/1919 1811/1964/1615
f 1957/1926/1903 1959/1978/1902 1785/1969/1620 1782/1968/1619
f 1968/2292/1907 1763/1942/1595 1808/1947/1599 1977/2298/1926
f 1776/1934/1593 1953/1933/1918 1954/1912/1905 1777/1913/1610
f 1954/1912/1905 1953/1933/1918 1775/2241/1856 1778/2006/1831
f 1776/1934/1593 1779/1939/1592 1955/2290/1916 1953/1933/1918
f 2008/1982/1631 2011/1981/1630 1798/2007/1658 1796/2261/1884
f 2005/1967/1637 2001/1952/1642 1736/1953/1788 1661/1966/1796
f 2005/1967/1637 1661/1966/1796 1741/1965/1795 2009/1964/1632
f 1969/1895/1555 1968/2292/1907 1835/1552/1321 1770/1551/1320
f 1817/2002/1613 1804/2000/1654 1974/2301/1930 1979/2300/1929
f 1976/2294/1915 1807/1921/1574 1817/2002/1613 1979/2300/1929
f 1971/2297/1924 1970/2295/1921 1908/2266/1879 1904/2230/1847
f 1982/1933/1586 1981/1912/1568 1787/2006/1657 1788/2241/1870
f 1963/1983/1917 1962/1981/1920 1812/2007/1855 1815/1986/1854
f 1975/2299/1928 1973/2296/1923 1913/2229/1846 1805/2274/1886
f 1362/1663/1402 1367/1662/1401 1365/1714/361 1360/1746/361
f 1352/1544/1313 1354/1664/1403 1347/1667/1406 1345/1541/1310
f 1565/2101/1716 1562/1954/1606 1551/1953/1605 1553/2102/1717
f 1843/2264/1895 1845/2236/1818 1840/2218/1836 1764/2217/1835
f 1327/1680/1415 1331/1679/1414 1329/1698/1395 1325/1690/361
f 1406/1669/1408 1407/1671/1410 1399/1672/1404 1398/1786/1476
f 2150/2302/1931 2111/2303/1932 2113/2304/1933 2151/2305/1934
f 2289/2306/1935 2296/2307/1936 2103/2308/1937 2096/2309/1938
f 2277/2310/1939 2280/2311/1940 2093/2312/1941 2092/2313/1942
f 2106/2314/1943 2118/2315/1944 2039/2316/1945 2035/2317/1946
f 2153/2318/1947 2171/2319/1948 2057/2320/1949 2051/2321/1950
f 2177/2322/1943 2195/2323/1951 2065/2324/1952 2059/2325/1953
f 2537/2326/1954 2504/2327/1955 2259/2328/1956 2282/2329/1957
f 2274/2330/1958 2277/2310/1939 2092/2313/1942 2091/2331/1959
f 2201/2332/1940 2180/2333/1960 2060/2334/1961 2067/2335/1962
f 2317/2336/1963 2312/2337/1964 2115/2338/1965 2117/2339/1966
f 2540/2340/1967 2472/2341/1968 2235/2342/1969 2286/2343/1970
f 2198/2344/1971 2189/2345/1972 2063/2346/1973 2066/2347/1974
f 2533/2348/1975 2516/2349/1976 2268/2350/1977 2279/2351/1978
f 2180/2333/1960 2186/2352/1979 2062/2353/1980 2060/2334/1961
f 2201/2332/1940 2202/2354/1981 2181/2355/1982 2180/2333/1960
f 2250/2356/1983 2226/2357/1984 2075/2358/1985 2083/2359/1986
f 2205/2360/1987 2187/2361/1988 2409/2362/1989 2433/2363/1990
f 2267/2364/1960 2271/2365/1979 2090/2366/1991 2089/2367/1992
f 2189/2345/1972 2192/2368/1939 2064/2369/1993 2063/2346/1973
f 2100/2370/1994 2120/2371/1995 2040/2372/1996 2033/2373/1997
f 2477/2374/1998 2468/2375/1999 2232/2376/2000 2237/2377/2001
f 2186/2352/1979 2204/2378/2002 2068/2379/2003 2062/2353/1980
f 2138/2380/2004 2132/2381/2005 2044/2382/2006 2046/2383/2007
f 2226/2357/1984 2228/2384/2008 2076/2385/2009 2075/2358/1985
f 2215/2386/2010 2154/2387/2011 2153/2318/1947 2213/2388/2012
f 2159/2389/2013 2165/2390/1994 2055/2391/2014 2053/2392/2015
f 2212/2393/2016 2157/2394/2017 2369/2395/2018 2440/2396/2019
f 2209/2397/2020 2166/2398/2021 2381/2399/2022 2436/2400/2023
f 2228/2384/2008 2216/2401/1932 2072/2402/2024 2076/2385/2009
f 2231/2403/2005 2244/2404/2025 2081/2405/2026 2077/2406/2027
f 2223/2407/2028 2246/2408/2029 2082/2409/2030 2074/2410/2031
f 2168/2411/2032 2174/2412/2033 2058/2413/2034 2056/2414/2035
f 2464/2415/2036 2448/2416/2037 2217/2417/2038 2229/2418/2039
f 2123/2419/2008 2111/2303/1932 2037/2420/2040 2041/2421/2041
f 2114/2422/1971 2274/2330/1958 2091/2331/1959 2038/2423/2042
f 2111/2303/1932 2150/2302/1931 2050/2424/2043 2037/2420/2040
f 2150/2302/1931 2126/2425/2044 2042/2426/2045 2050/2424/2043
f 2102/2427/2013 2100/2370/1994 2033/2373/1997 2034/2428/2046
f 2285/2429/2047 2234/2430/2048 2078/2431/2049 2095/2432/2050
f 2142/2433/2051 2137/2434/2052 2340/2435/2053 2349/2436/2054
f 2261/2437/2032 2256/2438/2033 2085/2439/2055 2087/2440/2056
f 2238/2441/2004 2231/2403/2005 2077/2406/2027 2079/2442/2057
f 2210/2443/2058 2135/2444/2048 2045/2445/2059 2070/2446/2050
f 2147/2447/1983 2129/2448/2060 2043/2449/1985 2049/2450/2061
f 2241/2451/2062 2250/2356/1983 2083/2359/1986 2080/2452/2063
f 2141/2453/2062 2147/2447/1983 2049/2450/2061 2047/2454/2063
f 2183/2455/2064 2177/2322/1943 2059/2325/1953 2061/2456/2065
f 2244/2404/2025 2252/2457/1947 2084/2458/1950 2081/2405/2026
f 2132/2381/2005 2213/2388/2012 2071/2459/2066 2044/2382/2006
f 2195/2323/1951 2198/2344/1971 2066/2347/1974 2065/2324/1952
f 2097/2460/1948 2102/2427/2013 2034/2428/2046 2032/2461/2067
f 2126/2425/2044 2144/2462/2029 2048/2463/2068 2042/2426/2045
f 2216/2401/1932 2220/2464/1931 2073/2465/2069 2072/2402/2024
f 2256/2438/2033 2265/2466/2070 2088/2467/2071 2085/2439/2055
f 2213/2388/2012 2153/2318/1947 2051/2321/1950 2071/2459/2066
f 2109/2468/2072 2106/2314/1943 2035/2317/1946 2036/2469/2073
f 2258/2470/2074 2261/2437/2032 2087/2440/2056 2086/2471/2075
f 2171/2319/1948 2159/2389/2013 2053/2392/2015 2057/2320/1949
f 2283/2472/2002 2258/2470/2074 2086/2471/2075 2094/2473/2076
f 2204/2378/2002 2162/2474/2077 2054/2475/2075 2068/2379/2003
f 2280/2311/1940 2267/2364/1960 2089/2367/1992 2093/2312/1941
f 2174/2412/2033 2175/2476/2078 2158/2477/2079 2156/2478/2070
f 2118/2315/1944 2114/2422/1971 2038/2423/2042 2039/2316/1945
f 2156/2478/2070 2210/2443/2058 2070/2446/2050 2052/2479/2080
f 2120/2371/1995 2109/2468/2072 2036/2469/2073 2040/2372/1996
f 2525/2480/2081 2529/2481/2082 2276/2482/2083 2273/2483/2084
f 2210/2443/2058 2156/2478/2070 2158/2477/2079 2211/2484/2085
f 2246/2408/2029 2238/2441/2004 2079/2442/2057 2082/2409/2030
f 2301/2485/2086 2317/2336/1963 2117/2339/1966 2105/2486/2087
f 2271/2365/1979 2283/2472/2002 2094/2473/2076 2090/2366/1991
f 2197/2487/2088 2195/2323/1951 2177/2322/1943 2179/2488/2089
f 2493/2489/2090 2461/2490/2091 2225/2491/2092 2249/2492/2093
f 2210/2443/2058 2211/2484/2085 2136/2493/2094 2135/2444/2048
f 2516/2349/1976 2521/2494/2095 2270/2495/2096 2268/2350/1977
f 2201/2332/1940 2192/2368/1939 2194/2496/2097 2202/2354/1981
f 2234/2430/2048 2241/2451/2062 2080/2452/2063 2078/2431/2049
f 2188/2497/2098 2186/2352/1979 2180/2333/1960 2181/2355/1982
f 2461/2490/2091 2464/2415/2036 2229/2418/2039 2225/2491/2092
f 2192/2368/1939 2201/2332/1940 2067/2335/1962 2064/2369/1993
f 2167/2498/2099 2165/2390/1994 2159/2389/2013 2160/2499/2100
f 2207/2500/1995 2183/2455/2064 2061/2456/2065 2069/2501/2101
f 2165/2390/1994 2207/2500/1995 2069/2501/2101 2055/2391/2014
f 2194/2496/2097 2192/2368/1939 2189/2345/1972 2190/2502/2102
f 2468/2375/1999 2485/2503/2103 2243/2504/2104 2232/2376/2000
f 2206/2505/2105 2204/2378/2002 2186/2352/1979 2188/2497/2098
f 2174/2412/2033 2168/2411/2032 2170/2506/2106 2175/2476/2078
f 2144/2462/2029 2138/2380/2004 2046/2383/2007 2048/2463/2068
f 2129/2448/2060 2130/2507/2107 2124/2508/2108 2123/2419/2008
f 2174/2412/2033 2156/2478/2070 2052/2479/2080 2058/2413/2034
f 2296/2307/1936 2293/2509/2109 2099/2510/2110 2103/2308/1937
f 2453/2511/2111 2457/2512/2112 2222/2513/2113 2219/2514/2114
f 2508/2515/2115 2501/2516/2116 2255/2517/2117 2262/2518/2118
f 2457/2512/2112 2488/2519/2119 2247/2520/2120 2222/2513/2113
f 2150/2302/1931 2151/2305/1934 2128/2521/2121 2126/2425/2044
f 2220/2464/1931 2223/2407/2028 2074/2410/2031 2073/2465/2069
f 2016/2522/228 2021/2523/228 2019/2524/228 2020/2525/228 2018/2526/228 2028/2527/228 2030/2528/228 2029/2529/228 2014/2530/228 2013/2531/228 2015/2532/228 2012/2533/228 2024/2534/228 2023/2535/228 2025/2536/228 2026/2537/228 2027/2538/228 2469/2539/1397 2476/2540/2122 2489/2541/1144 2456/2542/964 2452/2543/964 2449/2544/2123 2465/2545/1303 2460/2546/1303 2492/2547/2124 2480/2548/2125 2473/2549/2125 2541/2550/1299 2512/2551/2126 2500/2552/2127 2509/2553/2128 2505/2554/2129 2536/2555/2129 2520/2556/2130 2517/2557/2131 2532/2558/2132 2528/2559/2132 2524/2560/278 2313/2561/564 2308/2562/2133 2325/2563/1303 2333/2564/1303 2357/2565/2124 2348/2566/2125 2341/2567/2125 2441/2568/1299 2368/2569/2126 2393/2570/2127 2384/2571/2128 2377/2572/2129 2432/2573/2129 2408/2574/2130 2401/2575/2131 2429/2576/2132 2416/2577/2132 2413/2578/2134 2425/2579/2135 2420/2580/2135 2396/2581/2136 2405/2582/2136 2437/2583/2137
f 2187/2361/1988 2182/2584/2138 2400/2585/2139 2409/2362/1989
f 2488/2519/2119 2477/2374/1998 2237/2377/2001 2247/2520/2120
f 2312/2337/1964 2525/2480/2081 2273/2483/2084 2115/2338/1965
f 2198/2344/1971 2195/2323/1951 2197/2487/2088 2199/2586/2140
f 2472/2341/1968 2481/2587/2141 2240/2588/2142 2235/2342/1969
f 2172/2589/2143 2155/2590/2144 2364/2591/2145 2389/2592/2146
f 2448/2416/2037 2453/2511/2111 2219/2514/2114 2217/2417/2038
f 2481/2587/2141 2493/2489/2090 2249/2492/2093 2240/2588/2142
f 2135/2444/2048 2141/2453/2062 2047/2454/2063 2045/2445/2059
f 2305/2593/2147 2301/2485/2086 2105/2486/2087 2108/2594/2148
f 2485/2503/2103 2496/2595/2149 2253/2596/2150 2243/2504/2104
f 2147/2447/1983 2148/2597/2151 2130/2507/2107 2129/2448/2060
f 2513/2598/2152 2540/2340/1967 2286/2343/1970 2264/2599/2153
f 2022/2600/228 2017/2601/228 2016/2522/228 2437/2583/2137 2380/2602/649 2373/2603/2154 2388/2604/2155 2365/2605/2156 2444/2606/761 2337/2607/2157 2345/2608/2158 2353/2609/776 2328/2610/2159 2361/2611/2160 2308/2562/2133 2313/2561/564 2316/2612/2161 2300/2613/768 2304/2614/2162 2321/2615/749 2292/2616/649 2297/2617/2154 2288/2618/2155 2497/2619/2156 2484/2620/761 2469/2539/1397 2027/2538/228 2031/2621/228
f 2147/2447/1983 2141/2453/2062 2143/2622/2163 2148/2597/2151
f 2320/2623/2164 2305/2593/2147 2108/2594/2148 2121/2624/2165
f 2501/2516/2116 2513/2598/2152 2264/2599/2153 2255/2517/2117
f 2215/2386/2010 2213/2388/2012 2132/2381/2005 2133/2625/2166
f 2173/2626/2167 2171/2319/1948 2153/2318/1947 2154/2387/2011
f 2504/2327/1955 2508/2515/2115 2262/2518/2118 2259/2328/1956
f 2144/2462/2029 2126/2425/2044 2128/2521/2121 2145/2627/2168
f 2265/2466/2070 2285/2429/2047 2095/2432/2050 2088/2467/2071
f 2143/2622/2163 2141/2453/2062 2135/2444/2048 2136/2493/2094
f 2521/2494/2095 2537/2326/1954 2282/2329/1957 2270/2495/2096
f 2183/2455/2064 2184/2628/2169 2179/2488/2089 2177/2322/1943
f 2129/2448/2060 2123/2419/2008 2041/2421/2041 2043/2449/1985
f 2293/2509/2109 2320/2623/2164 2121/2624/2165 2099/2510/2110
f 2138/2380/2004 2139/2629/2170 2133/2625/2166 2132/2381/2005
f 2170/2506/2106 2168/2411/2032 2162/2474/2077 2163/2630/2171
f 2529/2481/2082 2533/2348/1975 2279/2351/1978 2276/2482/2083
f 2207/2500/1995 2165/2390/1994 2167/2498/2099 2208/2631/2172
f 2162/2474/2077 2168/2411/2032 2056/2414/2035 2054/2475/2075
f 2134/2632/2173 2214/2633/2174 2215/2386/2010 2133/2625/2166
f 2123/2419/2008 2124/2508/2108 2113/2304/1933 2111/2303/1932
f 2104/2634/2175 2103/2308/1937 2099/2510/2110 2101/2635/2176
f 2120/2371/1995 2122/2636/2177 2110/2637/2169 2109/2468/2072
f 2122/2636/2177 2121/2624/2165 2108/2594/2148 2110/2637/2169
f 2109/2468/2072 2110/2637/2169 2107/2638/2089 2106/2314/1943
f 2112/2639/2178 2125/2640/2179 2324/2641/2180 2309/2642/2181
f 2113/2304/1933 2124/2508/2108 2125/2640/2179 2112/2639/2178
f 2125/2640/2179 2131/2643/2182 2332/2644/2183 2324/2641/2180
f 2124/2508/2108 2130/2507/2107 2131/2643/2182 2125/2640/2179
f 2134/2632/2173 2140/2645/2184 2344/2646/2185 2336/2647/2186
f 2133/2625/2166 2139/2629/2170 2140/2645/2184 2134/2632/2173
f 2137/2434/2052 2142/2433/2051 2143/2622/2163 2136/2493/2094
f 2144/2462/2029 2145/2627/2168 2139/2629/2170 2138/2380/2004
f 2140/2645/2184 2146/2648/2187 2352/2649/2188 2344/2646/2185
f 2139/2629/2170 2145/2627/2168 2146/2648/2187 2140/2645/2184
f 2131/2643/2182 2149/2650/2189 2356/2651/2190 2332/2644/2183
f 2130/2507/2107 2148/2597/2151 2149/2650/2189 2131/2643/2182
f 2127/2652/2191 2152/2653/2192 2360/2654/2193 2329/2655/2194
f 2128/2521/2121 2151/2305/1934 2152/2653/2192 2127/2652/2191
f 2155/2590/2144 2172/2589/2143 2173/2626/2167 2154/2387/2011
f 2166/2398/2021 2161/2656/2195 2372/2657/2196 2381/2399/2022
f 2161/2656/2195 2166/2398/2021 2167/2498/2099 2160/2499/2100
f 2169/2658/2197 2164/2659/2198 2376/2660/2199 2385/2661/2200
f 2164/2659/2198 2169/2658/2197 2170/2506/2106 2163/2630/2171
f 2173/2626/2167 2160/2499/2100 2159/2389/2013 2171/2319/1948
f 2161/2656/2195 2172/2589/2143 2389/2592/2146 2372/2657/2196
f 2160/2499/2100 2173/2626/2167 2172/2589/2143 2161/2656/2195
f 2157/2394/2017 2176/2662/2201 2392/2663/2202 2369/2395/2018
f 2158/2477/2079 2175/2476/2078 2176/2662/2201 2157/2394/2017
f 2110/2637/2169 2108/2594/2148 2105/2486/2087 2107/2638/2089
f 2219/2514/2114 2221/2664/1934 2218/2665/2203 2217/2417/2038
f 2178/2666/2204 2185/2667/2205 2404/2668/2206 2397/2669/2207
f 2179/2488/2089 2184/2628/2169 2185/2667/2205 2178/2666/2204
f 2182/2584/2138 2187/2361/1988 2188/2497/2098 2181/2355/1982
f 2193/2670/2208 2191/2671/2209 2412/2672/2210 2417/2673/2211
f 2191/2671/2209 2193/2670/2208 2194/2496/2097 2190/2502/2102
f 2196/2674/2212 2178/2666/2204 2397/2669/2207 2421/2675/2213
f 2178/2666/2204 2196/2674/2212 2197/2487/2088 2179/2488/2089
f 2198/2344/1971 2199/2586/2140 2190/2502/2102 2189/2345/1972
f 2191/2671/2209 2200/2676/2214 2424/2677/2215 2412/2672/2210
f 2190/2502/2102 2199/2586/2140 2200/2676/2214 2191/2671/2209
f 2182/2584/2138 2203/2678/2216 2428/2679/2217 2400/2585/2139
f 2181/2355/1982 2202/2354/1981 2203/2678/2216 2182/2584/2138
f 2187/2361/1988 2205/2360/1987 2206/2505/2105 2188/2497/2098
f 2207/2500/1995 2208/2631/2172 2184/2628/2169 2183/2455/2064
f 2185/2667/2205 2209/2397/2020 2436/2400/2023 2404/2668/2206
f 2184/2628/2169 2208/2631/2172 2209/2397/2020 2185/2667/2205
f 2137/2434/2052 2212/2393/2016 2440/2396/2019 2340/2435/2053
f 2136/2493/2094 2211/2484/2085 2212/2393/2016 2137/2434/2052
f 2155/2590/2144 2214/2633/2174 2445/2680/2218 2364/2591/2145
f 2154/2387/2011 2215/2386/2010 2214/2633/2174 2155/2590/2144
f 2221/2664/1934 2220/2464/1931 2216/2401/1932 2218/2665/2203
f 2222/2513/2113 2224/2681/2219 2221/2664/1934 2219/2514/2114
f 2224/2681/2219 2223/2407/2028 2220/2464/1931 2221/2664/1934
f 2228/2384/2008 2230/2682/2220 2218/2665/2203 2216/2401/1932
f 2230/2682/2220 2229/2418/2039 2217/2417/2038 2218/2665/2203
f 2240/2588/2142 2242/2683/2221 2236/2684/2222 2235/2342/1969
f 2242/2683/2221 2241/2451/2062 2234/2430/2048 2236/2684/2222
f 2243/2504/2104 2245/2685/2223 2233/2686/2224 2232/2376/2000
f 2245/2685/2223 2244/2404/2025 2231/2403/2005 2233/2686/2224
f 2246/2408/2029 2248/2687/2225 2239/2688/2170 2238/2441/2004
f 2248/2687/2225 2247/2520/2120 2237/2377/2001 2239/2688/2170
f 2249/2492/2093 2251/2689/2226 2242/2683/2221 2240/2588/2142
f 2251/2689/2226 2250/2356/1983 2241/2451/2062 2242/2683/2221
f 2252/2457/1947 2254/2690/2227 2098/2691/2228 2097/2460/1948
f 2254/2690/2227 2253/2596/2150 2096/2309/1938 2098/2691/2228
f 2261/2437/2032 2263/2692/2106 2257/2693/2078 2256/2438/2033
f 2263/2692/2106 2262/2518/2118 2255/2517/2117 2257/2693/2078
f 2264/2599/2153 2266/2694/2229 2257/2693/2078 2255/2517/2117
f 2266/2694/2229 2265/2466/2070 2256/2438/2033 2257/2693/2078
f 2270/2495/2096 2272/2695/2230 2269/2696/2231 2268/2350/1977
f 2272/2695/2230 2271/2365/1979 2267/2364/1960 2269/2696/2231
f 2273/2483/2084 2275/2697/2232 2116/2698/2140 2115/2338/1965
f 2275/2697/2232 2274/2330/1958 2114/2422/1971 2116/2698/2140
f 2276/2482/2083 2278/2699/2233 2275/2697/2232 2273/2483/2084
f 2278/2699/2233 2277/2310/1939 2274/2330/1958 2275/2697/2232
f 2279/2351/1978 2281/2700/2234 2278/2699/2233 2276/2482/2083
f 2281/2700/2234 2280/2311/1940 2277/2310/1939 2278/2699/2233
f 2282/2329/1957 2284/2701/2105 2272/2695/2230 2270/2495/2096
f 2284/2701/2105 2283/2472/2002 2271/2365/1979 2272/2695/2230
f 2285/2429/2047 2287/2702/2235 2236/2684/2222 2234/2430/2048
f 2287/2702/2235 2286/2343/1970 2235/2342/1969 2236/2684/2222
f 2281/2700/2234 2269/2696/2231 2267/2364/1960 2280/2311/1940
f 2279/2351/1978 2268/2350/1977 2269/2696/2231 2281/2700/2234
f 2248/2687/2225 2224/2681/2219 2222/2513/2113 2247/2520/2120
f 2246/2408/2029 2223/2407/2028 2224/2681/2219 2248/2687/2225
f 2287/2702/2235 2266/2694/2229 2264/2599/2153 2286/2343/1970
f 2285/2429/2047 2265/2466/2070 2266/2694/2229 2287/2702/2235
f 2238/2441/2004 2239/2688/2170 2233/2686/2224 2231/2403/2005
f 2239/2688/2170 2237/2377/2001 2232/2376/2000 2233/2686/2224
f 2251/2689/2226 2227/2703/2107 2226/2357/1984 2250/2356/1983
f 2249/2492/2093 2225/2491/2092 2227/2703/2107 2251/2689/2226
f 2230/2682/2220 2227/2703/2107 2225/2491/2092 2229/2418/2039
f 2157/2394/2017 2212/2393/2016 2211/2484/2085 2158/2477/2079
f 2206/2505/2105 2163/2630/2171 2162/2474/2077 2204/2378/2002
f 2164/2659/2198 2205/2360/1987 2433/2363/1990 2376/2660/2199
f 2163/2630/2171 2206/2505/2105 2205/2360/1987 2164/2659/2198
f 2228/2384/2008 2226/2357/1984 2227/2703/2107 2230/2682/2220
f 2104/2634/2175 2098/2691/2228 2096/2309/1938 2103/2308/1937
f 2166/2398/2021 2209/2397/2020 2208/2631/2172 2167/2498/2099
f 2152/2653/2192 2112/2639/2178 2309/2642/2181 2360/2654/2193
f 2112/2639/2178 2152/2653/2192 2151/2305/1934 2113/2304/1933
f 2146/2648/2187 2127/2652/2191 2329/2655/2194 2352/2649/2188
f 2102/2427/2013 2097/2460/1948 2098/2691/2228 2104/2634/2175
f 2254/2690/2227 2245/2685/2223 2243/2504/2104 2253/2596/2150
f 2252/2457/1947 2244/2404/2025 2245/2685/2223 2254/2690/2227
f 2122/2636/2177 2101/2635/2176 2099/2510/2110 2121/2624/2165
f 2127/2652/2191 2146/2648/2187 2145/2627/2168 2128/2521/2121
f 2176/2662/2201 2169/2658/2197 2385/2661/2200 2392/2663/2202
f 2169/2658/2197 2176/2662/2201 2175/2476/2078 2170/2506/2106
f 2203/2678/2216 2193/2670/2208 2417/2673/2211 2428/2679/2217
f 2193/2670/2208 2203/2678/2216 2202/2354/1981 2194/2496/2097
f 2200/2676/2214 2196/2674/2212 2421/2675/2213 2424/2677/2215
f 2196/2674/2212 2200/2676/2214 2199/2586/2140 2197/2487/2088
f 2149/2650/2189 2142/2433/2051 2349/2436/2054 2356/2651/2190
f 2120/2371/1995 2100/2370/1994 2101/2635/2176 2122/2636/2177
f 2263/2692/2106 2260/2704/2171 2259/2328/1956 2262/2518/2118
f 2261/2437/2032 2258/2470/2074 2260/2704/2171 2263/2692/2106
f 2117/2339/1966 2119/2705/2236 2107/2638/2089 2105/2486/2087
f 2119/2705/2236 2118/2315/1944 2106/2314/1943 2107/2638/2089
f 2284/2701/2105 2260/2704/2171 2258/2470/2074 2283/2472/2002
f 2142/2433/2051 2149/2650/2189 2148/2597/2151 2143/2622/2163
f 2102/2427/2013 2104/2634/2175 2101/2635/2176 2100/2370/1994
f 2282/2329/1957 2259/2328/1956 2260/2704/2171 2284/2701/2105
f 2119/2705/2236 2116/2698/2140 2114/2422/1971 2118/2315/1944
f 2117/2339/1966 2115/2338/1965 2116/2698/2140 2119/2705/2236
f 2252/2457/1947 2097/2460/1948 2032/2461/2067 2084/2458/1950
f 2293/2509/2109 2296/2307/1936 2298/2706/2237 2295/2707/2238
f 2295/2707/2238 2298/2706/2237 2299/2708/2239 2294/2709/2240
f 2294/2709/2240 2299/2708/2239 2297/2617/2154 2292/2616/649
f 2337/2607/2157 2444/2606/761 2446/2710/2241 2339/2711/2242
f 2339/2711/2242 2446/2710/2241 2447/2712/2243 2338/2713/2244
f 2338/2713/2244 2447/2712/2243 2445/2680/2218 2336/2647/2186
f 2305/2593/2147 2320/2623/2164 2322/2714/2245 2307/2715/2246
f 2307/2715/2246 2322/2714/2245 2323/2716/2247 2306/2717/2248
f 2306/2717/2248 2323/2716/2247 2321/2615/749 2304/2614/2162
f 2309/2642/2181 2324/2641/2180 2326/2718/2249 2311/2719/2250
f 2311/2719/2250 2326/2718/2249 2327/2720/2251 2310/2721/2252
f 2310/2721/2252 2327/2720/2251 2325/2563/1303 2308/2562/2133
f 2324/2641/2180 2332/2644/2183 2334/2722/2253 2326/2718/2249
f 2326/2718/2249 2334/2722/2253 2335/2723/2254 2327/2720/2251
f 2327/2720/2251 2335/2723/2254 2333/2564/1303 2325/2563/1303
f 2336/2647/2186 2344/2646/2185 2346/2724/2255 2338/2713/2244
f 2338/2713/2244 2346/2724/2255 2347/2725/2256 2339/2711/2242
f 2339/2711/2242 2347/2725/2256 2345/2608/2158 2337/2607/2157
f 2341/2567/2125 2348/2566/2125 2350/2726/2257 2343/2727/2258
f 2343/2727/2258 2350/2726/2257 2351/2728/2259 2342/2729/2260
f 2342/2729/2260 2351/2728/2259 2349/2436/2054 2340/2435/2053
f 2344/2646/2185 2352/2649/2188 2354/2730/2261 2346/2724/2255
f 2346/2724/2255 2354/2730/2261 2355/2731/2262 2347/2725/2256
f 2347/2725/2256 2355/2731/2262 2353/2609/776 2345/2608/2158
f 2332/2644/2183 2356/2651/2190 2358/2732/2263 2334/2722/2253
f 2334/2722/2253 2358/2732/2263 2359/2733/2264 2335/2723/2254
f 2335/2723/2254 2359/2733/2264 2357/2565/2124 2333/2564/1303
f 2329/2655/2194 2360/2654/2193 2362/2734/2265 2331/2735/2266
f 2331/2735/2266 2362/2734/2265 2363/2736/2267 2330/2737/2268
f 2330/2737/2268 2363/2736/2267 2361/2611/2160 2328/2610/2159
f 2365/2605/2156 2388/2604/2155 2390/2738/2269 2367/2739/2270
f 2367/2739/2270 2390/2738/2269 2391/2740/2271 2366/2741/2272
f 2366/2741/2272 2391/2740/2271 2389/2592/2146 2364/2591/2145
f 2373/2603/2154 2380/2602/649 2382/2742/2273 2375/2743/2274
f 2375/2743/2274 2382/2742/2273 2383/2744/2275 2374/2745/2276
f 2374/2745/2276 2383/2744/2275 2381/2399/2022 2372/2657/2196
f 2377/2572/2129 2384/2571/2128 2386/2746/2277 2379/2747/2278
f 2379/2747/2278 2386/2746/2277 2387/2748/2279 2378/2749/2280
f 2378/2749/2280 2387/2748/2279 2385/2661/2200 2376/2660/2199
f 2372/2657/2196 2389/2592/2146 2391/2740/2271 2374/2745/2276
f 2374/2745/2276 2391/2740/2271 2390/2738/2269 2375/2743/2274
f 2375/2743/2274 2390/2738/2269 2388/2604/2155 2373/2603/2154
f 2369/2395/2018 2392/2663/2202 2394/2750/2281 2371/2751/2282
f 2371/2751/2282 2394/2750/2281 2395/2752/2283 2370/2753/2284
f 2370/2753/2284 2395/2752/2283 2393/2570/2127 2368/2569/2126
f 2301/2485/2086 2305/2593/2147 2307/2715/2246 2303/2754/2285
f 2303/2754/2285 2307/2715/2246 2306/2717/2248 2302/2755/2286
f 2302/2755/2286 2306/2717/2248 2304/2614/2162 2300/2613/768
f 2397/2669/2207 2404/2668/2206 2406/2756/2287 2399/2757/2288
f 2399/2757/2288 2406/2756/2287 2407/2758/2289 2398/2759/2290
f 2398/2759/2290 2407/2758/2289 2405/2582/2136 2396/2581/2136
f 2401/2575/2131 2408/2574/2130 2410/2760/2291 2403/2761/2292
f 2403/2761/2292 2410/2760/2291 2411/2762/2293 2402/2763/2294
f 2402/2763/2294 2411/2762/2293 2409/2362/1989 2400/2585/2139
f 2413/2578/2134 2416/2577/2132 2418/2764/2295 2415/2765/2296
f 2415/2765/2296 2418/2764/2295 2419/2766/2297 2414/2767/2298
f 2414/2767/2298 2419/2766/2297 2417/2673/2211 2412/2672/2210
f 2396/2581/2136 2420/2580/2135 2422/2768/2299 2398/2759/2290
f 2398/2759/2290 2422/2768/2299 2423/2769/2300 2399/2757/2288
f 2399/2757/2288 2423/2769/2300 2421/2675/2213 2397/2669/2207
f 2412/2672/2210 2424/2677/2215 2426/2770/2301 2414/2767/2298
f 2414/2767/2298 2426/2770/2301 2427/2771/2302 2415/2765/2296
f 2415/2765/2296 2427/2771/2302 2425/2579/2135 2413/2578/2134
f 2400/2585/2139 2428/2679/2217 2430/2772/2303 2402/2763/2294
f 2402/2763/2294 2430/2772/2303 2431/2773/2304 2403/2761/2292
f 2403/2761/2292 2431/2773/2304 2429/2576/2132 2401/2575/2131
f 2408/2574/2130 2432/2573/2129 2434/2774/2305 2410/2760/2291
f 2410/2760/2291 2434/2774/2305 2435/2775/2306 2411/2762/2293
f 2411/2762/2293 2435/2775/2306 2433/2363/1990 2409/2362/1989
f 2404/2668/2206 2436/2400/2023 2438/2776/2307 2406/2756/2287
f 2406/2756/2287 2438/2776/2307 2439/2777/2308 2407/2758/2289
f 2407/2758/2289 2439/2777/2308 2437/2583/2137 2405/2582/2136
f 2340/2435/2053 2440/2396/2019 2442/2778/2309 2342/2729/2260
f 2342/2729/2260 2442/2778/2309 2443/2779/2310 2343/2727/2258
f 2343/2727/2258 2443/2779/2310 2441/2568/1299 2341/2567/2125
f 2364/2591/2145 2445/2680/2218 2447/2712/2243 2366/2741/2272
f 2366/2741/2272 2447/2712/2243 2446/2710/2241 2367/2739/2270
f 2367/2739/2270 2446/2710/2241 2444/2606/761 2365/2605/2156
f 2449/2544/2123 2452/2543/964 2454/2780/2311 2451/2781/2312
f 2451/2781/2312 2454/2780/2311 2455/2782/2313 2450/2783/2314
f 2450/2783/2314 2455/2782/2313 2453/2511/2111 2448/2416/2037
f 2452/2543/964 2456/2542/964 2458/2784/2315 2454/2780/2311
f 2454/2780/2311 2458/2784/2315 2459/2785/2316 2455/2782/2313
f 2455/2782/2313 2459/2785/2316 2457/2512/2112 2453/2511/2111
f 2448/2416/2037 2464/2415/2036 2466/2786/2317 2450/2783/2314
f 2450/2783/2314 2466/2786/2317 2467/2787/2318 2451/2781/2312
f 2451/2781/2312 2467/2787/2318 2465/2545/1303 2449/2544/2123
f 2473/2549/2125 2480/2548/2125 2482/2788/2319 2475/2789/2258
f 2475/2789/2258 2482/2788/2319 2483/2790/2320 2474/2791/2321
f 2474/2791/2321 2483/2790/2320 2481/2587/2141 2472/2341/1968
f 2469/2539/1397 2484/2620/761 2486/2792/2322 2471/2793/2323
f 2471/2793/2323 2486/2792/2322 2487/2794/2324 2470/2795/2325
f 2470/2795/2325 2487/2794/2324 2485/2503/2103 2468/2375/1999
f 2477/2374/1998 2488/2519/2119 2490/2796/2326 2479/2797/2327
f 2479/2797/2327 2490/2796/2326 2491/2798/2328 2478/2799/2329
f 2478/2799/2329 2491/2798/2328 2489/2541/1144 2476/2540/2122
f 2480/2548/2125 2492/2547/2124 2494/2800/2330 2482/2788/2319
f 2482/2788/2319 2494/2800/2330 2495/2801/2331 2483/2790/2320
f 2483/2790/2320 2495/2801/2331 2493/2489/2090 2481/2587/2141
f 2289/2306/1935 2496/2595/2149 2498/2802/2332 2291/2803/2333
f 2291/2803/2333 2498/2802/2332 2499/2804/2334 2290/2805/2335
f 2290/2805/2335 2499/2804/2334 2497/2619/2156 2288/2618/2155
f 2501/2516/2116 2508/2515/2115 2510/2806/2336 2503/2807/2337
f 2503/2807/2337 2510/2806/2336 2511/2808/2338 2502/2809/2339
f 2502/2809/2339 2511/2808/2338 2509/2553/2128 2500/2552/2127
f 2500/2552/2127 2512/2551/2126 2514/2810/2284 2502/2809/2339
f 2502/2809/2339 2514/2810/2284 2515/2811/2340 2503/2807/2337
f 2503/2807/2337 2515/2811/2340 2513/2598/2152 2501/2516/2116
f 2517/2557/2131 2520/2556/2130 2522/2812/2291 2519/2813/2341
f 2519/2813/2341 2522/2812/2291 2523/2814/2342 2518/2815/2343
f 2518/2815/2343 2523/2814/2342 2521/2494/2095 2516/2349/1976
f 2313/2561/564 2524/2560/278 2526/2816/2344 2315/2817/2345
f 2315/2817/2345 2526/2816/2344 2527/2818/2346 2314/2819/2347
f 2314/2819/2347 2527/2818/2346 2525/2480/2081 2312/2337/1964
f 2524/2560/278 2528/2559/2132 2530/2820/2348 2526/2816/2344
f 2526/2816/2344 2530/2820/2348 2531/2821/2349 2527/2818/2346
f 2527/2818/2346 2531/2821/2349 2529/2481/2082 2525/2480/2081
f 2528/2559/2132 2532/2558/2132 2534/2822/2350 2530/2820/2348
f 2530/2820/2348 2534/2822/2350 2535/2823/2351 2531/2821/2349
f 2531/2821/2349 2535/2823/2351 2533/2348/1975 2529/2481/2082
f 2520/2556/2130 2536/2555/2129 2538/2824/2305 2522/2812/2291
f 2522/2812/2291 2538/2824/2305 2539/2825/2352 2523/2814/2342
f 2523/2814/2342 2539/2825/2352 2537/2326/1954 2521/2494/2095
f 2472/2341/1968 2540/2340/1967 2542/2826/2353 2474/2791/2321
f 2474/2791/2321 2542/2826/2353 2543/2827/2310 2475/2789/2258
f 2475/2789/2258 2543/2827/2310 2541/2550/1299 2473/2549/2125
f 2516/2349/1976 2533/2348/1975 2535/2823/2351 2518/2815/2343
f 2518/2815/2343 2535/2823/2351 2534/2822/2350 2519/2813/2341
f 2519/2813/2341 2534/2822/2350 2532/2558/2132 2517/2557/2131
f 2456/2542/964 2489/2541/1144 2491/2798/2328 2458/2784/2315
f 2458/2784/2315 2491/2798/2328 2490/2796/2326 2459/2785/2316
f 2459/2785/2316 2490/2796/2326 2488/2519/2119 2457/2512/2112
f 2512/2551/2126 2541/2550/1299 2543/2827/2310 2514/2810/2284
f 2514/2810/2284 2543/2827/2310 2542/2826/2353 2515/2811/2340
f 2515/2811/2340 2542/2826/2353 2540/2340/1967 2513/2598/2152
f 2468/2375/1999 2477/2374/1998 2479/2797/2327 2470/2795/2325
f 2470/2795/2325 2479/2797/2327 2478/2799/2329 2471/2793/2323
f 2471/2793/2323 2478/2799/2329 2476/2540/2122 2469/2539/1397
f 2461/2490/2091 2493/2489/2090 2495/2801/2331 2463/2828/2354
f 2463/2828/2354 2495/2801/2331 2494/2800/2330 2462/2829/2355
f 2462/2829/2355 2494/2800/2330 2492/2547/2124 2460/2546/1303
f 2368/2569/2126 2441/2568/1299 2443/2779/2310 2370/2753/2284
f 2370/2753/2284 2443/2779/2310 2442/2778/2309 2371/2751/2282
f 2371/2751/2282 2442/2778/2309 2440/2396/2019 2369/2395/2018
f 2376/2660/2199 2433/2363/1990 2435/2775/2306 2378/2749/2280
f 2378/2749/2280 2435/2775/2306 2434/2774/2305 2379/2747/2278
f 2379/2747/2278 2434/2774/2305 2432/2573/2129 2377/2572/2129
f 2460/2546/1303 2465/2545/1303 2467/2787/2318 2462/2829/2355
f 2462/2829/2355 2467/2787/2318 2466/2786/2317 2463/2828/2354
f 2463/2828/2354 2466/2786/2317 2464/2415/2036 2461/2490/2091
f 2380/2602/649 2437/2583/2137 2439/2777/2308 2382/2742/2273
f 2382/2742/2273 2439/2777/2308 2438/2776/2307 2383/2744/2275
f 2383/2744/2275 2438/2776/2307 2436/2400/2023 2381/2399/2022
f 2308/2562/2133 2361/2611/2160 2363/2736/2267 2310/2721/2252
f 2310/2721/2252 2363/2736/2267 2362/2734/2265 2311/2719/2250
f 2311/2719/2250 2362/2734/2265 2360/2654/2193 2309/2642/2181
f 2288/2618/2155 2297/2617/2154 2299/2708/2239 2290/2805/2335
f 2290/2805/2335 2299/2708/2239 2298/2706/2237 2291/2803/2333
f 2291/2803/2333 2298/2706/2237 2296/2307/1936 2289/2306/1935
f 2484/2620/761 2497/2619/2156 2499/2804/2334 2486/2792/2322
f 2486/2792/2322 2499/2804/2334 2498/2802/2332 2487/2794/2324
f 2487/2794/2324 2498/2802/2332 2496/2595/2149 2485/2503/2103
f 2328/2610/2159 2353/2609/776 2355/2731/2262 2330/2737/2268
f 2330/2737/2268 2355/2731/2262 2354/2730/2261 2331/2735/2266
f 2331/2735/2266 2354/2730/2261 2352/2649/2188 2329/2655/2194
f 2384/2571/2128 2393/2570/2127 2395/2752/2283 2386/2746/2277
f 2386/2746/2277 2395/2752/2283 2394/2750/2281 2387/2748/2279
f 2387/2748/2279 2394/2750/2281 2392/2663/2202 2385/2661/2200
f 2416/2577/2132 2429/2576/2132 2431/2773/2304 2418/2764/2295
f 2418/2764/2295 2431/2773/2304 2430/2772/2303 2419/2766/2297
f 2419/2766/2297 2430/2772/2303 2428/2679/2217 2417/2673/2211
f 2420/2580/2135 2425/2579/2135 2427/2771/2302 2422/2768/2299
f 2422/2768/2299 2427/2771/2302 2426/2770/2301 2423/2769/2300
f 2423/2769/2300 2426/2770/2301 2424/2677/2215 2421/2675/2213
f 2292/2616/649 2321/2615/749 2323/2716/2247 2294/2709/2240
f 2294/2709/2240 2323/2716/2247 2322/2714/2245 2295/2707/2238
f 2295/2707/2238 2322/2714/2245 2320/2623/2164 2293/2509/2109
f 2505/2554/2129 2509/2553/2128 2511/2808/2338 2507/2830/2356
f 2507/2830/2356 2511/2808/2338 2510/2806/2336 2506/2831/2357
f 2506/2831/2357 2510/2806/2336 2508/2515/2115 2504/2327/1955
f 2300/2613/768 2316/2612/2161 2318/2832/2358 2302/2755/2286
f 2302/2755/2286 2318/2832/2358 2319/2833/2359 2303/2754/2285
f 2303/2754/2285 2319/2833/2359 2317/2336/1963 2301/2485/2086
f 2348/2566/2125 2357/2565/2124 2359/2733/2264 2350/2726/2257
f 2350/2726/2257 2359/2733/2264 2358/2732/2263 2351/2728/2259
f 2351/2728/2259 2358/2732/2263 2356/2651/2190 2349/2436/2054
f 2504/2327/1955 2537/2326/1954 2539/2825/2352 2506/2831/2357
f 2506/2831/2357 2539/2825/2352 2538/2824/2305 2507/2830/2356
f 2507/2830/2356 2538/2824/2305 2536/2555/2129 2505/2554/2129
f 2312/2337/1964 2317/2336/1963 2319/2833/2359 2314/2819/2347
f 2314/2819/2347 2319/2833/2359 2318/2832/2358 2315/2817/2345
f 2315/2817/2345 2318/2832/2358 2316/2612/2161 2313/2561/564
f 2496/2595/2149 2289/2306/1935 2096/2309/1938 2253/2596/2150
f 2214/2633/2174 2134/2632/2173 2336/2647/2186 2445/2680/2218
f 2643/2834/2360 2579/2835/2361 2547/2836/2362 2556/2837/2363
f 2564/2838/2364 2587/2839/2365 2563/2840/2366 2546/2841/2367
f 2587/2839/2365 2595/2842/2368 2562/2843/2369 2563/2840/2366
f 2595/2842/2368 2603/2844/2370 2561/2845/2371 2562/2843/2369
f 2603/2844/2370 2611/2846/2372 2560/2847/2373 2561/2845/2371
f 2611/2846/2372 2619/2848/2374 2559/2849/2375 2560/2847/2373
f 2619/2848/2374 2627/2850/2376 2558/2851/2377 2559/2849/2375
f 2627/2850/2376 2635/2852/2378 2557/2853/2379 2558/2851/2377
f 2635/2852/2378 2643/2834/2360 2556/2837/2363 2557/2853/2379
f 2554/2854/2380 2555/2855/2381 2636/2856/2382 2628/2857/2383
f 2628/2857/2383 2636/2856/2382 2637/2858/2384 2629/2859/2385
f 2629/2859/2385 2637/2858/2384 2638/2860/2386 2630/2861/2387
f 2630/2861/2387 2638/2860/2386 2639/2862/2388 2631/2863/2389
f 2631/2863/2389 2639/2862/2388 2640/2864/2390 2632/2865/2391
f 2632/2865/2391 2640/2864/2390 2641/2866/2392 2633/2867/2393
f 2633/2867/2393 2641/2866/2392 2642/2868/2394 2634/2869/2395
f 2634/2869/2395 2642/2868/2394 2643/2834/2360 2635/2852/2378
f 2553/2870/2396 2554/2854/2380 2628/2857/2383 2620/2871/2397
f 2620/2871/2397 2628/2857/2383 2629/2859/2385 2621/2872/2398
f 2621/2872/2398 2629/2859/2385 2630/2861/2387 2622/2873/2399
f 2622/2873/2399 2630/2861/2387 2631/2863/2389 2623/2874/2400
f 2623/2874/2400 2631/2863/2389 2632/2865/2391 2624/2875/2401
f 2624/2875/2401 2632/2865/2391 2633/2867/2393 2625/2876/2402
f 2625/2876/2402 2633/2867/2393 2634/2869/2395 2626/2877/2403
f 2626/2877/2403 2634/2869/2395 2635/2852/2378 2627/2850/2376
f 2552/2878/2404 2553/2870/2396 2620/2871/2397 2612/2879/2405
f 2612/2879/2405 2620/2871/2397 2621/2872/2398 2613/2880/2406
f 2613/2880/2406 2621/2872/2398 2622/2873/2399 2614/2881/2407
f 2614/2881/2407 2622/2873/2399 2623/2874/2400 2615/2882/2408
f 2615/2882/2408 2623/2874/2400 2624/2875/2401 2616/2883/2409
f 2616/2883/2409 2624/2875/2401 2625/2876/2402 2617/2884/2410
f 2617/2884/2410 2625/2876/2402 2626/2877/2403 2618/2885/2411
f 2618/2885/2411 2626/2877/2403 2627/2850/2376 2619/2848/2374
f 2551/2886/2412 2552/2878/2404 2612/2879/2405 2604/2887/2413
f 2604/2887/2413 2612/2879/2405 2613/2880/2406 2605/2888/2414
f 2605/2888/2414 2613/2880/2406 2614/2881/2407 2606/2889/2415
f 2606/2889/2415 2614/2881/2407 2615/2882/2408 2607/2890/2416
f 2607/2890/2416 2615/2882/2408 2616/2883/2409 2608/2891/2417
f 2608/2891/2417 2616/2883/2409 2617/2884/2410 2609/2892/2418
f 2609/2892/2418 2617/2884/2410 2618/2885/2411 2610/2893/2419
f 2610/2893/2419 2618/2885/2411 2619/2848/2374 2611/2846/2372
f 2550/2894/2420 2551/2886/2412 2604/2887/2413 2596/2895/2421
f 2596/2895/2421 2604/2887/2413 2605/2888/2414 2597/2896/2422
f 2597/2896/2422 2605/2888/2414 2606/2889/2415 2598/2897/2423
f 2598/2897/2423 2606/2889/2415 2607/2890/2416 2599/2898/2424
f 2599/2898/2424 2607/2890/2416 2608/2891/2417 2600/2899/2425
f 2600/2899/2425 2608/2891/2417 2609/2892/2418 2601/2900/2426
f 2601/2900/2426 2609/2892/2418 2610/2893/2419 2602/2901/2427
f 2602/2901/2427 2610/2893/2419 2611/2846/2372 2603/2844/2370
f 2549/2902/2428 2550/2894/2420 2596/2895/2421 2588/2903/2429
f 2588/2903/2429 2596/2895/2421 2597/2896/2422 2589/2904/2430
f 2589/2904/2430 2597/2896/2422 2598/2897/2423 2590/2905/2431
f 2590/2905/2431 2598/2897/2423 2599/2898/2424 2591/2906/2432
f 2591/2906/2432 2599/2898/2424 2600/2899/2425 2592/2907/2433
f 2592/2907/2433 2600/2899/2425 2601/2900/2426 2593/2908/2434
f 2593/2908/2434 2601/2900/2426 2602/2901/2427 2594/2909/2435
f 2594/2909/2435 2602/2901/2427 2603/2844/2370 2595/2842/2368
f 2548/2910/2436 2549/2902/2428 2588/2903/2429 2580/2911/2437
f 2580/2911/2437 2588/2903/2429 2589/2904/2430 2581/2912/2438
f 2581/2912/2438 2589/2904/2430 2590/2905/2431 2582/2913/2439
f 2582/2913/2439 2590/2905/2431 2591/2906/2432 2583/2914/2440
f 2583/2914/2440 2591/2906/2432 2592/2907/2433 2584/2915/2441
f 2584/2915/2441 2592/2907/2433 2593/2908/2434 2585/2916/2442
f 2585/2916/2442 2593/2908/2434 2594/2909/2435 2586/2917/2443
f 2586/2917/2443 2594/2909/2435 2595/2842/2368 2587/2839/2365
f 2544/2918/2444 2548/2910/2436 2580/2911/2437 2571/2919/2445
f 2571/2919/2445 2580/2911/2437 2581/2912/2438 2570/2920/2446
f 2570/2920/2446 2581/2912/2438 2582/2913/2439 2569/2921/2447
f 2569/2921/2447 2582/2913/2439 2583/2914/2440 2568/2922/2448
f 2568/2922/2448 2583/2914/2440 2584/2915/2441 2567/2923/2449
f 2567/2923/2449 2584/2915/2441 2585/2916/2442 2566/2924/2450
f 2566/2924/2450 2585/2916/2442 2586/2917/2443 2565/2925/2451
f 2565/2925/2451 2586/2917/2443 2587/2839/2365 2564/2838/2364
f 2555/2855/2381 2545/2926/2452 2572/2927/2453 2636/2856/2382
f 2636/2856/2382 2572/2927/2453 2573/2928/2454 2637/2858/2384
f 2637/2858/2384 2573/2928/2454 2574/2929/2455 2638/2860/2386
f 2638/2860/2386 2574/2929/2455 2575/2930/2456 2639/2862/2388
f 2639/2862/2388 2575/2930/2456 2576/2931/2457 2640/2864/2390
f 2640/2864/2390 2576/2931/2457 2577/2932/2458 2641/2866/2392
f 2641/2866/2392 2577/2932/2458 2578/2933/2459 2642/2868/2394
f 2642/2868/2394 2578/2933/2459 2579/2835/2361 2643/2834/2360
f 2652/2934/2460 2653/2935/2461 3085/2936/2461 3084/2937/2460
f 2668/2938/2462 2671/2939/2463 2673/2940/2464 2672/2941/2465
f 2671/2942/2463 2675/2943/2466 2676/2944/2467 2673/2945/2464
f 2669/2946/2468 2674/2947/2469 2676/2944/2467 2675/2943/2466
f 2674/2948/2469 2678/2949/2470 2679/2950/2471 2676/2951/2467
f 2670/2952/2472 2677/2953/2473 2679/2950/2471 2678/2949/2470
f 2677/2953/2473 2672/2954/2465 2673/2955/2464 2679/2950/2471
f 2673/2955/2464 2676/2951/2467 2679/2950/2471
f 2680/2956/2474 2683/2957/2475 2685/2958/2476 2684/2959/2477
f 2683/2960/2475 2687/2961/2478 2688/2962/2479 2685/2963/2476
f 2681/2964/2480 2686/2965/2481 2688/2962/2479 2687/2961/2478
f 2686/2965/2481 2690/2966/2482 2691/2967/2483 2688/2962/2479
f 2682/2968/2484 2689/2969/2485 2691/2970/2483 2690/2971/2482
f 2689/2972/2485 2684/2959/2477 2685/2958/2476 2691/2973/2483
f 2685/2963/2476 2688/2962/2479 2691/2967/2483
f 2700/2974/2486 2703/2975/2487 2705/2976/2488 2704/2977/2489
f 2703/2978/2487 2707/2979/2490 2708/2980/2491 2705/2981/2488
f 2701/2982/2492 2706/2983/2493 2708/2980/2491 2707/2979/2490
f 2706/2983/2493 2710/2984/2494 2711/2985/2495 2708/2980/2491
f 2702/2986/2496 2709/2987/2497 2711/2988/2495 2710/2989/2494
f 2709/2987/2497 2704/2990/2489 2705/2991/2488 2711/2988/2495
f 2705/2981/2488 2708/2980/2491 2711/2985/2495
f 2712/2992/2498 2715/2993/2499 2717/2994/2500 2716/2995/2501
f 2715/2993/2499 2719/2996/2502 2720/2997/2503 2717/2994/2500
f 2713/2998/2504 2718/2999/2505 2720/3000/2503 2719/3001/2502
f 2718/3002/2505 2722/3003/2506 2723/3004/2507 2720/3005/2503
f 2714/3006/2508 2721/3007/2509 2723/3004/2507 2722/3003/2506
f 2721/3007/2509 2716/3008/2501 2717/3009/2500 2723/3004/2507
f 2717/3009/2500 2720/3005/2503 2723/3004/2507
f 2668/2938/2462 2661/3010/2510 2663/3011/2511 2671/2939/2463
f 2671/2942/2463 2663/3012/2511 2662/3013/2512 2675/2943/2466
f 2675/2943/2466 2662/3013/2512 2660/3014/2513 2669/2946/2468
f 2664/3015/2514 2680/2956/2474 2684/2959/2477 2666/3016/2515
f 2666/3016/2515 2684/2959/2477 2689/2972/2485 2667/3017/2516
f 2667/3018/2516 2689/2969/2485 2682/2968/2484 2665/3019/2517
f 2681/2964/2480 2670/2952/2472 2678/2949/2470 2686/2965/2481
f 2686/2965/2481 2678/2949/2470 2674/2948/2469 2690/2966/2482
f 2690/2971/2482 2674/2947/2469 2669/2946/2468 2682/2968/2484
f 2700/2974/2486 2668/2938/2462 2672/2941/2465 2703/2975/2487
f 2703/2978/2487 2672/2954/2465 2677/2953/2473 2707/2979/2490
f 2707/2979/2490 2677/2953/2473 2670/2952/2472 2701/2982/2492
f 2680/2956/2474 2712/2992/2498 2716/2995/2501 2683/2957/2475
f 2683/2960/2475 2716/3008/2501 2721/3007/2509 2687/2961/2478
f 2687/2961/2478 2721/3007/2509 2714/3006/2508 2681/2964/2480
f 2713/2998/2504 2702/2986/2496 2710/2989/2494 2718/2999/2505
f 2718/3002/2505 2710/2984/2494 2706/2983/2493 2722/3003/2506
f 2722/3003/2506 2706/2983/2493 2701/2982/2492 2714/3006/2508
f 2692/3020/2518 2700/2974/2486 2704/2977/2489 2694/3021/2519
f 2694/3012/2519 2704/2990/2489 2709/2987/2497 2695/3013/2520
f 2695/3013/2520 2709/2987/2497 2702/2986/2496 2693/3014/2521
f 2712/2992/2498 2697/3022/2522 2699/3023/2523 2715/2993/2499
f 2715/2993/2499 2699/3023/2523 2698/3024/2524 2719/2996/2502
f 2719/3001/2502 2698/3025/2524 2696/3026/2525 2713/2998/2504
f 2668/2938/2462 2700/2974/2486 2692/3020/2518 2661/3010/2510
f 2660/3014/2513 2665/3019/2517 2682/2968/2484 2669/2946/2468
f 2712/2992/2498 2680/2956/2474 2664/3015/2514 2697/3022/2522
f 2702/2986/2496 2713/2998/2504 2696/3026/2525 2693/3014/2521
f 2724/3027/2526 2728/3028/2527 2730/3029/2528 2726/3030/2529
f 2726/3030/2529 2730/3029/2528 2731/3031/2530 2727/3032/2531
f 2727/3032/2531 2731/3031/2530 2729/3033/2532 2725/3034/2533
f 2728/3028/2527 2732/3035/2527 2734/3036/2534 2730/3029/2528
f 2730/3029/2528 2734/3036/2534 2735/3037/2535 2731/3031/2530
f 2731/3031/2530 2735/3037/2535 2733/3038/2536 2729/3033/2532
f 2732/3035/2527 2736/3039/2537 2738/3040/2538 2734/3036/2534
f 2734/3036/2534 2738/3040/2538 2739/3041/2539 2735/3037/2535
f 2735/3037/2535 2739/3041/2539 2737/3042/2540 2733/3038/2536
f 2746/3043/2541 2726/3030/2529 2727/3032/2531 2747/3044/2542
f 2747/3044/2542 2727/3032/2531 2725/3034/2533 2745/3045/2543
f 2741/3046/2544 2744/3047/1097 2746/3043/2541 2743/3048/2545
f 2743/3048/2545 2746/3043/2541 2747/3044/2542 2742/3049/2546
f 2742/3049/2546 2747/3044/2542 2745/3045/2543 2740/3050/2547
f 2917/3051/2548 2913/3052/2549 2915/3053/2550 2919/3054/2551
f 2754/3055/2552 2750/3056/2553 2751/3057/2554 2755/3058/2555
f 2755/3058/2555 2751/3057/2554 2749/3059/2556 2753/3060/2557
f 2736/3039/2537 2752/3061/2558 2754/3055/2552 2738/3040/2538
f 2738/3040/2538 2754/3055/2552 2755/3058/2555 2739/3041/2539
f 2739/3041/2539 2755/3058/2555 2753/3060/2557 2737/3042/2540
f 2897/3062/2559 2893/3063/2560 2895/3064/2561 2899/3065/2562
f 2764/3066/2563 2760/3067/2564 2762/3068/2565 2766/3069/2566
f 2766/3069/2566 2762/3068/2565 2763/3070/2567 2767/3071/2568
f 2767/3071/2568 2763/3070/2567 2761/3072/2569 2765/3073/2570
f 2756/3074/2571 2741/3046/2544 2743/3048/2545 2758/3075/2572
f 2758/3075/2572 2743/3048/2545 2742/3049/2546 2759/3076/2573
f 2759/3076/2573 2742/3049/2546 2740/3050/2547 2757/3077/2574
f 2760/3067/2564 2756/3074/2571 2758/3075/2572 2762/3068/2565
f 2762/3068/2565 2758/3075/2572 2759/3076/2573 2763/3070/2567
f 2763/3070/2567 2759/3076/2573 2757/3077/2574 2761/3072/2569
f 2782/3078/2575 2766/3069/2566 2767/3071/2568 2783/3079/2576
f 2783/3079/2576 2767/3071/2568 2765/3073/2570 2781/3080/2577
f 2789/3081/2578 2780/3082/2579 2782/3078/2575 2791/3083/2580
f 2771/3084/2581 2786/3085/2582 2787/3086/2583 2770/3087/2584
f 2770/3087/2584 2787/3086/2583 2785/3088/2585 2768/3089/2586
f 2784/3090/2587 2796/3091/2588 2798/3092/2589 2786/3085/2582
f 2748/3093/2590 2772/3094/2591 2774/3095/2592 2750/3056/2553
f 2750/3056/2553 2774/3095/2592 2775/3096/2593 2751/3057/2554
f 2751/3057/2554 2775/3096/2593 2773/3097/2594 2749/3059/2556
f 2772/3094/2591 2776/3098/2595 2778/3099/2596 2774/3095/2592
f 2774/3095/2592 2778/3099/2596 2779/3100/2597 2775/3096/2593
f 2775/3096/2593 2779/3100/2597 2777/3101/2598 2773/3097/2594
f 2776/3098/2595 2769/3102/2599 2771/3084/2581 2778/3099/2596
f 2778/3099/2596 2771/3084/2581 2770/3087/2584 2779/3100/2597
f 2779/3100/2597 2770/3087/2584 2768/3089/2586 2777/3101/2598
f 2791/3083/2580 2782/3078/2575 2783/3079/2576 2790/3103/2600
f 2790/3103/2600 2783/3079/2576 2781/3080/2577 2788/3104/2601
f 2957/3105/2602 2953/3106/2603 2955/3107/2604 2959/3108/2605
f 2786/3085/2582 2798/3092/2589 2799/3109/2606 2787/3086/2583
f 2787/3086/2583 2799/3109/2606 2797/3110/2607 2785/3088/2585
f 2937/3111/2608 2933/3112/2609 2935/3113/2610 2939/3114/2611
f 2788/3104/2601 2792/3115/2612 2794/3116/2613 2790/3103/2600
f 2790/3103/2600 2794/3116/2613 2795/3117/2614 2791/3083/2580
f 2791/3083/2580 2795/3117/2614 2793/3118/2615 2789/3081/2578
f 2796/3091/2588 2800/3119/2616 2802/3120/2617 2798/3092/2589
f 2798/3092/2589 2802/3120/2617 2803/3121/2618 2799/3109/2606
f 2799/3109/2606 2803/3121/2618 2801/3122/2619 2797/3110/2607
f 2800/3119/2616 2793/3118/2615 2795/3117/2614 2802/3120/2617
f 2802/3120/2617 2795/3117/2614 2794/3116/2613 2803/3121/2618
f 2803/3121/2618 2794/3116/2613 2792/3115/2612 2801/3122/2619
f 2808/3123/2620 2804/3124/2621 2806/3125/2622 2810/3126/2623
f 2810/3126/2623 2806/3125/2622 2807/3127/2624 2811/3128/2625
f 2811/3128/2625 2807/3127/2624 2805/3129/2626 2809/3130/2627
f 2813/3131/2628 2805/3129/2626 2807/3127/2624 2815/3132/2629
f 2815/3132/2629 2807/3127/2624 2806/3125/2622 2814/3133/2630
f 2814/3133/2630 2806/3125/2622 2804/3124/2621 2812/3134/2631
f 2822/3135/2632 2810/3126/2623 2811/3128/2625 2823/3136/2633
f 2823/3136/2633 2811/3128/2625 2809/3130/2627 2821/3137/2634
f 2829/3138/2544 2820/3139/2635 2822/3135/2632 2831/3140/2636
f 2812/3134/2631 2816/3141/2637 2818/3142/2638 2814/3133/2630
f 2814/3133/2630 2818/3142/2638 2819/3143/2639 2815/3132/2629
f 2815/3132/2629 2819/3143/2639 2817/3144/2640 2813/3131/2628
f 2818/3142/2638 2826/3145/2641 2827/3146/2642 2819/3143/2639
f 2819/3143/2639 2827/3146/2642 2825/3147/2643 2817/3144/2640
f 2824/3148/2644 2832/3149/2590 2834/3150/2645 2826/3145/2641
f 2831/3140/2636 2822/3135/2632 2823/3136/2633 2830/3151/2646
f 2830/3151/2646 2823/3136/2633 2821/3137/2634 2828/3152/2647
f 2997/3153/2648 2993/3154/2649 2995/3155/2650 2999/3156/2651
f 2826/3145/2641 2834/3150/2645 2835/3157/2652 2827/3146/2642
f 2827/3146/2642 2835/3157/2652 2833/3158/2653 2825/3147/2643
f 2977/3159/2654 2973/3160/2655 2975/3161/2656 2979/3162/2657
f 2836/3163/2658 2829/3138/2544 2831/3140/2636 2838/3164/2659
f 2838/3164/2659 2831/3140/2636 2830/3151/2646 2839/3165/2660
f 2839/3165/2660 2830/3151/2646 2828/3152/2647 2837/3166/2661
f 2832/3149/2590 2840/3167/2662 2842/3168/2663 2834/3150/2645
f 2834/3150/2645 2842/3168/2663 2843/3169/2664 2835/3157/2652
f 2835/3157/2652 2843/3169/2664 2841/3170/2665 2833/3158/2653
f 2844/3171/2666 2836/3163/2658 2838/3164/2659 2846/3172/2667
f 2846/3172/2667 2838/3164/2659 2839/3165/2660 2847/3173/2668
f 2847/3173/2668 2839/3165/2660 2837/3166/2661 2845/3174/2669
f 2840/3167/2662 2848/3175/2670 2850/3176/2671 2842/3168/2663
f 2842/3168/2663 2850/3176/2671 2851/3177/2672 2843/3169/2664
f 2843/3169/2664 2851/3177/2672 2849/3178/2673 2841/3170/2665
f 2848/3175/2670 2876/3179/2674 2878/3180/2675 2850/3176/2671
f 2850/3176/2671 2878/3180/2675 2879/3181/2676 2851/3177/2672
f 2851/3177/2672 2879/3181/2676 2877/3182/2677 2849/3178/2673
f 2859/3183/2678 2854/3184/2679 2855/3185/2680 2858/3186/2681
f 2858/3186/2681 2855/3185/2680 2853/3187/2682 2856/3188/2683
f 2861/3189/2684 2857/3190/1088 2859/3183/2678 2863/3191/2685
f 2852/3192/2686 2844/3171/2666 2846/3172/2667 2854/3184/2679
f 2854/3184/2679 2846/3172/2667 2847/3173/2668 2855/3185/2680
f 2855/3185/2680 2847/3173/2668 2845/3174/2669 2853/3187/2682
f 2863/3191/2685 2859/3183/2678 2858/3186/2681 2862/3193/2687
f 2862/3193/2687 2858/3186/2681 2856/3188/2683 2860/3194/2688
f 3037/3195/2689 3033/3196/2690 3035/3197/2691 3039/3198/2692
f 2865/3199/2693 2861/3189/2684 2863/3191/2685 2867/3200/2694
f 2867/3200/2694 2863/3191/2685 2862/3193/2687 2866/3201/2695
f 2866/3201/2695 2862/3193/2687 2860/3194/2688 2864/3202/2696
f 2869/3203/2697 2865/3199/2693 2867/3200/2694 2871/3204/2698
f 2871/3204/2698 2867/3200/2694 2866/3201/2695 2870/3205/2699
f 2870/3205/2699 2866/3201/2695 2864/3202/2696 2868/3206/2700
f 2872/3207/2701 2869/3203/2697 2871/3204/2698 2874/3208/2702
f 2874/3208/2702 2871/3204/2698 2870/3205/2699 2875/3209/2703
f 2875/3209/2703 2870/3205/2699 2868/3206/2700 2873/3210/2704
f 2883/3211/2705 2874/3208/2702 2875/3209/2703 2882/3212/2706
f 2882/3212/2706 2875/3209/2703 2873/3210/2704 2880/3213/2707
f 2876/3179/2674 2881/3214/2708 2883/3211/2705 2878/3180/2675
f 2878/3180/2675 2883/3211/2705 2882/3212/2706 2879/3181/2676
f 2879/3181/2676 2882/3212/2706 2880/3213/2707 2877/3182/2677
f 3017/3215/2709 3013/3216/2710 3015/3217/2711 3019/3218/2712
f 2728/3219/2527 2724/3220/2526 2744/3221/1097 2714/3006/2508 2701/2982/2492 2752/3222/2558 2736/3223/2537 2732/3224/2527
f 2681/2964/2480 2714/3006/2508 2744/3221/1097 2741/3225/2544 2756/3226/2571 2760/3227/2564 2764/3228/2563 2780/3229/2579 2789/3230/2578 2793/3231/2615 2804/3232/2621 2808/3233/2620 2820/3234/2635 2829/3235/2544 2836/3236/2658 2844/3237/2666 2852/3238/2686 2857/3239/1088
f 2752/3222/2558 2701/2982/2492 2670/2952/2472 2881/3240/2708 2876/3241/2674 2848/3242/2670 2840/3243/2662 2832/3244/2590 2824/3245/2644 2800/3246/2616 2796/3247/2588 2784/3248/2587 2769/3249/2599 2776/3250/2595 2772/3251/2591 2748/3252/2590
f 2800/3246/2616 2824/3245/2644 2816/3253/2637 2812/3254/2631 2804/3232/2621 2793/3231/2615
f 2881/3240/2708 2670/2952/2472 2681/2964/2480 2857/3239/1088 2861/3255/2684 2865/3256/2693 2869/3257/2697 2872/3258/2701
f 2893/3063/2560 2884/3259/2713 2886/3260/2714 2895/3064/2561
f 2895/3064/2561 2886/3260/2714 2887/3261/2715 2894/3262/2716
f 2894/3262/2716 2887/3261/2715 2885/3263/2717 2892/3264/2590
f 2899/3065/2562 2895/3064/2561 2894/3262/2716 2898/3265/2718
f 2898/3265/2718 2894/3262/2716 2892/3264/2590 2896/3266/2719
f 2901/3267/2720 2897/3062/2559 2899/3065/2562 2903/3268/2721
f 2903/3268/2721 2899/3065/2562 2898/3265/2718 2902/3269/2722
f 2902/3269/2722 2898/3265/2718 2896/3266/2719 2900/3270/2637
f 2897/3062/2559 2753/3060/2557 2749/3059/2556 2893/3063/2560
f 2889/3271/2723 2901/3267/2720 2903/3268/2721 2891/3272/2724
f 2891/3272/2724 2903/3268/2721 2902/3269/2722 2890/3273/2725
f 2890/3273/2725 2902/3269/2722 2900/3270/2637 2888/3274/2726
f 2913/3052/2549 2904/3275/2727 2906/3276/2728 2915/3053/2550
f 2915/3053/2550 2906/3276/2728 2907/3277/2729 2914/3278/2730
f 2914/3278/2730 2907/3277/2729 2905/3279/2731 2912/3280/2732
f 2919/3054/2551 2915/3053/2550 2914/3278/2730 2918/3281/2733
f 2918/3281/2733 2914/3278/2730 2912/3280/2732 2916/3282/2734
f 2921/3283/2735 2917/3051/2548 2919/3054/2551 2923/3284/2736
f 2923/3284/2736 2919/3054/2551 2918/3281/2733 2922/3285/2737
f 2922/3285/2737 2918/3281/2733 2916/3282/2734 2920/3286/2544
f 2917/3051/2548 2745/3045/2543 2725/3034/2533 2913/3052/2549
f 2909/3287/2738 2921/3283/2735 2923/3284/2736 2911/3288/2739
f 2911/3288/2739 2923/3284/2736 2922/3285/2737 2910/3289/2740
f 2910/3289/2740 2922/3285/2737 2920/3286/2544 2908/3290/2741
f 2953/3106/2603 2944/3291/2742 2946/3292/2743 2955/3107/2604
f 2955/3107/2604 2946/3292/2743 2947/3293/2744 2954/3294/2745
f 2954/3294/2745 2947/3293/2744 2945/3295/2746 2952/3296/2747
f 2959/3108/2605 2955/3107/2604 2954/3294/2745 2958/3297/2748
f 2958/3297/2748 2954/3294/2745 2952/3296/2747 2956/3298/2749
f 2961/3299/2750 2957/3105/2602 2959/3108/2605 2963/3300/2751
f 2963/3300/2751 2959/3108/2605 2958/3297/2748 2962/3301/2752
f 2962/3301/2752 2958/3297/2748 2956/3298/2749 2960/3302/2578
f 2957/3105/2602 2781/3080/2577 2765/3073/2570 2953/3106/2603
f 2949/3303/2753 2961/3299/2750 2963/3300/2751 2951/3304/2754
f 2951/3304/2754 2963/3300/2751 2962/3301/2752 2950/3305/2755
f 2950/3305/2755 2962/3301/2752 2960/3302/2578 2948/3306/2756
f 2933/3112/2609 2924/3307/2757 2926/3308/2758 2935/3113/2610
f 2935/3113/2610 2926/3308/2758 2927/3309/2759 2934/3310/2760
f 2934/3310/2760 2927/3309/2759 2925/3311/2761 2932/3312/2762
f 2939/3114/2611 2935/3113/2610 2934/3310/2760 2938/3313/2763
f 2938/3313/2763 2934/3310/2760 2932/3312/2762 2936/3314/2764
f 2941/3315/2765 2937/3111/2608 2939/3114/2611 2943/3316/2766
f 2943/3316/2766 2939/3114/2611 2938/3313/2763 2942/3317/2767
f 2942/3317/2767 2938/3313/2763 2936/3314/2764 2940/3318/2768
f 2937/3111/2608 2785/3088/2585 2797/3110/2607 2933/3112/2609
f 2929/3319/2769 2941/3315/2765 2943/3316/2766 2931/3320/2770
f 2931/3320/2770 2943/3316/2766 2942/3317/2767 2930/3321/2771
f 2930/3321/2771 2942/3317/2767 2940/3318/2768 2928/3322/2772
f 2973/3160/2655 2964/3323/2773 2966/3324/2774 2975/3161/2656
f 2975/3161/2656 2966/3324/2774 2967/3325/2775 2974/3326/2776
f 2974/3326/2776 2967/3325/2775 2965/3327/2777 2972/3328/2590
f 2979/3162/2657 2975/3161/2656 2974/3326/2776 2978/3329/2778
f 2978/3329/2778 2974/3326/2776 2972/3328/2590 2976/3330/2779
f 2981/3331/2780 2977/3159/2654 2979/3162/2657 2983/3332/2781
f 2983/3332/2781 2979/3162/2657 2978/3329/2778 2982/3333/2782
f 2982/3333/2782 2978/3329/2778 2976/3330/2779 2980/3334/2637
f 2977/3159/2654 2825/3147/2643 2833/3158/2653 2973/3160/2655
f 2969/3335/2783 2981/3331/2780 2983/3332/2781 2971/3336/2784
f 2971/3336/2784 2983/3332/2781 2982/3333/2782 2970/3337/2785
f 2970/3337/2785 2982/3333/2782 2980/3334/2637 2968/3338/2786
f 2993/3154/2649 2984/3339/2787 2986/3340/2788 2995/3155/2650
f 2995/3155/2650 2986/3340/2788 2987/3341/2789 2994/3342/2790
f 2994/3342/2790 2987/3341/2789 2985/3343/2791 2992/3344/2792
f 2999/3156/2651 2995/3155/2650 2994/3342/2790 2998/3345/2793
f 2998/3345/2793 2994/3342/2790 2992/3344/2792 2996/3346/2794
f 3001/3347/2795 2997/3153/2648 2999/3156/2651 3003/3348/2796
f 3003/3348/2796 2999/3156/2651 2998/3345/2793 3002/3349/2797
f 3002/3349/2797 2998/3345/2793 2996/3346/2794 3000/3350/2798
f 2997/3153/2648 2821/3137/2634 2809/3130/2627 2993/3154/2649
f 2989/3351/2799 3001/3347/2795 3003/3348/2796 2991/3352/2800
f 2991/3352/2800 3003/3348/2796 3002/3349/2797 2990/3353/2801
f 2990/3353/2801 3002/3349/2797 3000/3350/2798 2988/3354/2802
f 3033/3196/2690 3024/3355/2803 3026/3356/2804 3035/3197/2691
f 3035/3197/2691 3026/3356/2804 3027/3357/2805 3034/3358/2806
f 3034/3358/2806 3027/3357/2805 3025/3359/2807 3032/3360/2808
f 3039/3198/2692 3035/3197/2691 3034/3358/2806 3038/3361/2809
f 3038/3361/2809 3034/3358/2806 3032/3360/2808 3036/3362/2810
f 3041/3363/2811 3037/3195/2689 3039/3198/2692 3043/3364/2812
f 3043/3364/2812 3039/3198/2692 3038/3361/2809 3042/3365/2813
f 3042/3365/2813 3038/3361/2809 3036/3362/2810 3040/3366/2814
f 3037/3195/2689 2856/3188/2683 2853/3187/2682 3033/3196/2690
f 3029/3367/2815 3041/3363/2811 3043/3364/2812 3031/3368/2816
f 3031/3368/2816 3043/3364/2812 3042/3365/2813 3030/3369/2817
f 3030/3369/2817 3042/3365/2813 3040/3366/2814 3028/3370/2818
f 3013/3216/2710 3004/3371/2819 3006/3372/2820 3015/3217/2711
f 3015/3217/2711 3006/3372/2820 3007/3373/2821 3014/3374/2822
f 3014/3374/2822 3007/3373/2821 3005/3375/2823 3012/3376/2824
f 3019/3218/2712 3015/3217/2711 3014/3374/2822 3018/3377/2825
f 3018/3377/2825 3014/3374/2822 3012/3376/2824 3016/3378/2826
f 3021/3379/2827 3017/3215/2709 3019/3218/2712 3023/3380/2828
f 3023/3380/2828 3019/3218/2712 3018/3377/2825 3022/3381/2829
f 3022/3381/2829 3018/3377/2825 3016/3378/2826 3020/3382/2830
f 3017/3215/2709 2880/3213/2707 2873/3210/2704 3013/3216/2710
f 3009/3383/2831 3021/3379/2827 3023/3380/2828 3011/3384/2832
f 3011/3384/2832 3023/3380/2828 3022/3381/2829 3010/3385/2833
f 3010/3385/2833 3022/3381/2829 3020/3382/2830 3008/3386/2834
f 2904/3275/2727 2889/3271/2723 2891/3272/2724 2906/3276/2728
f 2906/3276/2728 2891/3272/2724 2890/3273/2725 2907/3277/2729
f 2907/3277/2729 2890/3273/2725 2888/3274/2726 2905/3279/2731
f 2944/3291/2742 2909/3287/2738 2911/3288/2739 2946/3292/2743
f 2946/3292/2743 2911/3288/2739 2910/3289/2740 2947/3293/2744
f 2947/3293/2744 2910/3289/2740 2908/3290/2741 2945/3295/2746
f 2924/3307/2757 2949/3303/2753 2951/3304/2754 2926/3308/2758
f 2926/3308/2758 2951/3304/2754 2950/3305/2755 2927/3309/2759
f 2927/3309/2759 2950/3305/2755 2948/3306/2756 2925/3311/2761
f 2884/3259/2713 2929/3319/2769 2931/3320/2770 2886/3260/2714
f 2886/3260/2714 2931/3320/2770 2930/3321/2771 2887/3261/2715
f 2887/3261/2715 2930/3321/2771 2928/3322/2772 2885/3263/2717
f 2984/3339/2787 2969/3335/2783 2971/3336/2784 2986/3340/2788
f 2986/3340/2788 2971/3336/2784 2970/3337/2785 2987/3341/2789
f 2987/3341/2789 2970/3337/2785 2968/3338/2786 2985/3343/2791
f 3024/3355/2803 2989/3351/2799 2991/3352/2800 3026/3356/2804
f 3026/3356/2804 2991/3352/2800 2990/3353/2801 3027/3357/2805
f 3027/3357/2805 2990/3353/2801 2988/3354/2802 3025/3359/2807
f 3004/3371/2819 3029/3367/2815 3031/3368/2816 3006/3372/2820
f 3006/3372/2820 3031/3368/2816 3030/3369/2817 3007/3373/2821
f 3007/3373/2821 3030/3369/2817 3028/3370/2818 3005/3375/2823
f 2964/3323/2773 3009/3383/2831 3011/3384/2832 2966/3324/2774
f 2966/3324/2774 3011/3384/2832 3010/3385/2833 2967/3325/2775
f 2967/3325/2775 3010/3385/2833 3008/3386/2834 2965/3327/2777
f 2893/3063/2560 2749/3059/2556 2773/3097/2594 2884/3259/2713
f 2905/3387/2731 2888/3388/2726 2900/3389/2637 2896/3390/2719 2892/3391/2590 2885/3392/2717 2928/3393/2772 2940/3394/2768 2936/3395/2764 2932/3396/2762 2925/3397/2761 2948/3398/2756 3050/3399/229 3053/3400/229 3055/3401/229 3057/3402/229 3059/3403/229 3058/3404/229 3056/3405/229 3054/3406/229 3052/3407/229
f 2884/3259/2713 2773/3097/2594 2777/3101/2598 2929/3319/2769
f 2889/3271/2723 2733/3038/2536 2737/3042/2540 2901/3267/2720
f 2904/3275/2727 2729/3033/2532 2733/3038/2536 2889/3271/2723
f 2901/3267/2720 2737/3042/2540 2753/3060/2557 2897/3062/2559
f 2769/3102/2599 2784/3090/2587 2786/3085/2582 2771/3084/2581
f 2913/3052/2549 2725/3034/2533 2729/3033/2532 2904/3275/2727
f 2909/3287/2738 2757/3077/2574 2740/3050/2547 2921/3283/2735
f 2944/3291/2742 2761/3072/2569 2757/3077/2574 2909/3287/2738
f 2921/3283/2735 2740/3050/2547 2745/3045/2543 2917/3051/2548
f 2752/3061/2558 2748/3093/2590 2750/3056/2553 2754/3055/2552
f 2933/3112/2609 2797/3110/2607 2801/3122/2619 2924/3307/2757
f 2924/3307/2757 2801/3122/2619 2792/3115/2612 2949/3303/2753
f 2929/3319/2769 2777/3101/2598 2768/3089/2586 2941/3315/2765
f 2941/3315/2765 2768/3089/2586 2785/3088/2585 2937/3111/2608
f 2953/3106/2603 2765/3073/2570 2761/3072/2569 2944/3291/2742
f 2949/3303/2753 2792/3115/2612 2788/3104/2601 2961/3299/2750
f 2961/3299/2750 2788/3104/2601 2781/3080/2577 2957/3105/2602
f 2744/3047/1097 2724/3027/2526 2726/3030/2529 2746/3043/2541
f 2973/3160/2655 2833/3158/2653 2841/3170/2665 2964/3323/2773
f 2985/3408/2791 2968/3409/2786 2980/3410/2637 2976/3411/2779 2972/3412/2590 2965/3413/2777 3008/3414/2834 3020/3415/2830 3016/3416/2826 3012/3417/2824 3005/3418/2823 3028/3419/2818 3040/3420/2814 3036/3421/2810 3032/3422/2808 3025/3423/2807 2988/3424/2802 3000/3425/2798 2996/3426/2794 2992/3427/2792
f 2964/3323/2773 2841/3170/2665 2849/3178/2673 3009/3383/2831
f 2969/3335/2783 2813/3131/2628 2817/3144/2640 2981/3331/2780
f 2984/3339/2787 2805/3129/2626 2813/3131/2628 2969/3335/2783
f 2981/3331/2780 2817/3144/2640 2825/3147/2643 2977/3159/2654
f 2881/3214/2708 2872/3207/2701 2874/3208/2702 2883/3211/2705
f 2993/3154/2649 2809/3130/2627 2805/3129/2626 2984/3339/2787
f 2989/3351/2799 2837/3166/2661 2828/3152/2647 3001/3347/2795
f 3024/3355/2803 2845/3174/2669 2837/3166/2661 2989/3351/2799
f 3001/3347/2795 2828/3152/2647 2821/3137/2634 2997/3153/2648
f 2780/3082/2579 2764/3066/2563 2766/3069/2566 2782/3078/2575
f 3013/3216/2710 2873/3210/2704 2868/3206/2700 3004/3371/2819
f 3004/3371/2819 2868/3206/2700 2864/3202/2696 3029/3367/2815
f 3009/3383/2831 2849/3178/2673 2877/3182/2677 3021/3379/2827
f 3021/3379/2827 2877/3182/2677 2880/3213/2707 3017/3215/2709
f 3033/3196/2690 2853/3187/2682 2845/3174/2669 3024/3355/2803
f 3029/3367/2815 2864/3202/2696 2860/3194/2688 3041/3363/2811
f 3041/3363/2811 2860/3194/2688 2856/3188/2683 3037/3195/2689
f 3053/3428/2835 2655/3429/2835 2654/3430/2836 3055/3431/2836
f 3055/3431/2836 2654/3430/2836 2653/3432/2837 3057/3433/2838
f 3045/3434/2839 2659/3435/2839 2658/3436/2840 3047/3437/2840
f 3050/3438/2841 2656/3439/2841 2655/3429/2835 3053/3428/2835
f 3047/3437/2840 2658/3436/2840 2657/3440/2842 3049/3441/2842
f 3058/3442/2843 2651/3443/2843 2650/3444/2844 3056/3445/2844
f 3059/3446/2845 2652/3447/2845 2651/3443/2843 3058/3442/2843
f 3054/3448/2846 2649/3449/2846 2648/3450/2847 3052/3451/2847
f 3056/3445/2844 2650/3444/2844 2649/3449/2846 3054/3448/2846
f 3046/3452/2848 2645/3453/2848 2644/3454/2849 3044/3455/2849
f 3052/3451/2847 2648/3450/2847 2647/3456/2850 3051/3457/2850
f 3057/3433/2838 2653/3432/2837 2652/3458/2845 3059/3459/2845
f 3052/3407/229 3051/3460/229 3048/3461/229 3046/3462/229 3044/3463/229 3045/3464/229 3047/3465/229 3049/3466/229 3050/3399/229 2948/3398/2756 2960/3467/2578 2956/3468/2749 2952/3469/2747 2945/3470/2746 2908/3471/2741 2920/3472/2544 2916/3473/2734 2912/3474/2732 2905/3387/2731
f 3048/3475/2851 2646/3476/2851 2645/3453/2848 3046/3452/2848
f 3044/3455/2849 2644/3454/2849 2659/3435/2839 3045/3434/2839
f 3051/3457/2850 2647/3456/2850 2646/3476/2851 3048/3475/2851
f 3049/3441/2842 2657/3440/2842 2656/3439/2841 3050/3438/2841
f 3072/3477/2852 3073/3478/2853 3121/3479/2853 3120/3480/2854
f 2647/3481/2855 2648/3482/2856 3080/3483/2856 3079/3484/2855
f 2657/3485/2857 2658/3486/2858 3090/3487/2858 3089/3488/2857
f 2648/3482/2856 2649/3489/2859 3081/3490/2859 3080/3483/2856
f 2653/2935/2461 2654/3491/2860 3086/3492/2860 3085/2936/2461
f 2658/3486/2858 2659/3493/2861 3091/3494/2861 3090/3487/2858
f 2644/3495/2862 2645/3496/2863 3076/3497/2863 3077/3498/2862
f 2654/3491/2860 2655/3499/2864 3087/3500/2864 3086/3492/2860
f 2649/3489/2859 2650/3501/2865 3082/3502/2865 3081/3490/2859
f 2659/3493/2861 2644/3495/2862 3077/3498/2862 3091/3494/2861
f 2650/3501/2865 2651/3503/2866 3083/3504/2866 3082/3502/2865
f 2645/3496/2863 2646/3505/2867 3078/3506/2867 3076/3497/2863
f 2655/3499/2864 2656/3507/2868 3088/3508/2868 3087/3500/2864
f 2646/3505/2867 2647/3481/2855 3079/3484/2855 3078/3506/2867
f 2656/3507/2868 2657/3485/2857 3089/3488/2857 3088/3508/2868
f 2651/3503/2866 2652/3509/2460 3084/3510/2460 3083/3504/2866
f 3060/3511/1221 3061/3512/229 3077/3513/229 3076/3514/1221
f 3062/3515/1097 3060/3511/1221 3076/3514/1221 3078/3516/1127
f 3063/3517/1126 3062/3515/1097 3078/3516/1127 3079/3518/1126
f 3064/3519/1126 3063/3517/1126 3079/3518/1126 3080/3520/1126
f 3065/3521/2644 3064/3519/1126 3080/3520/1126 3081/3522/2644
f 3066/3523/1230 3065/3521/2644 3081/3522/2644 3082/3524/1230
f 3067/3525/229 3066/3523/1230 3082/3524/1230 3083/3526/229
f 3068/3527/229 3067/3525/229 3083/3526/229 3084/3528/229
f 3069/3529/1221 3068/3530/229 3084/3531/229 3085/3532/1221
f 3070/3533/1097 3069/3529/1221 3085/3532/1221 3086/3534/1097
f 3071/3535/1126 3070/3533/1097 3086/3534/1097 3087/3536/1126
f 3072/3537/1126 3071/3535/1126 3087/3536/1126 3088/3538/1126
f 3073/3539/2644 3072/3537/1126 3088/3538/1126 3089/3540/2644
f 3074/3541/1230 3073/3539/2644 3089/3540/2644 3090/3542/1230
f 3075/3543/229 3074/3541/1230 3090/3542/1230 3091/3544/229
f 3061/3512/229 3075/3543/229 3091/3544/229 3077/3513/229
f 3100/3545/2869 3101/3546/2870 3149/3547/2871 3148/3548/2872
f 3065/3549/2873 3066/3550/2874 3114/3551/2874 3113/3552/2873
f 3073/3478/2853 3074/3553/2875 3122/3554/2875 3121/3479/2853
f 3066/3550/2874 3067/3555/2876 3115/3556/2876 3114/3551/2874
f 3074/3553/2875 3075/3557/2877 3123/3558/2877 3122/3554/2875
f 3067/3555/2876 3068/3559/2878 3116/3560/2878 3115/3556/2876
f 3061/3561/2879 3060/3562/2880 3108/3563/2880 3109/3564/2879
f 3075/3557/2877 3061/3561/2879 3109/3564/2879 3123/3558/2877
f 3068/3565/2878 3069/3566/2881 3117/3567/2881 3116/3568/2878
f 3060/3562/2880 3062/3569/2882 3110/3570/2882 3108/3563/2880
f 3069/3566/2881 3070/3571/2883 3118/3572/2883 3117/3567/2881
f 3062/3569/2882 3063/3573/2884 3111/3574/2885 3110/3570/2882
f 3070/3571/2883 3071/3575/2886 3119/3576/2887 3118/3572/2883
f 3063/3573/2884 3064/3577/2888 3112/3578/2889 3111/3574/2885
f 3071/3575/2886 3072/3477/2852 3120/3480/2854 3119/3576/2887
f 3064/3577/2888 3065/3549/2873 3113/3552/2873 3112/3578/2889
f 3092/3579/2890 3093/3580/229 3109/3581/229 3108/3582/2890
f 3094/3583/1088 3092/3579/2890 3108/3582/2890 3110/3584/1088
f 3095/3585/1126 3094/3583/1088 3110/3584/1088 3111/3586/1126
f 3096/3587/2891 3095/3585/1126 3111/3586/1126 3112/3588/2891
f 3097/3589/2892 3096/3587/2891 3112/3588/2891 3113/3590/2891
f 3098/3591/229 3097/3589/2892 3113/3590/2891 3114/3592/229
f 3099/3593/229 3098/3591/229 3114/3592/229 3115/3594/229
f 3100/3595/229 3099/3593/229 3115/3594/229 3116/3596/229
f 3101/3597/229 3100/3598/229 3116/3599/229 3117/3600/229
f 3102/3601/2644 3101/3597/229 3117/3600/229 3118/3602/2644
f 3103/3603/2644 3102/3601/2644 3118/3602/2644 3119/3604/2644
f 3104/3605/1126 3103/3603/2644 3119/3604/2644 3120/3606/1126
f 3105/3607/2892 3104/3605/1126 3120/3606/1126 3121/3608/2892
f 3106/3609/2893 3105/3607/2892 3121/3608/2892 3122/3610/2893
f 3107/3611/229 3106/3609/2893 3122/3610/2893 3123/3612/229
f 3093/3580/229 3107/3611/229 3123/3612/229 3109/3581/229
f 3124/3613/2894 3126/3614/2882 3158/3615/2895 3156/3616/2870
f 3092/3617/2896 3094/3618/2897 3142/3619/2897 3140/3620/2898
f 3101/3546/2870 3102/3621/2899 3150/3622/2900 3149/3547/2871
f 3094/3618/2897 3095/3623/2901 3143/3624/2902 3142/3619/2897
f 3102/3621/2899 3103/3625/2903 3151/3626/2885 3150/3622/2900
f 3095/3623/2901 3096/3627/2904 3144/3628/2905 3143/3624/2902
f 3103/3625/2903 3104/3629/2906 3152/3630/2907 3151/3626/2885
f 3096/3627/2904 3097/3631/2853 3145/3632/2908 3144/3628/2905
f 3104/3629/2906 3105/3633/2909 3153/3634/2909 3152/3630/2907
f 3097/3631/2853 3098/3635/2910 3146/3636/2911 3145/3632/2908
f 3105/3633/2909 3106/3637/2912 3154/3638/2913 3153/3634/2909
f 3098/3635/2910 3099/3639/2914 3147/3640/2915 3146/3636/2911
f 3106/3637/2912 3107/3641/2916 3155/3642/2917 3154/3638/2913
f 3099/3639/2914 3100/3643/2869 3148/3644/2872 3147/3640/2915
f 3093/3645/2918 3092/3617/2896 3140/3620/2898 3141/3646/2918
f 3107/3641/2916 3093/3645/2918 3141/3646/2918 3155/3642/2917
f 3124/3647/2919 3125/3648/229 3141/3649/2920 3140/3650/229
f 3126/3651/2558 3124/3647/2919 3140/3650/229 3142/3652/2558
f 3127/3653/2892 3126/3651/2558 3142/3652/2558 3143/3654/2921
f 3128/3655/2891 3127/3653/2892 3143/3654/2921 3144/3656/2922
f 3129/3657/2558 3128/3655/2891 3144/3656/2922 3145/3658/2558
f 3130/3659/2923 3129/3657/2558 3145/3658/2558 3146/3660/2923
f 3131/3661/2924 3130/3659/2923 3146/3660/2923 3147/3662/229
f 3132/3663/2920 3131/3661/2924 3147/3662/229 3148/3664/1097
f 3133/3665/2925 3132/3663/2920 3148/3664/1097 3149/3666/2925
f 3134/3667/2558 3133/3665/2925 3149/3666/2925 3150/3668/2558
f 3135/3669/2892 3134/3667/2558 3150/3668/2558 3151/3670/2926
f 3136/3671/2922 3135/3669/2892 3151/3670/2926 3152/3672/2708
f 3137/3673/2558 3136/3671/2922 3152/3672/2708 3153/3674/2558
f 3138/3675/2927 3137/3673/2558 3153/3674/2558 3154/3676/2923
f 3139/3677/229 3138/3675/2927 3154/3676/2923 3155/3678/229
f 3125/3648/229 3139/3677/229 3155/3678/229 3141/3649/2920
f 3157/3679/2708 3156/3679/2708 3158/3679/2708 3159/3679/2708 3160/3679/2708 3161/3679/2708 3162/3679/2708 3163/3679/2708 3164/3679/2708 3165/3679/2708 3166/3679/2708 3167/3679/2708 3168/3679/2708 3169/3679/2708 3170/3679/2708 3171/3679/2708
f 3133/3680/2928 3134/3681/2897 3166/3682/2929 3165/3683/2928
f 3126/3614/2882 3127/3684/2885 3159/3685/2884 3158/3615/2895
f 3134/3681/2897 3135/3686/2930 3167/3687/2931 3166/3682/2929
f 3127/3684/2885 3128/3688/2888 3160/3689/2932 3159/3685/2884
f 3135/3686/2930 3136/3690/2905 3168/3691/2933 3167/3687/2931
f 3128/3688/2888 3129/3692/2934 3161/3693/2935 3160/3689/2932
f 3136/3690/2905 3137/3694/2936 3169/3695/2937 3168/3691/2933
f 3129/3692/2934 3130/3696/2938 3162/3697/2939 3161/3693/2935
f 3137/3694/2936 3138/3698/2875 3170/3699/2911 3169/3695/2937
f 3130/3696/2938 3131/3700/2876 3163/3701/2940 3162/3697/2939
f 3138/3698/2875 3139/3702/2941 3171/3703/2914 3170/3699/2911
f 3131/3700/2876 3132/3704/2942 3164/3705/2918 3163/3701/2940
f 3125/3706/2879 3124/3613/2894 3156/3616/2870 3157/3707/2943
f 3139/3702/2941 3125/3706/2879 3157/3707/2943 3171/3703/2914
f 3132/3708/2942 3133/3680/2928 3165/3683/2928 3164/3709/2918
f 2816/3141/2637 2824/3148/2644 2826/3145/2641 2818/3142/2638
f 2857/3190/1088 2852/3192/2686 2854/3184/2679 2859/3183/2678
f 2820/3139/2635 2808/3123/2620 2810/3126/2623 2822/3135/2632
f 3172/3710/2944 3173/3711/2945 3189/3712/2946 3188/3713/2947
f 3187/3714/2948 3172/3715/2944 3188/3716/2947 3203/3717/2949
f 3180/3718/2950 3181/3719/2951 3197/3720/2952 3196/3721/2953
f 3173/3711/2945 3174/3722/2954 3190/3723/2954 3189/3712/2946
f 3181/3719/2951 3182/3724/2955 3198/3725/2956 3197/3720/2952
f 3174/3722/2954 3175/3726/2957 3191/3727/2958 3190/3723/2954
f 3182/3724/2955 3183/3728/2959 3199/3729/2959 3198/3725/2956
f 3175/3726/2957 3176/3730/2960 3192/3731/2961 3191/3727/2958
f 3183/3728/2959 3184/3732/2962 3200/3733/2962 3199/3729/2959
f 3176/3730/2960 3177/3734/2963 3193/3735/2964 3192/3731/2961
f 3184/3732/2962 3185/3736/2965 3201/3737/2965 3200/3733/2962
f 3177/3734/2963 3178/3738/2966 3194/3739/2966 3193/3735/2964
f 3185/3736/2965 3186/3740/2967 3202/3741/2968 3201/3737/2965
f 3178/3738/2966 3179/3742/2969 3195/3743/2969 3194/3739/2966
f 3186/3740/2967 3187/3714/2948 3203/3717/2949 3202/3741/2968
f 3179/3742/2969 3180/3718/2950 3196/3721/2953 3195/3743/2969
f 3201/3744/2926 3202/3745/1126 3218/3746/1126 3217/3747/2926
f 3194/3748/229 3195/3749/2926 3211/3750/2926 3210/3751/229
f 3202/3745/1126 3203/3752/2970 3219/3753/2970 3218/3746/1126
f 3195/3749/2926 3196/3754/2971 3212/3755/2971 3211/3750/2926
f 3188/3756/2972 3189/3757/2892 3205/3758/2973 3204/3759/2972
f 3203/3752/2970 3188/3756/2972 3204/3759/2972 3219/3753/2970
f 3196/3754/2971 3197/3760/2893 3213/3761/1127 3212/3755/2971
f 3189/3757/2892 3190/3762/2974 3206/3763/229 3205/3758/2973
f 3197/3760/2893 3198/3764/1126 3214/3765/1126 3213/3761/1127
f 3190/3762/2974 3191/3766/229 3207/3767/2975 3206/3763/229
f 3198/3764/1126 3199/3768/2976 3215/3769/2973 3214/3765/1126
f 3191/3766/229 3192/3770/1126 3208/3771/1126 3207/3767/2975
f 3199/3768/2976 3200/3772/229 3216/3773/229 3215/3769/2973
f 3192/3770/1126 3193/3774/229 3209/3775/229 3208/3771/1126
f 3200/3772/229 3201/3744/2926 3217/3747/2926 3216/3773/229
f 3193/3774/229 3194/3748/229 3210/3751/229 3209/3775/229
f 3215/3776/2977 3216/3777/227 3232/3778/227 3231/3779/2977
f 3208/3780/231 3209/3781/2964 3225/3782/2964 3224/3783/231
f 3216/3777/227 3217/3784/2978 3233/3785/2978 3232/3778/227
f 3209/3781/2964 3210/3786/2979 3226/3787/2980 3225/3782/2964
f 3217/3784/2978 3218/3788/2967 3234/3789/2967 3233/3785/2978
f 3210/3786/2979 3211/3790/2981 3227/3791/2982 3226/3787/2980
f 3218/3788/2967 3219/3792/2983 3235/3793/2983 3234/3789/2967
f 3211/3790/2981 3212/3794/799 3228/3795/799 3227/3791/2982
f 3204/3796/230 3205/3797/2984 3221/3798/2985 3220/3799/230
f 3219/3792/2983 3204/3800/230 3220/3801/230 3235/3793/2983
f 3212/3794/799 3213/3802/2986 3229/3803/2986 3228/3795/799
f 3205/3797/2984 3206/3804/2987 3222/3805/2988 3221/3798/2985
f 3213/3802/2986 3214/3806/2956 3230/3807/2956 3229/3803/2986
f 3206/3804/2987 3207/3808/2989 3223/3809/2989 3222/3805/2988
f 3214/3806/2956 3215/3776/2977 3231/3779/2977 3230/3807/2956
f 3207/3808/2989 3208/3780/231 3224/3783/231 3223/3809/2989
f 3221/3810/2732 3222/3811/2973 3238/3812/2973 3237/3813/2990
f 3229/3814/2991 3230/3815/2926 3246/3816/2926 3245/3817/2991
f 3222/3811/2973 3223/3818/2558 3239/3819/2558 3238/3812/2973
f 3230/3815/2926 3231/3820/1126 3247/3821/1126 3246/3816/2926
f 3223/3818/2558 3224/3822/2558 3240/3823/2558 3239/3819/2558
f 3231/3820/1126 3232/3824/981 3248/3825/981 3247/3821/1126
f 3224/3822/2558 3225/3826/2558 3241/3827/2558 3240/3823/2558
f 3232/3824/981 3233/3828/1126 3249/3829/1126 3248/3825/981
f 3225/3826/2558 3226/3830/2926 3242/3831/2926 3241/3827/2558
f 3233/3828/1126 3234/3832/2973 3250/3833/2973 3249/3829/1126
f 3226/3830/2926 3227/3834/2990 3243/3835/2990 3242/3831/2926
f 3234/3832/2973 3235/3836/1266 3251/3837/1266 3250/3833/2973
f 3227/3834/2990 3228/3838/2975 3244/3839/2975 3243/3835/2990
f 3220/3840/2992 3221/3810/2732 3237/3813/2990 3236/3841/2992
f 3235/3836/1266 3220/3840/2992 3236/3841/2992 3251/3837/1266
f 3228/3838/2975 3229/3814/2991 3245/3817/2991 3244/3839/2975
f 3242/3842/2967 3243/3843/2993 3259/3844/2993 3258/3845/2994
f 3250/3846/2995 3251/3847/2996 3267/3848/2996 3266/3849/2995
f 3243/3843/2993 3244/3850/230 3260/3851/230 3259/3844/2993
f 3236/3852/799 3237/3853/2997 3253/3854/2997 3252/3855/799
f 3251/3847/2996 3236/3856/799 3252/3857/799 3267/3848/2996
f 3244/3850/230 3245/3858/2998 3261/3859/2998 3260/3851/230
f 3237/3853/2997 3238/3860/2956 3254/3861/2956 3253/3854/2997
f 3245/3858/2998 3246/3862/2988 3262/3863/2988 3261/3859/2998
f 3238/3860/2956 3239/3864/2999 3255/3865/2999 3254/3861/2956
f 3246/3862/2988 3247/3866/3000 3263/3867/3000 3262/3863/2988
f 3239/3864/2999 3240/3868/3001 3256/3869/3001 3255/3865/2999
f 3247/3866/3000 3248/3870/3002 3264/3871/3002 3263/3867/3000
f 3240/3868/3001 3241/3872/3003 3257/3873/3003 3256/3869/3001
f 3248/3870/3002 3249/3874/3004 3265/3875/3004 3264/3871/3002
f 3241/3872/3003 3242/3842/2967 3258/3845/2994 3257/3873/3003
f 3249/3874/3004 3250/3846/2995 3266/3849/2995 3265/3875/3004
f 3263/3876/2708 3264/3877/229 3280/3878/229 3279/3879/2708
f 3256/3880/229 3257/3881/2892 3273/3882/2892 3272/3883/229
f 3264/3877/229 3265/3884/2892 3281/3885/2892 3280/3878/229
f 3257/3881/2892 3258/3886/2926 3274/3887/2926 3273/3882/2892
f 3265/3884/2892 3266/3888/2926 3282/3889/2926 3281/3885/2892
f 3258/3886/2926 3259/3890/1126 3275/3891/1126 3274/3887/2926
f 3266/3888/2926 3267/3892/1126 3283/3893/1126 3282/3889/2926
f 3259/3890/1126 3260/3894/229 3276/3895/229 3275/3891/1126
f 3252/3896/229 3253/3897/1126 3269/3898/1126 3268/3899/229
f 3267/3892/1126 3252/3896/229 3268/3899/229 3283/3893/1126
f 3260/3894/229 3261/3900/3005 3277/3901/3005 3276/3895/229
f 3253/3897/1126 3254/3902/2973 3270/3903/2973 3269/3898/1126
f 3261/3900/3005 3262/3904/2973 3278/3905/2973 3277/3901/3005
f 3254/3902/2973 3255/3906/2708 3271/3907/2708 3270/3903/2973
f 3262/3904/2973 3263/3876/2708 3279/3879/2708 3278/3905/2973
f 3255/3906/2708 3256/3880/229 3272/3883/229 3271/3907/2708
f 3269/3908/2984 3270/3909/3006 3286/3910/3007 3285/3911/3008
f 3277/3912/3009 3278/3913/3010 3294/3914/3011 3293/3915/3012
f 3270/3909/3006 3271/3916/3013 3287/3917/3013 3286/3910/3007
f 3278/3913/3010 3279/3918/3014 3295/3919/3015 3294/3914/3011
f 3271/3916/3013 3272/3920/231 3288/3921/231 3287/3917/3013
f 3279/3918/3014 3280/3922/227 3296/3923/227 3295/3919/3015
f 3272/3920/231 3273/3924/3016 3289/3925/3016 3288/3921/231
f 3280/3922/227 3281/3926/3017 3297/3927/3018 3296/3923/227
f 3273/3924/3016 3274/3928/2980 3290/3929/3019 3289/3925/3016
f 3281/3926/3017 3282/3930/2967 3298/3931/2967 3297/3927/3018
f 3274/3928/2980 3275/3932/3020 3291/3933/3021 3290/3929/3019
f 3282/3930/2967 3283/3934/3022 3299/3935/3023 3298/3931/2967
f 3275/3932/3020 3276/3936/799 3292/3937/799 3291/3933/3021
f 3268/3938/230 3269/3908/2984 3285/3911/3008 3284/3939/230
f 3283/3934/3022 3268/3940/230 3284/3941/230 3299/3935/3023
f 3276/3936/799 3277/3912/3009 3293/3915/3012 3292/3937/799
f 3285/3942/2558 3286/3943/2558 3287/3944/2558 3288/3945/2558 3289/3946/2558 3290/3947/2558 3291/3948/2558 3292/3949/2558 3293/3950/2558 3294/3951/2558 3295/3952/2558 3296/3953/2558 3297/3954/2558 3298/3955/2558 3299/3956/2558 3284/3957/2558
f 3300/3710/230 3301/3711/2945 3317/3712/2945 3316/3713/3024
f 3303/3726/2957 3304/3730/2961 3320/3731/2961 3319/3727/2958
f 3301/3711/2945 3302/3722/2954 3318/3723/2954 3317/3712/2945
f 3307/3742/2969 3308/3718/799 3324/3721/3025 3323/3743/2969
f 3305/3734/2963 3306/3738/2966 3322/3739/2966 3321/3735/2963
f 3329/3744/2558 3330/3745/1126 3346/3746/1126 3345/3747/2558
f 3309/3719/3026 3310/3724/3027 3326/3725/3028 3325/3720/3026
f 3311/3728/3029 3312/3732/3030 3328/3733/227 3327/3729/3029
f 3313/3736/3031 3314/3740/3032 3330/3741/3033 3329/3737/3034
f 3315/3714/3035 3300/3715/230 3316/3716/3024 3331/3717/2983
f 3302/3722/2954 3303/3726/2957 3319/3727/2958 3318/3723/2954
f 3304/3730/2961 3305/3734/2963 3321/3735/2963 3320/3731/2961
f 3306/3738/2966 3307/3742/2969 3323/3743/2969 3322/3739/2966
f 3308/3718/799 3309/3719/3026 3325/3720/3026 3324/3721/3025
f 3310/3724/3027 3311/3728/3029 3327/3729/3029 3326/3725/3028
f 3312/3732/3030 3313/3736/3031 3329/3737/3034 3328/3733/227
f 3323/3749/2970 3324/3754/2558 3340/3755/2558 3339/3750/2970
f 3321/3774/2558 3322/3748/1126 3338/3751/1126 3337/3775/3036
f 3319/3766/2558 3320/3770/1126 3336/3771/1126 3335/3767/2558
f 3343/3776/3037 3344/3777/227 3360/3778/227 3359/3779/3037
f 3314/3740/3032 3315/3714/3035 3331/3717/2983 3330/3741/3033
f 3327/3768/2558 3328/3772/1126 3344/3773/1126 3343/3769/2890
f 3325/3760/2893 3326/3764/1126 3342/3765/1126 3341/3761/1127
f 3331/3752/2970 3316/3756/2558 3332/3759/2558 3347/3753/2970
f 3322/3748/1126 3323/3749/2970 3339/3750/2970 3338/3751/1126
f 3320/3770/1126 3321/3774/2558 3337/3775/3036 3336/3771/1126
f 3318/3762/1126 3319/3766/2558 3335/3767/2558 3334/3763/1126
f 3324/3754/2558 3325/3760/2893 3341/3761/1127 3340/3755/2558
f 3330/3745/1126 3331/3752/2970 3347/3753/2970 3346/3746/1126
f 3328/3772/1126 3329/3744/2558 3345/3747/2558 3344/3773/1126
f 3326/3764/1126 3327/3768/2558 3343/3769/2890 3342/3765/1126
f 3317/3757/2893 3318/3762/1126 3334/3763/1126 3333/3758/2893
f 3335/3808/3038 3336/3780/231 3352/3783/231 3351/3809/3038
f 3345/3784/3039 3346/3788/2994 3362/3789/2968 3361/3785/3039
f 3349/3958/2990 3350/3959/2973 3366/3960/2973 3365/3961/2990
f 3341/3802/3040 3342/3806/3010 3358/3807/3010 3357/3803/3040
f 3332/3796/230 3333/3797/2984 3349/3798/2985 3348/3799/230
f 3338/3786/2979 3339/3790/2981 3355/3791/2982 3354/3787/2980
f 3336/3780/231 3337/3781/3004 3353/3782/3004 3352/3783/231
f 3334/3804/2987 3335/3808/3038 3351/3809/3038 3350/3805/2988
f 3316/3756/2558 3317/3757/2893 3333/3758/2893 3332/3759/2558
f 3344/3777/227 3345/3784/3039 3361/3785/3039 3360/3778/227
f 3346/3788/2994 3347/3792/3041 3363/3793/3041 3362/3789/2968
f 3340/3794/799 3341/3802/3040 3357/3803/3040 3356/3795/799
f 3342/3806/3010 3343/3776/3037 3359/3779/3037 3358/3807/3010
f 3337/3781/3004 3338/3786/2979 3354/3787/2980 3353/3782/3004
f 3339/3790/2981 3340/3794/799 3356/3795/799 3355/3791/2982
f 3333/3797/2984 3334/3804/2987 3350/3805/2988 3349/3798/2985
f 3356/3962/229 3357/3963/2558 3373/3964/2558 3372/3965/229
f 3362/3966/1230 3363/3967/2558 3379/3968/2558 3378/3969/1230
f 3370/3970/3042 3371/3971/3043 3387/3972/3043 3386/3973/3042
f 3351/3974/2973 3352/3975/3044 3368/3976/3044 3367/3977/2973
f 3353/3978/2926 3354/3979/2926 3370/3980/2926 3369/3981/2926
f 3355/3982/2990 3356/3962/229 3372/3965/229 3371/3983/2990
f 3357/3963/2558 3358/3984/1221 3374/3985/1221 3373/3964/2558
f 3359/3986/1230 3360/3987/981 3376/3988/981 3375/3989/1230
f 3361/3990/1221 3362/3966/1230 3378/3969/1230 3377/3991/1221
f 3348/3992/229 3349/3958/2990 3365/3961/2990 3364/3993/229
f 3350/3959/2973 3351/3974/2973 3367/3977/2973 3366/3960/2973
f 3352/3975/3044 3353/3978/2926 3369/3981/2926 3368/3976/3044
f 3354/3979/2926 3355/3982/2990 3371/3983/2990 3370/3980/2926
f 3347/3792/3041 3332/3800/230 3348/3801/230 3363/3793/3041
f 3360/3987/981 3361/3990/1221 3377/3991/1221 3376/3988/981
f 3358/3984/1221 3359/3986/1230 3375/3989/1230 3374/3985/1221
f 3377/3994/2964 3378/3995/2995 3394/3996/2995 3393/3997/2964
f 3375/3998/3038 3376/3999/3002 3392/4000/3002 3391/4001/3038
f 3391/3876/2923 3392/3877/229 3408/3878/229 3407/3879/2923
f 3363/3967/2558 3348/3992/229 3364/3993/229 3379/3968/2558
f 3368/4002/3045 3369/4003/3039 3385/4004/3003 3384/4005/3045
f 3366/4006/3046 3367/4007/2999 3383/4008/2999 3382/4009/3046
f 3372/4010/230 3373/4011/2946 3389/4012/2998 3388/4013/3047
f 3378/3995/2995 3379/4014/2996 3395/4015/2996 3394/3996/2995
f 3376/3999/3002 3377/3994/2964 3393/3997/2964 3392/4000/3002
f 3374/4016/2988 3375/3998/3038 3391/4001/3038 3390/4017/2988
f 3365/4018/3048 3366/4006/3046 3382/4009/3046 3381/4019/3048
f 3371/3971/3043 3372/4010/230 3388/4013/3047 3387/3972/3043
f 3369/4003/3039 3370/3970/3042 3386/3973/3042 3385/4004/3003
f 3367/4007/2999 3368/4002/3045 3384/4005/3045 3383/4008/2999
f 3373/4011/2946 3374/4016/2988 3390/4017/2988 3389/4012/2998
f 3364/4020/799 3365/4018/3048 3381/4019/3048 3380/4021/3049
f 3397/3908/3008 3398/3909/3050 3414/3910/3050 3413/3911/3008
f 3389/3900/3005 3390/3904/3005 3406/3905/3005 3405/3901/3005
f 3380/3896/229 3381/3897/3005 3397/3898/3005 3396/3899/229
f 3386/3886/2926 3387/3890/1127 3403/3891/1127 3402/3887/2926
f 3384/3880/2558 3385/3881/2892 3401/3882/2971 3400/3883/2990
f 3382/3902/2973 3383/3906/2972 3399/3907/2972 3398/3903/2973
f 3395/3892/1126 3380/3896/229 3396/3899/229 3411/3893/1126
f 3394/3888/1127 3395/3892/1126 3411/3893/1126 3410/3889/1127
f 3379/4014/2996 3364/4022/799 3380/4023/3049 3395/4015/2996
f 3388/3894/229 3389/3900/3005 3405/3901/3005 3404/3895/229
f 3390/3904/3005 3391/3876/2923 3407/3879/2923 3406/3905/3005
f 3385/3881/2892 3386/3886/2926 3402/3887/2926 3401/3882/2971
f 3387/3890/1127 3388/3894/229 3404/3895/229 3403/3891/1127
f 3381/3897/3005 3382/3902/2973 3398/3903/2973 3397/3898/3005
f 3383/3906/2972 3384/3880/2558 3400/3883/2990 3399/3907/2972
f 3393/3884/2925 3394/3888/1127 3410/3889/1127 3409/3885/2925
f 3405/3912/3051 3406/3913/3052 3422/3914/3052 3421/3915/2997
f 3407/3918/3014 3408/3922/227 3424/3923/227 3423/3919/3014
f 3409/3926/3017 3410/3930/2967 3426/3931/2967 3425/3927/3053
f 3396/3938/3024 3397/3908/3008 3413/3911/3008 3412/3939/3024
f 3398/3909/3050 3399/3916/3054 3415/3917/3055 3414/3910/3050
f 3400/3920/3056 3401/3924/3057 3417/3925/3057 3416/3921/3056
f 3402/3928/2995 3403/3932/2981 3419/3933/3058 3418/3929/3059
f 3411/3934/3022 3396/3940/3024 3412/3941/3024 3427/3935/3023
f 3406/3913/3052 3407/3918/3014 3423/3919/3014 3422/3914/3052
f 3408/3922/227 3409/3926/3017 3425/3927/3053 3424/3923/227
f 3410/3930/2967 3411/3934/3022 3427/3935/3023 3426/3931/2967
f 3404/3936/3049 3405/3912/3051 3421/3915/2997 3420/3937/3060
f 3399/3916/3054 3400/3920/3056 3416/3921/3056 3415/3917/3055
f 3392/3877/229 3393/3884/2925 3409/3885/2925 3408/3878/229
f 3401/3924/3057 3402/3928/2995 3418/3929/3059 3417/3925/3057
f 3403/3932/2981 3404/3936/3049 3420/3937/3060 3419/3933/3058
f 3413/3942/229 3414/3943/229 3415/3944/229 3416/3945/229 3417/3946/229 3418/3947/229 3419/3948/229 3420/3949/229 3421/3950/229 3422/3951/229 3423/3952/229 3424/3953/229 3425/3954/229 3426/3955/229 3427/3956/229 3412/3957/229
f 3442/3942/2558 3441/3943/2558 3440/3944/2558 3439/3945/2558 3438/3946/2558 3437/3947/2558 3436/3948/2558 3435/3949/2558 3434/3950/2558 3433/3951/2558 3432/3952/2558 3431/3953/2558 3430/3954/2558 3429/3955/2558 3428/3956/2558 3443/3957/2558
f 3452/3932/3061 3451/3936/3062 3435/3937/3062 3436/3933/3063
f 3444/3934/3064 3459/3940/3047 3443/3941/3047 3428/3935/3064
f 3454/3924/3065 3453/3928/3066 3437/3929/3066 3438/3925/3057
f 3453/3928/3066 3452/3932/3061 3436/3933/3063 3437/3929/3066
f 3463/3877/229 3462/3884/2892 3446/3885/2892 3447/3878/229
f 3455/3920/3056 3454/3924/3065 3438/3925/3057 3439/3921/3056
f 3456/3916/3067 3455/3920/3056 3439/3921/3056 3440/3917/3055
f 3457/3909/3050 3456/3916/3067 3440/3917/3055 3441/3910/3050
f 3451/3936/3062 3450/3912/3068 3434/3915/3069 3435/3937/3062
f 3459/3938/3047 3458/3908/2985 3442/3911/2985 3443/3939/3047
f 3445/3930/2967 3444/3934/3064 3428/3935/3064 3429/3931/2967
f 3446/3926/3070 3445/3930/2967 3429/3931/2967 3430/3927/3070
f 3447/3922/227 3446/3926/3070 3430/3927/3070 3431/3923/227
f 3448/3918/2977 3447/3922/227 3431/3923/227 3432/3919/3071
f 3449/3913/3010 3448/3918/2977 3432/3919/3071 3433/3914/3010
f 3475/3896/229 3474/3897/3005 3458/3898/3005 3459/3899/229
f 3467/3894/229 3466/3900/3005 3450/3901/3005 3451/3895/229
f 3466/3900/3005 3465/3904/2973 3449/3905/2973 3450/3901/3005
f 3476/4024/2982 3491/4025/799 3475/4026/799 3460/4027/2982
f 3450/3912/3068 3449/3913/3010 3433/3914/3010 3434/3915/3069
f 3462/3884/2892 3461/3888/2926 3445/3889/2926 3446/3885/2892
f 3461/3888/2926 3460/3892/1127 3444/3893/1127 3445/3889/2926
f 3472/3906/2708 3471/3880/229 3455/3883/229 3456/3907/2926
f 3460/3892/1127 3475/3896/229 3459/3899/229 3444/3893/1127
f 3474/3897/3005 3473/3902/2973 3457/3903/2973 3458/3898/3005
f 3473/3902/2973 3472/3906/2708 3456/3907/2926 3457/3903/2973
f 3468/3890/1126 3467/3894/229 3451/3895/229 3452/3891/1126
f 3471/3880/229 3470/3881/2892 3454/3882/2892 3455/3883/229
f 3470/3881/2892 3469/3886/2926 3453/3887/2926 3454/3882/2892
f 3469/3886/2926 3468/3890/1126 3452/3891/1126 3453/3887/2926
f 3465/3904/2973 3464/3876/2708 3448/3879/2708 3449/3905/2973
f 3487/4028/3045 3486/4029/3072 3470/4030/3018 3471/4031/3045
f 3484/4032/2993 3483/4033/230 3467/4034/230 3468/4035/2993
f 3492/4036/1266 3507/4037/2992 3491/4038/2992 3476/4039/1266
f 3490/4040/2997 3489/4041/3073 3473/4042/2956 3474/4043/2997
f 3464/3876/2708 3463/3877/229 3447/3878/229 3448/3879/2708
f 3481/4044/3050 3480/4045/3000 3464/4046/3000 3465/4047/3050
f 3480/4045/3000 3479/4048/3002 3463/4049/3002 3464/4046/3000
f 3479/4048/3002 3478/4050/3004 3462/4051/3004 3463/4049/3002
f 3458/3908/2985 3457/3909/3050 3441/3910/3050 3442/3911/2985
f 3491/4052/799 3490/4040/2997 3474/4043/2997 3475/4053/799
f 3477/4054/3066 3476/4024/2982 3460/4027/2982 3461/4055/3074
f 3482/4056/3075 3481/4044/3050 3465/4047/3050 3466/4057/3076
f 3483/4033/230 3482/4056/3075 3466/4057/3076 3467/4034/230
f 3488/4058/3077 3487/4028/3045 3471/4031/3045 3472/4059/3077
f 3489/4041/3073 3488/4058/3077 3472/4059/3077 3473/4042/2956
f 3486/4029/3072 3485/4060/2967 3469/4061/2994 3470/4030/3018
f 3495/4062/3044 3494/4063/3078 3478/4064/3078 3479/4065/3044
f 3498/4066/2991 3497/4067/3036 3481/4068/3036 3482/4069/2991
f 3508/3792/3079 3523/3800/230 3507/3801/230 3492/3793/3079
f 3500/4070/2990 3499/4071/2975 3483/4072/2975 3484/4073/2990
f 3501/4074/2926 3500/4070/2990 3484/4073/2990 3485/4075/2926
f 3502/4076/2558 3501/4074/2926 3485/4075/2926 3486/4077/2558
f 3503/4078/2558 3502/4076/2558 3486/4077/2558 3487/4079/2558
f 3504/4080/2558 3503/4078/2558 3487/4079/2558 3488/4081/2558
f 3505/4082/2973 3504/4080/2558 3488/4081/2558 3489/4083/2973
f 3485/4060/2967 3484/4032/2993 3468/4035/2993 3469/4061/2994
f 3507/4037/2992 3506/4084/2990 3490/4085/2990 3491/4038/2992
f 3493/4086/3005 3492/4036/1266 3476/4039/1266 3477/4087/3005
f 3494/4063/3078 3493/4086/3005 3477/4087/3005 3478/4064/3078
f 3478/4050/3004 3477/4054/3066 3461/4055/3074 3462/4051/3004
f 3497/4067/3036 3496/4088/3080 3480/4089/3081 3481/4068/3036
f 3496/4088/3080 3495/4062/3044 3479/4065/3044 3480/4089/3081
f 3511/3777/3082 3510/3784/3083 3494/3785/3083 3495/3778/3082
f 3510/3784/3083 3509/3788/2967 3493/3789/2967 3494/3785/3083
f 3539/3756/2972 3538/3757/2892 3522/3758/2973 3523/3759/2972
f 3499/4071/2975 3498/4066/2991 3482/4069/2991 3483/4072/2975
f 3522/3797/3084 3521/3804/3050 3505/3805/3050 3506/3798/2985
f 3521/3804/3050 3520/3808/3085 3504/3809/3085 3505/3805/3050
f 3516/3790/3086 3515/3794/799 3499/3795/799 3500/3791/2982
f 3519/3780/3056 3518/3781/3087 3502/3782/3087 3503/3783/3056
f 3518/3781/3087 3517/3786/2995 3501/3787/2995 3502/3782/3087
f 3517/3786/2995 3516/3790/3086 3500/3791/2982 3501/3787/2995
f 3513/3806/2956 3512/3776/3088 3496/3779/3088 3497/3807/2956
f 3523/3796/230 3522/3797/3084 3506/3798/2985 3507/3799/230
f 3515/3794/799 3514/3802/2997 3498/3803/2997 3499/3795/799
f 3514/3802/2997 3513/3806/2956 3497/3807/2956 3498/3803/2997
f 3509/3788/2967 3508/3792/3079 3492/3793/3079 3493/3789/2967
f 3506/4084/2990 3505/4082/2973 3489/4083/2973 3490/4085/2990
f 3541/3740/3089 3540/3714/3090 3524/3717/3090 3525/3741/3089
f 3531/3754/2971 3530/3760/2893 3514/3761/1127 3515/3755/2971
f 3512/3776/3088 3511/3777/3082 3495/3778/3082 3496/3779/3088
f 3537/3762/229 3536/3766/2975 3520/3767/2975 3521/3763/2974
f 3536/3766/2975 3535/3770/1126 3519/3771/1126 3520/3767/2975
f 3535/3770/1126 3534/3774/2992 3518/3775/2992 3519/3771/1126
f 3534/3774/2992 3533/3748/229 3517/3751/3091 3518/3775/2992
f 3533/3748/229 3532/3749/2926 3516/3750/2708 3517/3751/3091
f 3520/3808/3085 3519/3780/3056 3503/3783/3056 3504/3809/3085
f 3538/3757/2892 3537/3762/229 3521/3763/2974 3522/3758/2973
f 3524/3752/2970 3539/3756/2972 3523/3759/2972 3508/3753/2970
f 3529/3764/1126 3528/3768/2973 3512/3769/2973 3513/3765/1126
f 3530/3760/2893 3529/3764/1126 3513/3765/1126 3514/3761/1127
f 3527/3772/229 3526/3744/3092 3510/3747/2926 3511/3773/229
f 3528/3768/2973 3527/3772/229 3511/3773/229 3512/3769/2973
f 3525/3745/1126 3524/3752/2970 3508/3753/2970 3509/3746/1126
f 3545/3724/3093 3544/3728/3094 3528/3729/3094 3529/3725/3095
f 3546/3719/3096 3545/3724/3093 3529/3725/3095 3530/3720/3096
f 3547/3718/3049 3546/3719/3096 3530/3720/3096 3531/3721/799
f 3526/3744/3092 3525/3745/1126 3509/3746/1126 3510/3747/2926
f 3549/3738/3097 3548/3742/3098 3532/3743/3098 3533/3739/3099
f 3550/3734/3100 3549/3738/3097 3533/3739/3099 3534/3735/3100
f 3551/3730/3101 3550/3734/3100 3534/3735/3100 3535/3731/3101
f 3548/3742/3098 3547/3718/3049 3531/3721/799 3532/3743/3098
f 3553/3722/3102 3552/3726/3038 3536/3727/3103 3537/3723/3104
f 3554/3711/3105 3553/3722/3102 3537/3723/3104 3538/3712/3106
f 3540/3714/3090 3555/3715/3047 3539/3716/230 3524/3717/3090
f 3552/3726/3038 3551/3730/3101 3535/3731/3101 3536/3727/3103
f 3542/3736/3107 3541/3740/3089 3525/3741/3089 3526/3737/3107
f 3532/3749/2926 3531/3754/2971 3515/3755/2971 3516/3750/2708
f 3543/3732/3030 3542/3736/3107 3526/3737/3107 3527/3733/3030
f 3544/3728/3094 3543/3732/3030 3527/3733/3030 3528/3729/3094
f 3555/3710/3047 3554/3711/3105 3538/3712/3106 3539/3713/230
f 3556/3710/2944 3557/3711/2945 3573/3712/2945 3572/3713/2947
f 3567/3728/2959 3568/3732/2962 3584/3733/3108 3583/3729/2959
f 3563/3742/3109 3564/3718/2950 3580/3721/2953 3579/3743/3110
f 3568/3732/2962 3569/3736/2965 3585/3737/2965 3584/3733/3108
f 3560/3730/2961 3561/3734/2963 3577/3735/2963 3576/3731/3111
f 3579/3749/2926 3580/3754/2708 3596/3755/2708 3595/3750/2926
f 3561/3734/2963 3562/3738/2966 3578/3739/2966 3577/3735/2963
f 3569/3736/2965 3570/3740/2994 3586/3741/2968 3585/3737/2965
f 3562/3738/2966 3563/3742/3109 3579/3743/3110 3578/3739/2966
f 3559/3726/2957 3560/3730/2961 3576/3731/3111 3575/3727/2958
f 3585/3744/2926 3586/3745/3112 3602/3746/3112 3601/3747/2926
f 3571/3714/2948 3556/3715/2944 3572/3716/2947 3587/3717/3113
f 3564/3718/2950 3565/3719/2951 3581/3720/3114 3580/3721/2953
f 3557/3711/2945 3558/3722/2954 3574/3723/2954 3573/3712/2945
f 3565/3719/2951 3566/3724/3073 3582/3725/3073 3581/3720/3114
f 3558/3722/2954 3559/3726/2957 3575/3727/2958 3574/3723/2954
f 3599/3776/2977 3600/3777/227 3616/3778/227 3615/3779/2977
f 3573/3757/2973 3574/3762/229 3590/3763/2974 3589/3758/2973
f 3580/3754/2708 3581/3760/2708 3597/3761/2708 3596/3755/2708
f 3591/3808/2989 3592/3780/231 3608/3783/231 3607/3809/2989
f 3566/3724/3073 3567/3728/2959 3583/3729/2959 3582/3725/3073
f 3586/3745/3112 3587/3752/3115 3603/3753/2892 3602/3746/3112
f 3578/3748/229 3579/3749/2926 3595/3750/2926 3594/3751/3091
f 3583/3768/3116 3584/3772/2558 3600/3773/3117 3599/3769/2558
f 3577/3774/2992 3578/3748/229 3594/3751/3091 3593/3775/2992
f 3584/3772/2558 3585/3744/2926 3601/3747/2926 3600/3773/3117
f 3576/3770/1126 3577/3774/2992 3593/3775/2992 3592/3771/1126
f 3581/3760/2708 3582/3764/2925 3598/3765/2925 3597/3761/2708
f 3575/3766/2975 3576/3770/1126 3592/3771/1126 3591/3767/2975
f 3582/3764/2925 3583/3768/3116 3599/3769/2558 3598/3765/2925
f 3574/3762/229 3575/3766/2975 3591/3767/2975 3590/3763/2974
f 3587/3752/3115 3572/3756/2892 3588/3759/2892 3603/3753/2892
f 3589/3797/3118 3590/3804/3050 3606/3805/3050 3605/3798/3118
f 3588/3796/230 3589/3797/3118 3605/3798/3118 3604/3799/230
f 3612/4090/2992 3613/4091/2990 3629/4092/2990 3628/4093/2992
f 3598/3806/2956 3599/3776/2977 3615/3779/2977 3614/3807/2956
f 3572/3756/2892 3573/3757/2973 3589/3758/2973 3588/3759/2892
f 3594/3786/2995 3595/3790/3119 3611/3791/3119 3610/3787/2995
f 3601/3784/2978 3602/3788/2967 3618/3789/2967 3617/3785/2978
f 3593/3781/2964 3594/3786/2995 3610/3787/2995 3609/3782/2964
f 3570/3740/2994 3571/3714/2948 3587/3717/3113 3586/3741/2968
f 3605/4094/2991 3606/4095/2926 3622/4096/2926 3621/4097/2991
f 3592/3780/231 3593/3781/2964 3609/3782/2964 3608/3783/231
f 3602/3788/2967 3603/3792/2983 3619/3793/2983 3618/3789/2967
f 3595/3790/3119 3596/3794/799 3612/3795/799 3611/3791/3119
f 3597/3802/2986 3598/3806/2956 3614/3807/2956 3613/3803/2986
f 3590/3804/3050 3591/3808/2989 3607/3809/2989 3606/3805/3050
f 3596/3794/799 3597/3802/2986 3613/3803/2986 3612/3795/799
f 3614/4098/2973 3615/4099/2558 3631/4100/2558 3630/4101/2973
f 3608/4102/981 3609/4103/1126 3625/4104/1126 3624/4105/981
f 3633/4106/3004 3634/4107/2980 3650/4108/2980 3649/4109/3004
f 3609/4103/1126 3610/4110/2973 3626/4111/2973 3625/4104/1126
f 3617/4112/2558 3618/4113/2926 3634/4114/2926 3633/4115/2558
f 3610/4110/2973 3611/4116/1266 3627/4117/1266 3626/4111/2973
f 3618/4113/2926 3619/4118/2990 3635/4119/2990 3634/4114/2926
f 3611/4116/1266 3612/4090/2992 3628/4093/2992 3627/4117/1266
f 3604/4120/2975 3605/4094/2991 3621/4097/2991 3620/4121/2975
f 3603/3792/2983 3588/3800/230 3604/3801/230 3619/3793/2983
f 3626/4122/2967 3627/4123/2993 3643/4124/3079 3642/4125/2967
f 3613/4091/2990 3614/4098/2973 3630/4101/2973 3629/4092/2990
f 3606/4095/2926 3607/4126/1126 3623/4127/1126 3622/4096/2926
f 3600/3777/227 3601/3784/2978 3617/3785/2978 3616/3778/227
f 3615/4099/2558 3616/4128/2558 3632/4129/2558 3631/4100/2558
f 3607/4126/1126 3608/4102/981 3624/4105/981 3623/4127/1126
f 3620/4130/799 3621/4131/2997 3637/4132/2997 3636/4133/799
f 3627/4123/2993 3628/4134/230 3644/4135/230 3643/4124/3079
f 3653/3908/2984 3654/3909/2988 3670/3910/2988 3669/3911/2984
f 3616/4128/2558 3617/4112/2558 3633/4115/2558 3632/4129/2558
f 3625/4136/3039 3626/4122/2967 3642/4125/2967 3641/4137/3039
f 3632/4138/3002 3633/4106/3004 3649/4109/3004 3648/4139/3002
f 3622/4140/2956 3623/4141/2999 3639/4142/2999 3638/4143/2956
f 3631/4144/3000 3632/4138/3002 3648/4139/3002 3647/4145/3000
f 3623/4141/2999 3624/4146/3001 3640/4147/3001 3639/4142/2999
f 3630/4148/3120 3631/4144/3000 3647/4145/3000 3646/4149/3120
f 3628/4134/230 3629/4150/2985 3645/4151/3076 3644/4135/230
f 3647/3876/2708 3648/3877/229 3664/3878/229 3663/3879/2708
f 3629/4150/2985 3630/4148/3120 3646/4149/3120 3645/4151/3076
f 3621/4131/2997 3622/4140/2956 3638/4143/2956 3637/4132/2997
f 3634/4107/2980 3635/4152/2982 3651/4153/2982 3650/4108/2980
f 3619/4118/2990 3604/4120/2975 3620/4121/2975 3635/4119/2990
f 3661/3912/3121 3662/3913/3122 3678/3914/3122 3677/3915/3123
f 3643/3890/1126 3644/3894/229 3660/3895/229 3659/3891/1126
f 3635/4152/2982 3620/4154/799 3636/4155/799 3651/4153/2982
f 3638/3902/3005 3639/3906/981 3655/3907/981 3654/3903/3005
f 3645/3900/3005 3646/3904/2973 3662/3905/2973 3661/3901/3005
f 3637/3897/3005 3638/3902/3005 3654/3903/3005 3653/3898/3005
f 3644/3894/229 3645/3900/3005 3661/3901/3005 3660/3895/229
f 3651/3892/1126 3636/3896/229 3652/3899/229 3667/3893/1126
f 3624/4146/3001 3625/4136/3039 3641/4137/3039 3640/4147/3001
f 3646/3904/2973 3647/3876/2708 3663/3879/2708 3662/3905/2973
f 3639/3906/981 3640/3880/3124 3656/3883/3124 3655/3907/981
f 3642/3886/1127 3643/3890/1126 3659/3891/1126 3658/3887/1127
f 3650/3888/2926 3651/3892/1126 3667/3893/1126 3666/3889/2926
f 3641/3881/1126 3642/3886/1127 3658/3887/1127 3657/3882/981
f 3649/3884/2892 3650/3888/2926 3666/3889/2926 3665/3885/2892
f 3640/3880/3124 3641/3881/1126 3657/3882/981 3656/3883/3124
f 3663/3918/2977 3664/3922/227 3680/3923/227 3679/3919/2977
f 3656/3920/231 3657/3924/3125 3673/3925/3004 3672/3921/231
f 3664/3922/227 3665/3926/2978 3681/3927/2978 3680/3923/227
f 3648/3877/229 3649/3884/2892 3665/3885/2892 3664/3878/229
f 3665/3926/2978 3666/3930/2968 3682/3931/2968 3681/3927/2978
f 3658/3928/2980 3659/3932/2981 3675/3933/2982 3674/3929/3126
f 3666/3930/2968 3667/3934/3041 3683/3935/3041 3682/3931/2968
f 3657/3924/3125 3658/3928/2980 3674/3929/3126 3673/3925/3004
f 3652/3938/230 3653/3908/2984 3669/3911/2984 3668/3939/230
f 3667/3934/3041 3652/3940/230 3668/3941/230 3683/3935/3041
f 3660/3936/3127 3661/3912/3121 3677/3915/3123 3676/3937/799
f 3659/3932/2981 3660/3936/3127 3676/3937/799 3675/3933/2982
f 3654/3909/2988 3655/3916/2989 3671/3917/3128 3670/3910/2988
f 3636/3896/229 3637/3897/3005 3653/3898/3005 3652/3899/229
f 3662/3913/3122 3663/3918/2977 3679/3919/2977 3678/3914/3122
f 3655/3916/2989 3656/3920/231 3672/3921/231 3671/3917/3128
f 3669/3942/229 3670/3943/229 3671/3944/229 3672/3945/229 3673/3946/229 3674/3947/229 3675/3948/229 3676/3949/229 3677/3950/229 3678/3951/229 3679/3952/229 3680/3953/229 3681/3954/229 3682/3955/229 3683/3956/229 3668/3957/229
f 3698/3942/229 3697/3943/229 3696/3944/229 3695/3945/229 3694/3946/229 3693/3947/229 3692/3948/229 3691/3949/229 3690/3950/229 3689/3951/229 3688/3952/229 3687/3953/229 3686/3954/229 3685/3955/229 3684/3956/229 3699/3957/229
f 3712/3916/3067 3711/3920/3056 3695/3921/3056 3696/3917/3129
f 3710/3924/3065 3709/3928/3126 3693/3929/3126 3694/3925/3130
f 3705/3913/3010 3704/3918/3014 3688/3919/3014 3689/3914/2955
f 3701/3930/2967 3700/3934/3023 3684/3935/3023 3685/3931/2967
f 3731/3896/229 3730/3897/3005 3714/3898/3005 3715/3899/229
f 3709/3928/3126 3708/3932/2981 3692/3933/3058 3693/3929/3126
f 3713/3909/2987 3712/3916/3067 3696/3917/3129 3697/3910/3050
f 3702/3926/3017 3701/3930/2967 3685/3931/2967 3686/3927/3018
f 3708/3932/2981 3707/3936/3025 3691/3937/3025 3692/3933/3058
f 3719/3877/229 3718/3884/2892 3702/3885/2892 3703/3878/229
f 3707/3936/3025 3706/3912/3068 3690/3915/3068 3691/3937/3025
f 3703/3922/227 3702/3926/3017 3686/3927/3018 3687/3923/227
f 3700/3934/3023 3715/3940/3024 3699/3941/3024 3684/3935/3023
f 3711/3920/3056 3710/3924/3065 3694/3925/3130 3695/3921/3056
f 3715/3938/3024 3714/3908/3008 3698/3911/3008 3699/3939/3024
f 3732/4156/2996 3747/4157/799 3731/4158/799 3716/4159/2996
f 3721/3904/2973 3720/3876/2708 3704/3879/2708 3705/3905/2973
f 3724/3890/1127 3723/3894/229 3707/3895/229 3708/3891/1127
f 3743/4160/3001 3742/4161/3039 3726/4162/3039 3727/4163/3001
f 3704/3918/3014 3703/3922/227 3687/3923/227 3688/3919/3014
f 3727/3880/3124 3726/3881/981 3710/3882/981 3711/3883/3124
f 3716/3892/1126 3731/3896/229 3715/3899/229 3700/3893/1126
f 3718/3884/2892 3717/3888/2926 3701/3889/2926 3702/3885/2892
f 3723/3894/229 3722/3900/3005 3706/3901/3005 3707/3895/229
f 3726/3881/981 3725/3886/1127 3709/3887/1127 3710/3882/981
f 3730/3897/3005 3729/3902/3005 3713/3903/3005 3714/3898/3005
f 3717/3888/2926 3716/3892/1126 3700/3893/1126 3701/3889/2926
f 3722/3900/3005 3721/3904/2973 3705/3905/2973 3706/3901/3005
f 3725/3886/1127 3724/3890/1127 3708/3891/1127 3709/3887/1127
f 3729/3902/3005 3728/3906/981 3712/3907/981 3713/3903/3005
f 3728/3906/981 3727/3880/3124 3711/3883/3124 3712/3907/981
f 3742/4161/3039 3741/4164/2968 3725/4165/2967 3726/4162/3039
f 3720/3876/2708 3719/3877/229 3703/3878/229 3704/3879/2708
f 3751/4166/2558 3750/4167/2558 3734/4168/2558 3735/4169/2558
f 3739/4170/230 3738/4171/2998 3722/4172/2998 3723/4173/230
f 3714/3908/3008 3713/3909/2987 3697/3910/3050 3698/3911/3008
f 3737/4174/2988 3736/4175/3000 3720/4176/3000 3721/4177/2988
f 3740/4178/2993 3739/4170/230 3723/4173/230 3724/4179/2993
f 3744/4180/2999 3743/4160/3001 3727/4163/3001 3728/4181/2999
f 3706/3912/3068 3705/3913/3010 3689/3914/2955 3690/3915/3068
f 3748/4182/2990 3763/4183/2975 3747/4184/2975 3732/4185/2990
f 3736/4175/3000 3735/4186/3002 3719/4187/3002 3720/4176/3000
f 3733/4188/2995 3732/4156/2996 3716/4159/2996 3717/4189/2995
f 3745/4190/2956 3744/4180/2999 3728/4181/2999 3729/4191/2956
f 3746/4192/2997 3745/4190/2956 3729/4191/2956 3730/4193/2997
f 3735/4186/3002 3734/4194/3004 3718/4195/3004 3719/4187/3002
f 3738/4171/2998 3737/4174/2988 3721/4177/2988 3722/4172/2998
f 3752/4196/2558 3751/4166/2558 3735/4169/2558 3736/4197/2558
f 3749/4198/2926 3748/4182/2990 3732/4185/2990 3733/4199/2926
f 3767/3777/227 3766/3784/2978 3750/3785/2978 3751/3778/227
f 3757/4200/3005 3756/4201/1266 3740/4202/1266 3741/4203/3005
f 3761/4204/1127 3760/4205/3080 3744/4206/3081 3745/4207/1127
f 3750/4167/2558 3749/4198/2926 3733/4199/2926 3734/4168/2558
f 3754/4208/2990 3753/4209/2973 3737/4210/2973 3738/4211/2990
f 3758/4212/3078 3757/4200/3005 3741/4203/3005 3742/4213/3078
f 3741/4164/2968 3740/4178/2993 3724/4179/2993 3725/4165/2967
f 3734/4194/3004 3733/4188/2995 3717/4189/2995 3718/4195/3004
f 3764/3792/2983 3779/3800/230 3763/3801/230 3748/3793/2983
f 3759/4214/3044 3758/4212/3078 3742/4213/3078 3743/4215/3044
f 3763/4183/2975 3762/4216/2991 3746/4217/2991 3747/4184/2975
f 3747/4218/799 3746/4192/2997 3730/4193/2997 3731/4219/799
f 3760/4205/3080 3759/4214/3044 3743/4215/3044 3744/4206/3081
f 3756/4201/1266 3755/4220/2992 3739/4221/2992 3740/4202/1266
f 3762/4216/2991 3761/4204/1127 3745/4207/1127 3746/4217/2991
f 3779/3796/230 3778/3797/2984 3762/3798/2984 3763/3799/230
f 3797/3740/3131 3796/3714/2948 3780/3717/3113 3781/3741/3132
f 3753/4209/2973 3752/4196/2558 3736/4197/2558 3737/4210/2973
f 3771/3794/799 3770/3802/2986 3754/3803/2986 3755/3795/799
f 3774/3781/3133 3773/3786/2979 3757/3787/2995 3758/3782/3004
f 3777/3804/2987 3776/3808/3000 3760/3809/3038 3761/3805/3050
f 3766/3784/2978 3765/3788/2968 3749/3789/2968 3750/3785/2978
f 3770/3802/2986 3769/3806/3010 3753/3807/3010 3754/3803/2986
f 3773/3786/2979 3772/3790/2981 3756/3791/2981 3757/3787/2995
f 3772/3790/2981 3771/3794/799 3755/3795/799 3756/3791/2981
f 3795/3756/2972 3794/3757/2892 3778/3758/2973 3779/3759/2972
f 3765/3788/2968 3764/3792/2983 3748/3793/2983 3749/3789/2968
f 3769/3806/3010 3768/3776/2977 3752/3779/2977 3753/3807/3010
f 3775/3780/231 3774/3781/3133 3758/3782/3004 3759/3783/231
f 3755/4220/2992 3754/4208/2990 3738/4211/2990 3739/4221/2992
f 3801/3724/3134 3800/3728/3135 3784/3729/3136 3785/3725/3137
f 3786/3760/3138 3785/3764/1126 3769/3765/1126 3770/3761/2893
f 3776/3808/3000 3775/3780/231 3759/3783/231 3760/3809/3038
f 3791/3770/1126 3790/3774/229 3774/3775/2992 3775/3771/1126
f 3787/3754/2971 3786/3760/3138 3770/3761/2893 3771/3755/2971
f 3783/3772/229 3782/3744/2926 3766/3747/2926 3767/3773/229
f 3794/3757/2892 3793/3762/229 3777/3763/229 3778/3758/2973
f 3790/3774/229 3789/3748/3091 3773/3751/3091 3774/3775/2992
f 3778/3797/2984 3777/3804/2987 3761/3805/3050 3762/3798/2984
f 3780/3752/3005 3795/3756/2972 3779/3759/2972 3764/3753/2970
f 3784/3768/3139 3783/3772/229 3767/3773/229 3768/3769/2973
f 3793/3762/229 3792/3766/2975 3776/3767/2975 3777/3763/229
f 3789/3748/3091 3788/3749/2926 3772/3750/2926 3773/3751/3091
f 3785/3764/1126 3784/3768/3139 3768/3769/2973 3769/3765/1126
f 3781/3745/1126 3780/3752/3005 3764/3753/2970 3765/3746/1126
f 3792/3766/2975 3791/3770/1126 3775/3771/1126 3776/3767/2975
f 3802/3719/3140 3801/3724/3134 3785/3725/3137 3786/3720/2952
f 3806/3734/2963 3805/3738/2966 3789/3739/2966 3790/3735/2963
f 3810/3711/2945 3809/3722/3141 3793/3723/2954 3794/3712/2945
f 3788/3749/2926 3787/3754/2971 3771/3755/2971 3772/3750/2926
f 3803/3718/2950 3802/3719/3140 3786/3720/2952 3787/3721/2953
f 3807/3730/2961 3806/3734/2963 3790/3735/2963 3791/3731/2961
f 3796/3714/2948 3811/3715/2944 3795/3716/2947 3780/3717/3113
f 3799/3732/3030 3798/3736/3142 3782/3737/3143 3783/3733/3144
f 3782/3744/2926 3781/3745/1126 3765/3746/1126 3766/3747/2926
f 3804/3742/3109 3803/3718/2950 3787/3721/2953 3788/3743/2969
f 3808/3726/2957 3807/3730/2961 3791/3731/2961 3792/3727/2958
f 3800/3728/3135 3799/3732/3030 3783/3733/3144 3784/3729/3136
f 3805/3738/2966 3804/3742/3109 3788/3743/2969 3789/3739/2966
f 3768/3776/2977 3767/3777/227 3751/3778/227 3752/3779/2977
f 3809/3722/3141 3808/3726/2957 3792/3727/2958 3793/3723/2954
f 3798/3736/3142 3797/3740/3131 3781/3741/3132 3782/3737/3143
f 3811/3710/2944 3810/3711/2945 3794/3712/2945 3795/3713/2947
f 3826/3942/2558 3825/3943/2558 3824/3944/2558 3823/3945/2558 3822/3946/2558 3821/3947/2558 3820/3948/2558 3819/3949/2558 3818/3950/2558 3817/3951/2558 3816/3952/2558 3815/3953/2558 3814/3954/2558 3813/3955/2558 3812/3956/2558 3827/3957/2558
f 3835/3936/799 3834/3912/2997 3818/3915/3068 3819/3937/799
f 3831/3922/227 3830/3926/2978 3814/3927/3070 3815/3923/227
f 3828/3934/3022 3843/3940/230 3827/3941/230 3812/3935/3023
f 3839/3920/231 3838/3924/3016 3822/3925/3016 3823/3921/231
f 3843/3938/230 3842/3908/2984 3826/3911/3008 3827/3939/230
f 3832/3918/3014 3831/3922/227 3815/3923/227 3816/3919/3015
f 3836/3932/3145 3835/3936/799 3819/3937/799 3820/3933/3146
f 3840/3916/3013 3839/3920/231 3823/3921/231 3824/3917/3013
f 3829/3930/2967 3828/3934/3022 3812/3935/3023 3813/3931/2967
f 3833/3913/3010 3832/3918/3014 3816/3919/3015 3817/3914/3010
f 3837/3928/2980 3836/3932/3145 3820/3933/3146 3821/3929/3019
f 3841/3909/3006 3840/3916/3013 3824/3917/3013 3825/3910/3007
f 3830/3926/2978 3829/3930/2967 3813/3931/2967 3814/3927/3070
f 3834/3912/2997 3833/3913/3010 3817/3914/3010 3818/3915/3068
f 3838/3924/3016 3837/3928/2980 3821/3929/3019 3822/3925/3016
f 3847/3877/229 3846/3884/2892 3830/3885/2892 3831/3878/229
f 3844/3892/1126 3859/3896/229 3843/3899/229 3828/3893/1126
f 3855/3880/229 3854/3881/2892 3838/3882/2892 3839/3883/229
f 3859/3896/229 3858/3897/1126 3842/3898/1126 3843/3899/229
f 3842/3908/2984 3841/3909/3006 3825/3910/3007 3826/3911/3008
f 3856/3906/2708 3855/3880/229 3839/3883/229 3840/3907/2708
f 3852/3890/1126 3851/3894/229 3835/3895/229 3836/3891/1126
f 3849/3904/2973 3848/3876/2708 3832/3879/2708 3833/3905/2973
f 3845/3888/2926 3844/3892/1126 3828/3893/1126 3829/3889/2926
f 3857/3902/2973 3856/3906/2708 3840/3907/2708 3841/3903/2973
f 3853/3886/2926 3852/3890/1126 3836/3891/1126 3837/3887/2926
f 3850/3900/3005 3849/3904/2973 3833/3905/2973 3834/3901/3005
f 3846/3884/2892 3845/3888/2926 3829/3889/2926 3830/3885/2892
f 3858/3897/1126 3857/3902/2973 3841/3903/2973 3842/3898/1126
f 3854/3881/2892 3853/3886/2926 3837/3887/2926 3838/3882/2892
f 3851/3894/229 3850/3900/3005 3834/3901/3005 3835/3895/229
f 3860/4222/2996 3875/4223/799 3859/4224/799 3844/4225/2996
f 3864/4226/3000 3863/4227/3002 3847/4228/3002 3848/4229/3000
f 3875/4230/799 3874/4231/3147 3858/4232/2997 3859/4233/799
f 3872/4234/2999 3871/4235/3001 3855/4236/3001 3856/4237/2999
f 3868/4238/2993 3867/4239/230 3851/4240/230 3852/4241/2993
f 3865/4242/2988 3864/4226/3000 3848/4229/3000 3849/4243/2988
f 3861/4244/2995 3860/4222/2996 3844/4225/2996 3845/4245/2995
f 3873/4246/2956 3872/4234/2999 3856/4237/2999 3857/4247/2956
f 3848/3876/2708 3847/3877/229 3831/3878/229 3832/3879/2708
f 3862/4248/3004 3861/4244/2995 3845/4245/2995 3846/4249/3004
f 3866/4250/2998 3865/4242/2988 3849/4243/2988 3850/4251/2998
f 3870/4252/3039 3869/4253/2967 3853/4254/2967 3854/4255/3039
f 3874/4231/3147 3873/4246/2956 3857/4247/2956 3858/4232/2997
f 3863/4227/3002 3862/4248/3004 3846/4249/3004 3847/4228/3002
f 3867/4239/230 3866/4250/2998 3850/4251/2998 3851/4240/230
f 3871/4235/3001 3870/4252/3039 3854/4255/3039 3855/4236/3001
f 3876/4256/1266 3891/4257/2992 3875/4258/2992 3860/4259/1266
f 3887/4260/2558 3886/4261/2558 3870/4262/2558 3871/4263/2558
f 3891/4257/2992 3890/4264/2990 3874/4265/2990 3875/4258/2992
f 3880/4266/1126 3879/4267/981 3863/4268/981 3864/4269/1126
f 3884/4270/2990 3883/4271/2975 3867/4272/2975 3868/4273/2990
f 3888/4274/2558 3887/4260/2558 3871/4263/2558 3872/4275/2558
f 3877/4276/2973 3876/4256/1266 3860/4259/1266 3861/4277/2973
f 3881/4278/2926 3880/4266/1126 3864/4269/1126 3865/4279/2926
f 3885/4280/2926 3884/4270/2990 3868/4273/2990 3869/4281/2926
f 3889/4282/2973 3888/4274/2558 3872/4275/2558 3873/4283/2973
f 3878/4284/1126 3877/4276/2973 3861/4277/2973 3862/4285/1126
f 3882/4286/2991 3881/4278/2926 3865/4279/2926 3866/4287/2991
f 3886/4261/2558 3885/4280/2926 3869/4281/2926 3870/4262/2558
f 3869/4253/2967 3868/4238/2993 3852/4241/2993 3853/4254/2967
f 3883/4271/2975 3882/4286/2991 3866/4287/2991 3867/4272/2975
f 3879/4267/981 3878/4284/1126 3862/4285/1126 3863/4268/981
f 3892/3792/2983 3907/3800/230 3891/3801/230 3876/3793/2983
f 3903/3780/231 3902/3781/2964 3886/3782/2964 3887/3783/231
f 3907/3796/230 3906/3797/2984 3890/3798/2985 3891/3799/230
f 3890/4264/2990 3889/4282/2973 3873/4283/2973 3874/4265/2990
f 3904/3808/2989 3903/3780/231 3887/3783/231 3888/3809/2989
f 3900/3790/2981 3899/3794/799 3883/3795/799 3884/3791/2982
f 3897/3806/2956 3896/3776/2977 3880/3779/2977 3881/3807/2956
f 3893/3788/2967 3892/3792/2983 3876/3793/2983 3877/3789/2967
f 3905/3804/2987 3904/3808/2989 3888/3809/2989 3889/3805/2988
f 3901/3786/2979 3900/3790/2981 3884/3791/2982 3885/3787/2980
f 3898/3802/2986 3897/3806/2956 3881/3807/2956 3882/3803/2986
f 3894/3784/2978 3893/3788/2967 3877/3789/2967 3878/3785/2978
f 3906/3797/2984 3905/3804/2987 3889/3805/2988 3890/3798/2985
f 3902/3781/2964 3901/3786/2979 3885/3787/2980 3886/3782/2964
f 3899/3794/799 3898/3802/2986 3882/3803/2986 3883/3795/799
f 3895/3777/227 3894/3784/2978 3878/3785/2978 3879/3778/227
f 3923/3756/2972 3922/3757/2892 3906/3758/2973 3907/3759/2972
f 3920/3766/229 3919/3770/1126 3903/3771/1126 3904/3767/2975
f 3916/3749/2926 3915/3754/2971 3899/3755/2971 3900/3750/2926
f 3913/3764/1126 3912/3768/2973 3896/3769/2973 3897/3765/1126
f 3909/3745/1126 3908/3752/2970 3892/3753/2970 3893/3746/1126
f 3921/3762/2974 3920/3766/229 3904/3767/2975 3905/3763/229
f 3917/3748/229 3916/3749/2926 3900/3750/2926 3901/3751/229
f 3914/3760/2893 3913/3764/1126 3897/3765/1126 3898/3761/1127
f 3896/3776/2977 3895/3777/227 3879/3778/227 3880/3779/2977
f 3918/3774/229 3917/3748/229 3901/3751/229 3902/3775/2992
f 3922/3757/2892 3921/3762/2974 3905/3763/229 3906/3758/2973
f 3911/3772/229 3910/3744/2926 3894/3747/2926 3895/3773/229
f 3915/3754/2971 3914/3760/2893 3898/3761/1127 3899/3755/2971
f 3919/3770/1126 3918/3774/229 3902/3775/2992 3903/3771/1126
f 3908/3752/2970 3923/3756/2972 3907/3759/2972 3892/3753/2970
f 3912/3768/2973 3911/3772/229 3895/3773/229 3896/3769/2973
f 3925/3740/2967 3924/3714/2948 3908/3717/3043 3909/3741/2968
f 3929/3724/2955 3928/3728/2959 3912/3729/2959 3913/3725/2956
f 3933/3738/2966 3932/3742/2969 3916/3743/2969 3917/3739/2966
f 3937/3722/2954 3936/3726/2957 3920/3727/2958 3921/3723/2954
f 3926/3736/2965 3925/3740/2967 3909/3741/2968 3910/3737/2965
f 3930/3719/2951 3929/3724/2955 3913/3725/2956 3914/3720/3114
f 3934/3734/2963 3933/3738/2966 3917/3739/2966 3918/3735/2963
f 3938/3711/2945 3937/3722/2954 3921/3723/2954 3922/3712/2945
f 3927/3732/2962 3926/3736/2965 3910/3737/2965 3911/3733/2962
f 3931/3718/2950 3930/3719/2951 3914/3720/3114 3915/3721/2953
f 3935/3730/3111 3934/3734/2963 3918/3735/2963 3919/3731/2961
f 3924/3714/2948 3939/3715/2944 3923/3716/2947 3908/3717/3043
f 3928/3728/2959 3927/3732/2962 3911/3733/2962 3912/3729/2959
f 3910/3744/2926 3909/3745/1126 3893/3746/1126 3894/3747/2926
f 3932/3742/2969 3931/3718/2950 3915/3721/2953 3916/3743/2969
f 3936/3726/2957 3935/3730/3111 3919/3731/2961 3920/3727/2958
f 3939/3710/2944 3938/3711/2945 3922/3712/2945 3923/3713/2947
f 3940/3710/2944 3941/3711/2945 3957/3712/2945 3956/3713/2947
f 3951/3728/3135 3952/3732/3030 3968/3733/3144 3967/3729/3136
f 3947/3742/3109 3948/3718/2950 3964/3721/2953 3963/3743/2969
f 3952/3732/3030 3953/3736/3148 3969/3737/3143 3968/3733/3144
f 3944/3730/2961 3945/3734/2963 3961/3735/2963 3960/3731/2961
f 3963/3749/2926 3964/3754/2971 3980/3755/2971 3979/3750/2926
f 3945/3734/2963 3946/3738/3149 3962/3739/2966 3961/3735/2963
f 3953/3736/3148 3954/3740/3131 3970/3741/3150 3969/3737/3143
f 3946/3738/3149 3947/3742/3109 3963/3743/2969 3962/3739/2966
f 3943/3726/2957 3944/3730/2961 3960/3731/2961 3959/3727/2958
f 3969/3744/2926 3970/3745/1126 3986/3746/1126 3985/3747/3092
f 3955/3714/2948 3940/3715/2944 3956/3716/2947 3971/3717/3113
f 3948/3718/2950 3949/3719/2951 3965/3720/3114 3964/3721/2953
f 3941/3711/2945 3942/3722/3141 3958/3723/2954 3957/3712/2945
f 3949/3719/2951 3950/3724/3134 3966/3725/3046 3965/3720/3114
f 3942/3722/3141 3943/3726/2957 3959/3727/2958 3958/3723/2954
f 3983/3776/2977 3984/3777/227 4000/3778/227 3999/3779/2977
f 3957/3757/2892 3958/3762/229 3974/3763/229 3973/3758/2973
f 3964/3754/2971 3965/3760/2893 3981/3761/1127 3980/3755/2971
f 3975/3808/3000 3976/3780/231 3992/3783/231 3991/3809/3038
f 3950/3724/3134 3951/3728/3135 3967/3729/3136 3966/3725/3046
f 3970/3745/1126 3971/3752/2970 3987/3753/2970 3986/3746/1126
f 3962/3748/229 3963/3749/2926 3979/3750/2926 3978/3751/229
f 3967/3768/3139 3968/3772/229 3984/3773/229 3983/3769/2973
f 3961/3774/229 3962/3748/229 3978/3751/229 3977/3775/229
f 3968/3772/229 3969/3744/2926 3985/3747/3092 3984/3773/229
f 3960/3770/1126 3961/3774/229 3977/3775/229 3976/3771/1126
f 3965/3760/2893 3966/3764/1126 3982/3765/1126 3981/3761/1127
f 3959/3766/2975 3960/3770/1126 3976/3771/1126 3975/3767/2975
f 3966/3764/1126 3967/3768/3139 3983/3769/2973 3982/3765/1126
f 3958/3762/229 3959/3766/2975 3975/3767/2975 3974/3763/229
f 3971/3752/2970 3956/3756/2972 3972/3759/2972 3987/3753/2970
f 3973/3797/2984 3974/3804/2987 3990/3805/3050 3989/3798/2984
f 3972/3796/230 3973/3797/2984 3989/3798/2984 3988/3799/230
f 3996/4288/2992 3997/4289/2990 4013/4290/2990 4012/4291/2992
f 3982/3806/3010 3983/3776/2977 3999/3779/2977 3998/3807/3010
f 3956/3756/2972 3957/3757/2892 3973/3758/2973 3972/3759/2972
f 3978/3786/2979 3979/3790/2981 3995/3791/2981 3994/3787/2995
f 3985/3784/2978 3986/3788/2968 4002/3789/2968 4001/3785/2978
f 3977/3781/3133 3978/3786/2979 3994/3787/2995 3993/3782/3004
f 3954/3740/3131 3955/3714/2948 3971/3717/3113 3970/3741/3150
f 3989/4292/2991 3990/4293/1127 4006/4294/1127 4005/4295/2991
f 3976/3780/231 3977/3781/3133 3993/3782/3004 3992/3783/231
f 3986/3788/2968 3987/3792/2983 4003/3793/2983 4002/3789/2968
f 3979/3790/2981 3980/3794/799 3996/3795/799 3995/3791/2981
f 3981/3802/2986 3982/3806/3010 3998/3807/3010 3997/3803/2986
f 3974/3804/2987 3975/3808/3000 3991/3809/3038 3990/3805/3050
f 3980/3794/799 3981/3802/2986 3997/3803/2986 3996/3795/799
f 3998/4296/2973 3999/4297/2558 4015/4298/2558 4014/4299/2973
f 3992/4300/3044 3993/4301/3078 4009/4302/3078 4008/4303/3044
f 4017/4304/3004 4018/4305/2995 4034/4306/2995 4033/4307/3004
f 3993/4301/3078 3994/4308/3005 4010/4309/3005 4009/4302/3078
f 4001/4310/2558 4002/4311/2926 4018/4312/2926 4017/4313/2558
f 3994/4308/3005 3995/4314/1266 4011/4315/1266 4010/4309/3005
f 4002/4311/2926 4003/4316/2990 4019/4317/2990 4018/4312/2926
f 3995/4314/1266 3996/4288/2992 4012/4291/2992 4011/4315/1266
f 3988/4318/2975 3989/4292/2991 4005/4295/2991 4004/4319/2975
f 3987/3792/2983 3972/3800/230 3988/3801/230 4003/3793/2983
f 4010/4320/2968 4011/4321/2993 4027/4322/2993 4026/4323/2967
f 3997/4289/2990 3998/4296/2973 4014/4299/2973 4013/4290/2990
f 3990/4293/1127 3991/4324/3080 4007/4325/3080 4006/4294/1127
f 3984/3777/227 3985/3784/2978 4001/3785/2978 4000/3778/227
f 3999/4297/2558 4000/4326/2558 4016/4327/2558 4015/4298/2558
f 3991/4324/3080 3992/4300/3044 4008/4303/3044 4007/4325/3080
f 4004/4328/799 4005/4329/2997 4021/4330/2997 4020/4331/799
f 4011/4321/2993 4012/4332/230 4028/4333/230 4027/4322/2993
f 4037/3908/3008 4038/3909/2987 4054/3910/3050 4053/3911/3008
f 4000/4326/2558 4001/4310/2558 4017/4313/2558 4016/4327/2558
f 4009/4334/3039 4010/4320/2968 4026/4323/2967 4025/4335/3003
f 4016/4336/3002 4017/4304/3004 4033/4307/3004 4032/4337/3002
f 4006/4338/2956 4007/4339/2999 4023/4340/2999 4022/4341/2956
f 4015/4342/3000 4016/4336/3002 4032/4337/3002 4031/4343/3000
f 4007/4339/2999 4008/4344/3001 4024/4345/3001 4023/4340/2999
f 4014/4346/2988 4015/4342/3000 4031/4343/3000 4030/4347/2988
f 4012/4332/230 4013/4348/2946 4029/4349/2998 4028/4333/230
f 4031/3876/2708 4032/3877/229 4048/3878/229 4047/3879/2926
f 4013/4348/2946 4014/4346/2988 4030/4347/2988 4029/4349/2998
f 4005/4329/2997 4006/4338/2956 4022/4341/2956 4021/4330/2997
f 4018/4305/2995 4019/4350/2996 4035/4351/2996 4034/4306/2995
f 4003/4316/2990 3988/4318/2975 4004/4319/2975 4019/4317/2990
f 4045/3912/2997 4046/3913/3151 4062/3914/3152 4061/3915/2997
f 4027/3890/1127 4028/3894/229 4044/3895/229 4043/3891/1127
f 4019/4350/2996 4004/4352/799 4020/4353/799 4035/4351/2996
f 4022/3902/3005 4023/3906/981 4039/3907/981 4038/3903/3005
f 4029/3900/3005 4030/3904/2973 4046/3905/2973 4045/3901/3005
f 4021/3897/3005 4022/3902/3005 4038/3903/3005 4037/3898/3005
f 4028/3894/229 4029/3900/3005 4045/3901/3005 4044/3895/229
f 4035/3892/1126 4020/3896/229 4036/3899/229 4051/3893/1126
f 4008/4344/3001 4009/4334/3039 4025/4335/3003 4024/4345/3001
f 4030/3904/2973 4031/3876/2708 4047/3879/2926 4046/3905/2973
f 4023/3906/981 4024/3880/3124 4040/3883/3124 4039/3907/981
f 4026/3886/1127 4027/3890/1127 4043/3891/1127 4042/3887/1127
f 4034/3888/2926 4035/3892/1126 4051/3893/1126 4050/3889/2926
f 4025/3881/1126 4026/3886/1127 4042/3887/1127 4041/3882/981
f 4033/3884/2892 4034/3888/2926 4050/3889/2926 4049/3885/2892
f 4024/3880/3124 4025/3881/1126 4041/3882/981 4040/3883/3124
f 4047/3918/3014 4048/3922/227 4064/3923/227 4063/3919/3014
f 4040/3920/3056 4041/3924/3065 4057/3925/3130 4056/3921/3056
f 4048/3922/227 4049/3926/3017 4065/3927/3018 4064/3923/227
f 4032/3877/229 4033/3884/2892 4049/3885/2892 4048/3878/229
f 4049/3926/3017 4050/3930/2967 4066/3931/2967 4065/3927/3018
f 4042/3928/3126 4043/3932/3058 4059/3933/3058 4058/3929/2980
f 4050/3930/2967 4051/3934/3022 4067/3935/3023 4066/3931/2967
f 4041/3924/3065 4042/3928/3126 4058/3929/2980 4057/3925/3130
f 4036/3938/3024 4037/3908/3008 4053/3911/3008 4052/3939/3024
f 4051/3934/3022 4036/3940/3024 4052/3941/3024 4067/3935/3023
f 4044/3936/3025 4045/3912/2997 4061/3915/2997 4060/3937/3025
f 4043/3932/3058 4044/3936/3025 4060/3937/3025 4059/3933/3058
f 4038/3909/2987 4039/3916/3067 4055/3917/3129 4054/3910/3050
f 4020/3896/229 4021/3897/3005 4037/3898/3005 4036/3899/229
f 4046/3913/3151 4047/3918/3014 4063/3919/3014 4062/3914/3152
f 4039/3916/3067 4040/3920/3056 4056/3921/3056 4055/3917/3129
f 4053/3942/229 4054/3943/229 4055/3944/229 4056/3945/229 4057/3946/229 4058/3947/229 4059/3948/229 4060/3949/229 4061/3950/229 4062/3951/229 4063/3952/229 4064/3953/229 4065/3954/229 4066/3955/229 4067/3956/229 4052/3957/229
f 4082/3942/229 4081/3943/229 4080/3944/229 4079/3945/229 4078/3946/229 4077/3947/229 4076/3948/229 4075/3949/229 4074/3950/229 4073/3951/229 4072/3952/229 4071/3953/229 4070/3954/229 4069/3955/229 4068/3956/229 4083/3957/229
f 4092/3932/3110 4091/3936/799 4075/3937/799 4076/3933/3020
f 4084/3934/3041 4099/3940/230 4083/3941/230 4068/3935/3041
f 4094/3924/3125 4093/3928/3126 4077/3929/3074 4078/3925/3004
f 4093/3928/3126 4092/3932/3110 4076/3933/3020 4077/3929/3074
f 4103/3877/229 4102/3884/2892 4086/3885/2892 4087/3878/229
f 4095/3920/231 4094/3924/3125 4078/3925/3004 4079/3921/231
f 4096/3916/2989 4095/3920/231 4079/3921/231 4080/3917/3128
f 4097/3909/2988 4096/3916/2989 4080/3917/3128 4081/3910/2988
f 4091/3936/799 4090/3912/3153 4074/3915/2997 4075/3937/799
f 4099/3938/230 4098/3908/2984 4082/3911/2984 4083/3939/230
f 4085/3930/2968 4084/3934/3041 4068/3935/3041 4069/3931/2968
f 4086/3926/2978 4085/3930/2968 4069/3931/2968 4070/3927/2978
f 4087/3922/227 4086/3926/2978 4070/3927/2978 4071/3923/227
f 4088/3918/3014 4087/3922/227 4071/3923/227 4072/3919/3071
f 4089/3913/3010 4088/3918/3014 4072/3919/3071 4073/3914/3010
f 4115/3896/229 4114/3897/3005 4098/3898/3005 4099/3899/229
f 4107/3894/229 4106/3900/3005 4090/3901/3005 4091/3895/229
f 4106/3900/3005 4105/3904/2973 4089/3905/2973 4090/3901/3005
f 4116/4354/2982 4131/4355/799 4115/4356/799 4100/4357/2982
f 4090/3912/3153 4089/3913/3010 4073/3914/3010 4074/3915/2997
f 4102/3884/2892 4101/3888/2926 4085/3889/2926 4086/3885/2892
f 4101/3888/2926 4100/3892/1126 4084/3893/1126 4085/3889/2926
f 4112/3906/981 4111/3880/3124 4095/3883/3124 4096/3907/981
f 4100/3892/1126 4115/3896/229 4099/3899/229 4084/3893/1126
f 4114/3897/3005 4113/3902/3005 4097/3903/3005 4098/3898/3005
f 4113/3902/3005 4112/3906/981 4096/3907/981 4097/3903/3005
f 4108/3890/1126 4107/3894/229 4091/3895/229 4092/3891/1126
f 4111/3880/3124 4110/3881/981 4094/3882/981 4095/3883/3124
f 4110/3881/981 4109/3886/1127 4093/3887/1127 4094/3882/981
f 4109/3886/1127 4108/3890/1126 4092/3891/1126 4093/3887/1127
f 4105/3904/2973 4104/3876/2708 4088/3879/2708 4089/3905/2973
f 4127/4358/3001 4126/4359/3039 4110/4360/3039 4111/4361/3001
f 4124/4362/2993 4123/4363/230 4107/4364/230 4108/4365/2993
f 4132/4366/2990 4147/4367/2975 4131/4368/2975 4116/4369/2990
f 4130/4370/2997 4129/4371/2956 4113/4372/2956 4114/4373/2997
f 4104/3876/2708 4103/3877/229 4087/3878/229 4088/3879/2708
f 4121/4374/3120 4120/4375/3000 4104/4376/3000 4105/4377/3120
f 4120/4375/3000 4119/4378/3002 4103/4379/3002 4104/4376/3000
f 4119/4378/3002 4118/4380/3004 4102/4381/3004 4103/4379/3002
f 4098/3908/2984 4097/3909/2988 4081/3910/2988 4082/3911/2984
f 4131/4382/799 4130/4370/2997 4114/4373/2997 4115/4383/799
f 4117/4384/2980 4116/4354/2982 4100/4357/2982 4101/4385/2980
f 4122/4386/3076 4121/4374/3120 4105/4377/3120 4106/4387/3076
f 4123/4363/230 4122/4386/3076 4106/4387/3076 4107/4364/230
f 4128/4388/2999 4127/4358/3001 4111/4361/3001 4112/4389/2999
f 4129/4371/2956 4128/4388/2999 4112/4389/2999 4113/4372/2956
f 4126/4359/3039 4125/4390/2967 4109/4391/2994 4110/4360/3039
f 4135/4392/2558 4134/4393/2558 4118/4394/2558 4119/4395/2558
f 4138/4396/2990 4137/4397/2973 4121/4398/2973 4122/4399/2990
f 4148/3792/2983 4163/3800/230 4147/3801/230 4132/3793/2983
f 4140/4400/1266 4139/4401/2992 4123/4402/2992 4124/4403/1266
f 4141/4404/2973 4140/4400/1266 4124/4403/1266 4125/4405/2973
f 4142/4406/1126 4141/4404/2973 4125/4405/2973 4126/4407/1126
f 4143/4408/981 4142/4406/1126 4126/4407/1126 4127/4409/981
f 4144/4410/1126 4143/4408/981 4127/4409/981 4128/4411/1126
f 4145/4412/2926 4144/4410/1126 4128/4411/1126 4129/4413/2926
f 4125/4390/2967 4124/4362/2993 4108/4365/2993 4109/4391/2994
f 4147/4367/2975 4146/4414/2991 4130/4415/2991 4131/4368/2975
f 4133/4416/2926 4132/4366/2990 4116/4369/2990 4117/4417/2926
f 4134/4393/2558 4133/4416/2926 4117/4417/2926 4118/4394/2558
f 4118/4380/3004 4117/4384/2980 4101/4385/2980 4102/4381/3004
f 4137/4397/2973 4136/4418/2558 4120/4419/2558 4121/4398/2973
f 4136/4418/2558 4135/4392/2558 4119/4395/2558 4120/4419/2558
f 4151/3777/227 4150/3784/2978 4134/3785/2978 4135/3778/227
f 4150/3784/2978 4149/3788/2967 4133/3789/2967 4134/3785/2978
f 4179/3756/2892 4178/3757/2973 4162/3758/2973 4163/3759/2892
f 4139/4401/2992 4138/4396/2990 4122/4399/2990 4123/4402/2992
f 4162/3797/3118 4161/3804/3050 4145/3805/3050 4146/3798/3118
f 4161/3804/3050 4160/3808/2989 4144/3809/2989 4145/3805/3050
f 4156/3790/3119 4155/3794/799 4139/3795/799 4140/3791/3119
f 4159/3780/231 4158/3781/2964 4142/3782/2964 4143/3783/231
f 4158/3781/2964 4157/3786/2995 4141/3787/2995 4142/3782/2964
f 4157/3786/2995 4156/3790/3119 4140/3791/3119 4141/3787/2995
f 4153/3806/2956 4152/3776/2977 4136/3779/2977 4137/3807/2956
f 4163/3796/230 4162/3797/3118 4146/3798/3118 4147/3799/230
f 4155/3794/799 4154/3802/2986 4138/3803/2986 4139/3795/799
f 4154/3802/2986 4153/3806/2956 4137/3807/2956 4138/3803/2986
f 4149/3788/2967 4148/3792/2983 4132/3793/2983 4133/3789/2967
f 4146/4414/2991 4145/4412/2926 4129/4413/2926 4130/4415/2991
f 4181/3740/2994 4180/3714/2948 4164/3717/3113 4165/3741/2994
f 4171/3754/2708 4170/3760/2708 4154/3761/2708 4155/3755/2708
f 4152/3776/2977 4151/3777/227 4135/3778/227 4136/3779/2977
f 4177/3762/229 4176/3766/2975 4160/3767/2975 4161/3763/229
f 4176/3766/2975 4175/3770/1126 4159/3771/1126 4160/3767/2975
f 4175/3770/1126 4174/3774/2992 4158/3775/2992 4159/3771/1126
f 4174/3774/2992 4173/3748/229 4157/3751/229 4158/3775/2992
f 4173/3748/229 4172/3749/2926 4156/3750/2926 4157/3751/229
f 4160/3808/2989 4159/3780/231 4143/3783/231 4144/3809/2989
f 4178/3757/2973 4177/3762/229 4161/3763/229 4162/3758/2973
f 4164/3752/3115 4179/3756/2892 4163/3759/2892 4148/3753/2892
f 4169/3764/2925 4168/3768/3116 4152/3769/3116 4153/3765/2925
f 4170/3760/2708 4169/3764/2925 4153/3765/2925 4154/3761/2708
f 4167/3772/3154 4166/3744/3155 4150/3747/229 4151/3773/229
f 4168/3768/3116 4167/3772/3154 4151/3773/229 4152/3769/3116
f 4165/3745/2923 4164/3752/3115 4148/3753/2892 4149/3746/2923
f 4185/3724/3073 4184/3728/2959 4168/3729/2959 4169/3725/3073
f 4186/3719/2951 4185/3724/3073 4169/3725/3073 4170/3720/3114
f 4187/3718/2950 4186/3719/2951 4170/3720/3114 4171/3721/2953
f 4166/3744/3155 4165/3745/2923 4149/3746/2923 4150/3747/229
f 4189/3738/2966 4188/3742/3119 4172/3743/2969 4173/3739/2966
f 4190/3734/2963 4189/3738/2966 4173/3739/2966 4174/3735/2963
f 4191/3730/2961 4190/3734/2963 4174/3735/2963 4175/3731/3111
f 4188/3742/3119 4187/3718/2950 4171/3721/2953 4172/3743/2969
f 4193/3722/2954 4192/3726/2957 4176/3727/2958 4177/3723/2954
f 4194/3711/2945 4193/3722/2954 4177/3723/2954 4178/3712/2945
f 4180/3714/2948 4195/3715/2944 4179/3716/2947 4164/3717/3113
f 4192/3726/2957 4191/3730/2961 4175/3731/3111 4176/3727/2958
f 4182/3736/3156 4181/3740/2994 4165/3741/2994 4166/3737/2965
f 4172/3749/2926 4171/3754/2708 4155/3755/2708 4156/3750/2926
f 4183/3732/2962 4182/3736/3156 4166/3737/2965 4167/3733/2962
f 4184/3728/2959 4183/3732/2962 4167/3733/2962 4168/3729/2959
f 4195/3710/2944 4194/3711/2945 4178/3712/2945 4179/3713/2947
f 4196/3710/3047 4197/3711/3118 4213/3712/3157 4212/3713/230
f 4199/3726/3038 4200/3730/3101 4216/3731/3101 4215/3727/3103
f 4197/3711/3118 4198/3722/3102 4214/3723/3104 4213/3712/3157
f 4203/3742/3158 4204/3718/3049 4220/3721/799 4219/3743/3158
f 4201/3734/3100 4202/3738/3097 4218/3739/3159 4217/3735/3100
f 4225/3744/3092 4226/3745/1126 4242/3746/1126 4241/3747/2926
f 4205/3719/3096 4206/3724/3095 4222/3725/3095 4221/3720/3096
f 4207/3728/3094 4208/3732/3030 4224/3733/3030 4223/3729/3094
f 4209/3736/3107 4210/3740/3089 4226/3741/3089 4225/3737/3107
f 4211/3714/3090 4196/3715/3047 4212/3716/230 4227/3717/3090
f 4198/3722/3102 4199/3726/3038 4215/3727/3103 4214/3723/3104
f 4200/3730/3101 4201/3734/3100 4217/3735/3100 4216/3731/3101
f 4202/3738/3097 4203/3742/3158 4219/3743/3158 4218/3739/3159
f 4204/3718/3049 4205/3719/3096 4221/3720/3096 4220/3721/799
f 4206/3724/3095 4207/3728/3094 4223/3729/3094 4222/3725/3095
f 4208/3732/3030 4209/3736/3107 4225/3737/3107 4224/3733/3030
f 4219/3749/2926 4220/3754/2971 4236/3755/2971 4235/3750/2708
f 4217/3774/2992 4218/3748/229 4234/3751/3091 4233/3775/2992
f 4215/3766/2975 4216/3770/1126 4232/3771/1126 4231/3767/2975
f 4239/3776/3088 4240/3777/3082 4256/3778/3082 4255/3779/3088
f 4210/3740/3089 4211/3714/3090 4227/3717/3090 4226/3741/3089
f 4223/3768/2973 4224/3772/229 4240/3773/229 4239/3769/2973
f 4221/3760/2893 4222/3764/1126 4238/3765/1126 4237/3761/1127
f 4227/3752/2970 4212/3756/2972 4228/3759/2972 4243/3753/2970
f 4218/3748/229 4219/3749/2926 4235/3750/2708 4234/3751/3091
f 4216/3770/1126 4217/3774/2992 4233/3775/2992 4232/3771/1126
f 4214/3762/229 4215/3766/2975 4231/3767/2975 4230/3763/229
f 4220/3754/2971 4221/3760/2893 4237/3761/1127 4236/3755/2971
f 4226/3745/1126 4227/3752/2970 4243/3753/2970 4242/3746/1126
f 4224/3772/229 4225/3744/3092 4241/3747/2926 4240/3773/229
f 4222/3764/1126 4223/3768/2973 4239/3769/2973 4238/3765/1126
f 4213/3757/2892 4214/3762/229 4230/3763/229 4229/3758/2973
f 4231/3808/3085 4232/3780/3056 4248/3783/3056 4247/3809/3085
f 4241/3784/3083 4242/3788/2967 4258/3789/2967 4257/3785/3083
f 4245/4420/2990 4246/4421/2973 4262/4422/2973 4261/4423/2990
f 4237/3802/2997 4238/3806/2956 4254/3807/2956 4253/3803/2997
f 4228/3796/230 4229/3797/2985 4245/3798/2985 4244/3799/230
f 4234/3786/2995 4235/3790/3086 4251/3791/2982 4250/3787/2995
f 4232/3780/3056 4233/3781/3087 4249/3782/3087 4248/3783/3056
f 4230/3804/3050 4231/3808/3085 4247/3809/3085 4246/3805/3050
f 4212/3756/2972 4213/3757/2892 4229/3758/2973 4228/3759/2972
f 4240/3777/3082 4241/3784/3083 4257/3785/3083 4256/3778/3082
f 4242/3788/2967 4243/3792/3079 4259/3793/3079 4258/3789/2967
f 4236/3794/799 4237/3802/2997 4253/3803/2997 4252/3795/799
f 4238/3806/2956 4239/3776/3088 4255/3779/3088 4254/3807/2956
f 4233/3781/3087 4234/3786/2995 4250/3787/2995 4249/3782/3087
f 4235/3790/3086 4236/3794/799 4252/3795/799 4251/3791/2982
f 4229/3797/2985 4230/3804/3050 4246/3805/3050 4245/3798/2985
f 4252/4424/2975 4253/4425/2991 4269/4426/2991 4268/4427/2975
f 4258/4428/3005 4259/4429/1266 4275/4430/1266 4274/4431/3005
f 4266/4432/2967 4267/4433/3160 4283/4434/3079 4282/4435/2994
f 4247/4436/2558 4248/4437/2558 4264/4438/2558 4263/4439/2558
f 4249/4440/2558 4250/4441/2926 4266/4442/2926 4265/4443/2558
f 4251/4444/2990 4252/4424/2975 4268/4427/2975 4267/4445/2990
f 4253/4425/2991 4254/4446/3036 4270/4447/3036 4269/4426/2991
f 4255/4448/3080 4256/4449/3044 4272/4450/3044 4271/4451/3080
f 4257/4452/3078 4258/4428/3005 4274/4431/3005 4273/4453/3161
f 4244/4454/2992 4245/4420/2990 4261/4423/2990 4260/4455/2992
f 4246/4421/2973 4247/4436/2558 4263/4439/2558 4262/4422/2973
f 4248/4437/2558 4249/4440/2558 4265/4443/2558 4264/4438/2558
f 4250/4441/2926 4251/4444/2990 4267/4445/2990 4266/4442/2926
f 4243/3792/3079 4228/3800/230 4244/3801/230 4259/3793/3079
f 4256/4449/3044 4257/4452/3078 4273/4453/3161 4272/4450/3044
f 4254/4446/3036 4255/4448/3080 4271/4451/3080 4270/4447/3036
f 4273/4456/3004 4274/4457/3066 4290/4458/3074 4289/4459/3004
f 4271/4460/3000 4272/4461/3002 4288/4462/3002 4287/4463/3000
f 4287/3876/2708 4288/3877/229 4304/3878/229 4303/3879/2708
f 4259/4429/1266 4244/4454/2992 4260/4455/2992 4275/4430/1266
f 4264/4464/3045 4265/4465/3070 4281/4466/3018 4280/4467/3045
f 4262/4468/3073 4263/4469/3077 4279/4470/3077 4278/4471/2956
f 4268/4472/230 4269/4473/3075 4285/4474/3076 4284/4475/230
f 4274/4457/3066 4275/4476/2982 4291/4477/2982 4290/4458/3074
f 4272/4461/3002 4273/4456/3004 4289/4459/3004 4288/4462/3002
f 4270/4478/3050 4271/4460/3000 4287/4463/3000 4286/4479/3050
f 4261/4480/2997 4262/4468/3073 4278/4471/2956 4277/4481/2997
f 4267/4433/3160 4268/4472/230 4284/4475/230 4283/4434/3079
f 4265/4465/3070 4266/4432/2967 4282/4435/2994 4281/4466/3018
f 4263/4469/3077 4264/4464/3045 4280/4467/3045 4279/4470/3077
f 4269/4473/3075 4270/4478/3050 4286/4479/3050 4285/4474/3076
f 4260/4482/799 4261/4480/2997 4277/4481/2997 4276/4483/799
f 4293/3908/3162 4294/3909/3050 4310/3910/3050 4309/3911/3163
f 4285/3900/3005 4286/3904/2973 4302/3905/2973 4301/3901/3005
f 4276/3896/229 4277/3897/3005 4293/3898/3005 4292/3899/229
f 4282/3886/2926 4283/3890/1126 4299/3891/1126 4298/3887/2926
f 4280/3880/229 4281/3881/2892 4297/3882/2892 4296/3883/229
f 4278/3902/2973 4279/3906/2708 4295/3907/2708 4294/3903/2973
f 4291/3892/1127 4276/3896/229 4292/3899/229 4307/3893/1127
f 4290/3888/2926 4291/3892/1127 4307/3893/1127 4306/3889/2926
f 4275/4476/2982 4260/4484/799 4276/4485/799 4291/4477/2982
f 4284/3894/229 4285/3900/3005 4301/3901/3005 4300/3895/229
f 4286/3904/2973 4287/3876/2708 4303/3879/2708 4302/3905/2973
f 4281/3881/2892 4282/3886/2926 4298/3887/2926 4297/3882/2892
f 4283/3890/1126 4284/3894/229 4300/3895/229 4299/3891/1126
f 4277/3897/3005 4278/3902/2973 4294/3903/2973 4293/3898/3005
f 4279/3906/2708 4280/3880/229 4296/3883/229 4295/3907/2708
f 4289/3884/2892 4290/3888/2926 4306/3889/2926 4305/3885/2892
f 4301/3912/3009 4302/3913/3010 4318/3914/3152 4317/3915/3040
f 4303/3918/2977 4304/3922/227 4320/3923/227 4319/3919/3071
f 4305/3926/3070 4306/3930/2967 4322/3931/2967 4321/3927/3070
f 4292/3938/3047 4293/3908/3162 4309/3911/3163 4308/3939/3047
f 4294/3909/3050 4295/3916/3067 4311/3917/3055 4310/3910/3050
f 4296/3920/3056 4297/3924/3065 4313/3925/3057 4312/3921/3056
f 4298/3928/3059 4299/3932/2982 4315/3933/2982 4314/3929/3164
f 4307/3934/3064 4292/3940/3047 4308/3941/3047 4323/3935/3064
f 4302/3913/3010 4303/3918/2977 4319/3919/3071 4318/3914/3152
f 4304/3922/227 4305/3926/3070 4321/3927/3070 4320/3923/227
f 4306/3930/2967 4307/3934/3064 4323/3935/3064 4322/3931/2967
f 4300/3936/3049 4301/3912/3009 4317/3915/3040 4316/3937/3049
f 4295/3916/3067 4296/3920/3056 4312/3921/3056 4311/3917/3055
f 4288/3877/229 4289/3884/2892 4305/3885/2892 4304/3878/229
f 4297/3924/3065 4298/3928/3059 4314/3929/3164 4313/3925/3057
f 4299/3932/2982 4300/3936/3049 4316/3937/3049 4315/3933/2982
f 4309/3942/2558 4310/3943/2558 4311/3944/2558 4312/3945/2558 4313/3946/2558 4314/3947/2558 4315/3948/2558 4316/3949/2558 4317/3950/2558 4318/3951/2558 4319/3952/2558 4320/3953/2558 4321/3954/2558 4322/3955/2558 4323/3956/2558 4308/3957/2558
f 4338/3942/229 4337/3943/229 4336/3944/229 4335/3945/229 4334/3946/229 4333/3947/229 4332/3948/229 4331/3949/229 4330/3950/229 4329/3951/229 4328/3952/229 4327/3953/229 4326/3954/229 4325/3955/229 4324/3956/229 4339/3957/229
f 4347/3936/3025 4346/3912/2997 4330/3915/3012 4331/3937/3025
f 4343/3922/227 4342/3926/3017 4326/3927/3053 4327/3923/227
f 4340/3934/3022 4355/3940/3024 4339/3941/3024 4324/3935/3023
f 4351/3920/3056 4350/3924/3057 4334/3925/3057 4335/3921/3056
f 4355/3938/3024 4354/3908/3008 4338/3911/3008 4339/3939/3024
f 4344/3918/3014 4343/3922/227 4327/3923/227 4328/3919/3014
f 4348/3932/2981 4347/3936/3025 4331/3937/3025 4332/3933/2981
f 4352/3916/3054 4351/3920/3056 4335/3921/3056 4336/3917/3055
f 4341/3930/2967 4340/3934/3022 4324/3935/3023 4325/3931/2967
f 4345/3913/3165 4344/3918/3014 4328/3919/3014 4329/3914/2956
f 4349/3928/3059 4348/3932/2981 4332/3933/2981 4333/3929/2995
f 4353/3909/3050 4352/3916/3054 4336/3917/3055 4337/3910/3166
f 4342/3926/3017 4341/3930/2967 4325/3931/2967 4326/3927/3053
f 4346/3912/2997 4345/3913/3165 4329/3914/2956 4330/3915/3012
f 4350/3924/3057 4349/3928/3059 4333/3929/2995 4334/3925/3057
f 4359/3877/229 4358/3884/2925 4342/3885/2925 4343/3878/229
f 4356/3892/1126 4371/3896/229 4355/3899/229 4340/3893/1126
f 4367/3880/2558 4366/3881/2971 4350/3882/2971 4351/3883/2990
f 4371/3896/229 4370/3897/3005 4354/3898/3005 4355/3899/229
f 4354/3908/3008 4353/3909/3050 4337/3910/3166 4338/3911/3008
f 4368/3906/2972 4367/3880/2558 4351/3883/2990 4352/3907/2972
f 4364/3890/1127 4363/3894/229 4347/3895/229 4348/3891/1127
f 4361/3904/3005 4360/3876/2923 4344/3879/2923 4345/3905/3005
f 4357/3888/1127 4356/3892/1126 4340/3893/1126 4341/3889/1127
f 4369/3902/2973 4368/3906/2972 4352/3907/2972 4353/3903/2973
f 4365/3886/2926 4364/3890/1127 4348/3891/1127 4349/3887/2926
f 4362/3900/3005 4361/3904/3005 4345/3905/3005 4346/3901/3005
f 4358/3884/2925 4357/3888/1127 4341/3889/1127 4342/3885/2925
f 4370/3897/3005 4369/3902/2973 4353/3903/2973 4354/3898/3005
f 4366/3881/2971 4365/3886/2926 4349/3887/2926 4350/3882/2971
f 4363/3894/229 4362/3900/3005 4346/3901/3005 4347/3895/229
f 4372/4486/2996 4387/4487/799 4371/4488/3049 4356/4489/2996
f 4376/4490/3038 4375/4491/3002 4359/4492/3002 4360/4493/3038
f 4387/4494/799 4386/4495/3068 4370/4496/3048 4371/4497/3049
f 4384/4498/2999 4383/4499/3045 4367/4500/3045 4368/4501/2999
f 4380/4502/3043 4379/4503/230 4363/4504/3047 4364/4505/3043
f 4377/4506/2988 4376/4490/3038 4360/4493/3038 4361/4507/2988
f 4373/4508/2995 4372/4486/2996 4356/4489/2996 4357/4509/2995
f 4385/4510/3046 4384/4498/2999 4368/4501/2999 4369/4511/3046
f 4360/3876/2923 4359/3877/229 4343/3878/229 4344/3879/2923
f 4374/4512/2964 4373/4508/2995 4357/4509/2995 4358/4513/3167
f 4378/4514/2946 4377/4506/2988 4361/4507/2988 4362/4515/2998
f 4382/4516/3003 4381/4517/3042 4365/4518/3042 4366/4519/3003
f 4386/4495/3068 4385/4510/3046 4369/4511/3046 4370/4496/3048
f 4375/4491/3002 4374/4512/2964 4358/4513/3167 4359/4492/3002
f 4379/4503/230 4378/4514/2946 4362/4515/2998 4363/4504/3047
f 4383/4499/3045 4382/4516/3003 4366/4519/3003 4367/4500/3045
f 4388/4520/2558 4403/4521/229 4387/4522/229 4372/4523/2558
f 4399/4524/2558 4398/4525/2558 4382/4526/2558 4383/4527/2558
f 4403/4521/229 4402/4528/2990 4386/4529/2990 4387/4522/229
f 4392/4530/1230 4391/4531/981 4375/4532/981 4376/4533/1230
f 4396/4534/2990 4395/4535/229 4379/4536/229 4380/4537/2990
f 4400/4538/2558 4399/4524/2558 4383/4527/2558 4384/4539/2558
f 4389/4540/1230 4388/4520/2558 4372/4523/2558 4373/4541/1230
f 4393/4542/1221 4392/4530/1230 4376/4533/1230 4377/4543/1221
f 4397/4544/2926 4396/4534/2990 4380/4537/2990 4381/4545/2926
f 4401/4546/2973 4400/4538/2558 4384/4539/2558 4385/4547/2973
f 4390/4548/1221 4389/4540/1230 4373/4541/1230 4374/4549/1221
f 4394/4550/2558 4393/4542/1221 4377/4543/1221 4378/4551/2558
f 4398/4525/2558 4397/4544/2926 4381/4545/2926 4382/4526/2558
f 4381/4517/3042 4380/4502/3043 4364/4505/3043 4365/4518/3042
f 4395/4535/229 4394/4550/2558 4378/4551/2558 4379/4536/229
f 4391/4531/981 4390/4548/1221 4374/4549/1221 4375/4532/981
f 4404/3792/3041 4419/3800/230 4403/3801/230 4388/3793/3041
f 4415/3780/231 4414/3781/3004 4398/3782/3004 4399/3783/231
f 4419/3796/230 4418/3797/2984 4402/3798/2985 4403/3799/230
f 4402/4528/2990 4401/4546/2973 4385/4547/2973 4386/4529/2990
f 4416/3808/3038 4415/3780/231 4399/3783/231 4400/3809/3038
f 4412/3790/2981 4411/3794/799 4395/3795/799 4396/3791/2982
f 4409/3806/3052 4408/3776/3037 4392/3779/3037 4393/3807/3010
f 4405/3788/2968 4404/3792/3041 4388/3793/3041 4389/3789/2968
f 4417/3804/2987 4416/3808/3038 4400/3809/3038 4401/3805/2988
f 4413/3786/2979 4412/3790/2981 4396/3791/2982 4397/3787/2980
f 4410/3802/3040 4409/3806/3052 4393/3807/3010 4394/3803/3040
f 4406/3784/3039 4405/3788/2968 4389/3789/2968 4390/3785/3039
f 4418/3797/2984 4417/3804/2987 4401/3805/2988 4402/3798/2985
f 4414/3781/3004 4413/3786/2979 4397/3787/2980 4398/3782/3004
f 4411/3794/799 4410/3802/3040 4394/3803/3040 4395/3795/799
f 4407/3777/227 4406/3784/3039 4390/3785/3039 4391/3778/227
f 4435/3756/2558 4434/3757/2893 4418/3758/2893 4419/3759/2558
f 4432/3766/2558 4431/3770/1126 4415/3771/1126 4416/3767/2558
f 4428/3749/3005 4427/3754/2558 4411/3755/2558 4412/3750/2970
f 4425/3764/1126 4424/3768/2558 4408/3769/2890 4409/3765/1126
f 4421/3745/1126 4420/3752/2970 4404/3753/2970 4405/3746/1126
f 4433/3762/1126 4432/3766/2558 4416/3767/2558 4417/3763/1126
f 4429/3748/1126 4428/3749/3005 4412/3750/2970 4413/3751/1126
f 4426/3760/2893 4425/3764/1126 4409/3765/1126 4410/3761/1127
f 4408/3776/3037 4407/3777/227 4391/3778/227 4392/3779/3037
f 4430/3774/2558 4429/3748/1126 4413/3751/1126 4414/3775/3036
f 4434/3757/2893 4433/3762/1126 4417/3763/1126 4418/3758/2893
f 4423/3772/1126 4422/3744/2558 4406/3747/3036 4407/3773/1126
f 4427/3754/2558 4426/3760/2893 4410/3761/1127 4411/3755/2558
f 4431/3770/1126 4430/3774/2558 4414/3775/3036 4415/3771/1126
f 4420/3752/2970 4435/3756/2558 4419/3759/2558 4404/3753/2970
f 4424/3768/2558 4423/3772/1126 4407/3773/1126 4408/3769/2890
f 4437/3740/3032 4436/3714/3035 4420/3717/2983 4421/3741/3033
f 4441/3724/3168 4440/3728/3169 4424/3729/3029 4425/3725/3046
f 4445/3738/2966 4444/3742/2996 4428/3743/2969 4429/3739/2966
f 4449/3722/2954 4448/3726/2957 4432/3727/2958 4433/3723/2954
f 4438/3736/3031 4437/3740/3032 4421/3741/3033 4422/3737/3034
f 4442/3719/3026 4441/3724/3168 4425/3725/3046 4426/3720/3026
f 4446/3734/2963 4445/3738/2966 4429/3739/2966 4430/3735/2963
f 4450/3711/2945 4449/3722/2954 4433/3723/2954 4434/3712/2945
f 4439/3732/227 4438/3736/3031 4422/3737/3034 4423/3733/227
f 4443/3718/799 4442/3719/3026 4426/3720/3026 4427/3721/3025
f 4447/3730/2961 4446/3734/2963 4430/3735/2963 4431/3731/2961
f 4436/3714/3035 4451/3715/230 4435/3716/3024 4420/3717/2983
f 4440/3728/3169 4439/3732/227 4423/3733/227 4424/3729/3029
f 4422/3744/2558 4421/3745/1126 4405/3746/1126 4406/3747/3036
f 4444/3742/2996 4443/3718/799 4427/3721/3025 4428/3743/2969
f 4448/3726/2957 4447/3730/2961 4431/3731/2961 4432/3727/2958
f 4451/3710/230 4450/3711/2945 4434/3712/2945 4435/3713/3024
f 4453/4552/3170 4485/4553/3171 4495/4554/3172 4454/4555/3173
f 4660/4556/3174 4656/4557/3175 4788/4558/3176 4793/4559/3177
f 4664/4560/3178 4660/4556/3174 4793/4559/3177 4798/4561/3179
f 4668/4562/3180 4664/4560/3178 4798/4561/3179 4803/4563/3181
f 4672/4564/3182 4668/4562/3180 4803/4563/3181 4808/4565/3183
f 4676/4566/3184 4672/4564/3182 4808/4565/3183 4813/4567/3185
f 4680/4568/3186 4676/4566/3184 4813/4567/3185 4818/4569/3187
f 4684/4570/3188 4680/4568/3186 4818/4569/3187 4823/4571/3189
f 4688/4572/3190 4684/4570/3188 4823/4571/3189 4828/4573/3191
f 4692/4574/3192 4688/4572/3190 4828/4573/3191 4833/4575/3193
f 4696/4576/3194 4692/4574/3192 4833/4575/3193 4838/4577/3195
f 4700/4578/3196 4696/4576/3194 4838/4577/3195 4843/4579/3197
f 4704/4580/3198 4700/4578/3196 4843/4579/3197 4848/4581/3199
f 4708/4582/3200 4704/4580/3198 4848/4581/3199 4853/4583/3201
f 4712/4584/3202 4708/4585/3200 4853/4586/3201 4858/4587/3203
f 4716/4588/3204 4712/4584/3202 4858/4587/3203 4863/4589/3205
f 4720/4590/3206 4716/4588/3204 4863/4589/3205 4868/4591/3207
f 4724/4592/3208 4720/4590/3206 4868/4591/3207 4873/4593/3209
f 4728/4594/3210 4724/4592/3208 4873/4593/3209 4878/4595/3211
f 4732/4596/3212 4728/4594/3210 4878/4595/3211 4883/4597/3213
f 4736/4598/3214 4732/4596/3212 4883/4597/3213 4888/4599/3215
f 4740/4600/3216 4736/4598/3214 4888/4599/3215 4893/4601/3217
f 4744/4602/3218 4740/4600/3216 4893/4601/3217 4898/4603/3219
f 4748/4604/3220 4744/4602/3218 4898/4603/3219 4903/4605/3221
f 4752/4606/3222 4748/4604/3220 4903/4605/3221 4908/4607/3223
f 4756/4608/3224 4752/4606/3222 4908/4607/3223 4913/4609/3225
f 4760/4610/3226 4756/4608/3224 4913/4609/3225 4918/4611/3227
f 4764/4612/3228 4760/4610/3226 4918/4611/3227 4923/4613/3229
f 4768/4614/3230 4764/4612/3228 4923/4613/3229 4928/4615/3231
f 4657/4616/3232 4661/4617/3233 4504/4618/3234 4499/4619/3235
f 4645/4620/3236 4768/4614/3230 4928/4615/3231 4777/4621/3237
f 4452/4622/3238 4489/4623/3239 4485/4553/3171 4453/4552/3170
f 4483/4624/3240 4640/4625/3241 4489/4623/3239 4452/4622/3238
f 4455/4626/3242 4500/4627/3243 4505/4628/3244 4456/4629/3245
f 4456/4629/3245 4505/4628/3244 4510/4630/3246 4457/4631/3247
f 4457/4631/3247 4510/4630/3246 4515/4632/3248 4458/4633/3249
f 4458/4633/3249 4515/4632/3248 4520/4634/3250 4459/4635/3251
f 4459/4635/3251 4520/4634/3250 4525/4636/3252 4460/4637/3253
f 4460/4637/3253 4525/4636/3252 4530/4638/3254 4461/4639/3255
f 4461/4639/3255 4530/4638/3254 4535/4640/3256 4462/4641/3257
f 4462/4641/3257 4535/4640/3256 4540/4642/3258 4463/4643/3259
f 4463/4643/3259 4540/4642/3258 4545/4644/3260 4464/4645/3261
f 4464/4645/3261 4545/4644/3260 4550/4646/3262 4465/4647/3263
f 4465/4647/3263 4550/4646/3262 4555/4648/3264 4466/4649/3265
f 4466/4649/3265 4555/4648/3264 4560/4650/3266 4467/4651/3267
f 4467/4651/3267 4560/4650/3266 4565/4652/3268 4468/4653/3269
f 4468/4654/3269 4565/4655/3268 4570/4656/3270 4469/4657/3271
f 4469/4657/3271 4570/4656/3270 4575/4658/3272 4470/4659/3273
f 4470/4659/3273 4575/4658/3272 4580/4660/3274 4471/4661/3275
f 4471/4661/3275 4580/4660/3274 4585/4662/3276 4472/4663/3277
f 4472/4663/3277 4585/4662/3276 4590/4664/3278 4473/4665/3279
f 4473/4665/3279 4590/4664/3278 4595/4666/3280 4474/4667/3281
f 4474/4667/3281 4595/4666/3280 4600/4668/3282 4475/4669/3283
f 4475/4669/3283 4600/4668/3282 4605/4670/3284 4476/4671/3285
f 4476/4671/3285 4605/4670/3284 4610/4672/3286 4477/4673/3287
f 4477/4673/3287 4610/4672/3286 4615/4674/3288 4478/4675/3289
f 4478/4675/3289 4615/4674/3288 4620/4676/3290 4479/4677/3291
f 4479/4677/3291 4620/4676/3290 4625/4678/3292 4480/4679/3293
f 4480/4679/3293 4625/4678/3292 4630/4680/3294 4481/4681/3295
f 4481/4681/3295 4630/4680/3294 4635/4682/3296 4482/4683/3297
f 4482/4683/3297 4635/4682/3296 4640/4625/3241 4483/4624/3240
f 4454/4555/3173 4495/4554/3172 4500/4627/3243 4455/4626/3242
f 4652/4684/3298 4648/4685/3299 4773/4686/3300 4783/4687/3301
f 4765/4688/3302 4769/4689/3303 4639/4690/3304 4634/4691/3305
f 4713/4692/3306 4717/4693/3307 4574/4694/3308 4569/4695/3309
f 4661/4617/3233 4665/4696/3310 4509/4697/3311 4504/4618/3234
f 4772/4698/3312 4778/4699/3313 4927/4700/3314 4922/4701/3315 4917/4702/3316 4912/4703/3317 4907/4704/3318 4902/4705/3319 4897/4706/3320 4892/4707/3321 4887/4708/3322 4882/4709/3323 4877/4710/3324 4872/4711/3325 4867/4712/3326 4862/4713/3327 4857/4714/3328 4852/4715/3329 4847/4716/3330 4842/4717/3331 4837/4718/3332 4832/4719/3333 4827/4720/3334 4822/4721/3335 4817/4722/3336 4812/4723/3337 4807/4724/3338 4802/4725/3339 4797/4726/3340 4792/4727/3341 4787/4728/3342 4782/4729/3343
f 4717/4693/3307 4721/4730/3344 4579/4731/3345 4574/4694/3308
f 4665/4696/3310 4669/4732/3346 4514/4733/3347 4509/4697/3311
f 4721/4730/3344 4725/4734/3348 4584/4735/3349 4579/4731/3345
f 4669/4732/3346 4673/4736/3350 4519/4737/3351 4514/4733/3347
f 4725/4734/3348 4729/4738/3352 4589/4739/3353 4584/4735/3349
f 4673/4736/3350 4677/4740/3354 4524/4741/3355 4519/4737/3351
f 4729/4738/3352 4733/4742/3356 4594/4743/3357 4589/4739/3353
f 4677/4740/3354 4681/4744/3358 4529/4745/3359 4524/4741/3355
f 4733/4742/3356 4737/4746/3360 4599/4747/3361 4594/4743/3357
f 4681/4744/3358 4685/4748/3362 4534/4749/3363 4529/4745/3359
f 4737/4746/3360 4741/4750/3364 4604/4751/3365 4599/4747/3361
f 4685/4748/3362 4689/4752/3366 4539/4753/3367 4534/4749/3363
f 4741/4750/3364 4745/4754/3368 4609/4755/3369 4604/4751/3365
f 4689/4752/3366 4693/4756/3370 4544/4757/3371 4539/4753/3367
f 4745/4754/3368 4749/4758/3372 4614/4759/3373 4609/4755/3369
f 4693/4756/3370 4697/4760/3374 4549/4761/3375 4544/4757/3371
f 4749/4758/3372 4753/4762/3376 4619/4763/3377 4614/4759/3373
f 4697/4760/3374 4701/4764/3378 4554/4765/3379 4549/4761/3375
f 4769/4689/3303 4644/4766/3380 4490/4767/3381 4639/4690/3304
f 4753/4762/3376 4757/4768/3382 4624/4769/3383 4619/4763/3377
f 4701/4764/3378 4705/4770/3384 4559/4771/3385 4554/4765/3379
f 4649/4772/3386 4653/4773/3387 4494/4774/3388 4484/4775/3389
f 4757/4768/3382 4761/4776/3390 4629/4777/3391 4624/4769/3383
f 4705/4770/3384 4709/4778/3392 4564/4779/3393 4559/4771/3385
f 4653/4773/3387 4657/4616/3232 4499/4619/3235 4494/4774/3388
f 4761/4776/3390 4765/4688/3302 4634/4691/3305 4629/4777/3391
f 4709/4780/3392 4713/4692/3306 4569/4695/3309 4564/4781/3393
f 4485/4782/3171 4489/4783/3239 4491/4784/3394 4488/4785/3395
f 4488/4785/3395 4491/4784/3394 4492/4786/3396 4487/4787/3397
f 4487/4787/3397 4492/4786/3396 4493/4788/3398 4486/4789/3399
f 4486/4789/3399 4493/4788/3398 4490/4767/3381 4484/4775/3389
f 4495/4790/3172 4485/4782/3171 4488/4785/3395 4498/4791/3400
f 4498/4791/3400 4488/4785/3395 4487/4787/3397 4497/4792/3401
f 4497/4792/3401 4487/4787/3397 4486/4789/3399 4496/4793/3402
f 4496/4793/3402 4486/4789/3399 4484/4775/3389 4494/4774/3388
f 4500/4794/3243 4495/4790/3172 4498/4791/3400 4503/4795/3403
f 4503/4795/3403 4498/4791/3400 4497/4792/3401 4502/4796/3404
f 4502/4796/3404 4497/4792/3401 4496/4793/3402 4501/4797/3405
f 4501/4797/3405 4496/4793/3402 4494/4774/3388 4499/4619/3235
f 4505/4798/3244 4500/4794/3243 4503/4795/3403 4508/4799/3406
f 4508/4799/3406 4503/4795/3403 4502/4796/3404 4507/4800/3407
f 4507/4800/3407 4502/4796/3404 4501/4797/3405 4506/4801/3408
f 4506/4801/3408 4501/4797/3405 4499/4619/3235 4504/4618/3234
f 4510/4802/3246 4505/4798/3244 4508/4799/3406 4513/4803/3409
f 4513/4803/3409 4508/4799/3406 4507/4800/3407 4512/4804/3410
f 4512/4804/3410 4507/4800/3407 4506/4801/3408 4511/4805/3411
f 4511/4805/3411 4506/4801/3408 4504/4618/3234 4509/4697/3311
f 4515/4806/3248 4510/4802/3246 4513/4803/3409 4518/4807/3412
f 4518/4807/3412 4513/4803/3409 4512/4804/3410 4517/4808/3413
f 4517/4808/3413 4512/4804/3410 4511/4805/3411 4516/4809/3414
f 4516/4809/3414 4511/4805/3411 4509/4697/3311 4514/4733/3347
f 4520/4810/3250 4515/4806/3248 4518/4807/3412 4523/4811/3415
f 4523/4811/3415 4518/4807/3412 4517/4808/3413 4522/4812/3416
f 4522/4812/3416 4517/4808/3413 4516/4809/3414 4521/4813/3417
f 4521/4813/3417 4516/4809/3414 4514/4733/3347 4519/4737/3351
f 4525/4814/3252 4520/4810/3250 4523/4811/3415 4528/4815/3418
f 4528/4815/3418 4523/4811/3415 4522/4812/3416 4527/4816/3419
f 4527/4816/3419 4522/4812/3416 4521/4813/3417 4526/4817/3420
f 4526/4817/3420 4521/4813/3417 4519/4737/3351 4524/4741/3355
f 4530/4818/3254 4525/4814/3252 4528/4815/3418 4533/4819/3421
f 4533/4819/3421 4528/4815/3418 4527/4816/3419 4532/4820/3422
f 4532/4820/3422 4527/4816/3419 4526/4817/3420 4531/4821/3423
f 4531/4821/3423 4526/4817/3420 4524/4741/3355 4529/4745/3359
f 4535/4822/3256 4530/4818/3254 4533/4819/3421 4538/4823/3424
f 4538/4823/3424 4533/4819/3421 4532/4820/3422 4537/4824/3425
f 4537/4824/3425 4532/4820/3422 4531/4821/3423 4536/4825/3426
f 4536/4825/3426 4531/4821/3423 4529/4745/3359 4534/4749/3363
f 4540/4826/3258 4535/4822/3256 4538/4823/3424 4543/4827/3427
f 4543/4827/3427 4538/4823/3424 4537/4824/3425 4542/4828/3428
f 4542/4828/3428 4537/4824/3425 4536/4825/3426 4541/4829/3429
f 4541/4829/3429 4536/4825/3426 4534/4749/3363 4539/4753/3367
f 4545/4830/3260 4540/4826/3258 4543/4827/3427 4548/4831/3430
f 4548/4831/3430 4543/4827/3427 4542/4828/3428 4547/4832/3431
f 4547/4832/3431 4542/4828/3428 4541/4829/3429 4546/4833/3432
f 4546/4833/3432 4541/4829/3429 4539/4753/3367 4544/4757/3371
f 4550/4834/3262 4545/4830/3260 4548/4831/3430 4553/4835/3433
f 4553/4835/3433 4548/4831/3430 4547/4832/3431 4552/4836/3434
f 4552/4836/3434 4547/4832/3431 4546/4833/3432 4551/4837/3435
f 4551/4837/3435 4546/4833/3432 4544/4757/3371 4549/4761/3375
f 4555/4838/3264 4550/4834/3262 4553/4835/3433 4558/4839/3436
f 4558/4839/3436 4553/4835/3433 4552/4836/3434 4557/4840/3437
f 4557/4840/3437 4552/4836/3434 4551/4837/3435 4556/4841/3438
f 4556/4841/3438 4551/4837/3435 4549/4761/3375 4554/4765/3379
f 4560/4842/3266 4555/4838/3264 4558/4839/3436 4563/4843/3439
f 4563/4843/3439 4558/4839/3436 4557/4840/3437 4562/4844/3440
f 4562/4844/3440 4557/4840/3437 4556/4841/3438 4561/4845/3441
f 4561/4845/3441 4556/4841/3438 4554/4765/3379 4559/4771/3385
f 4565/4846/3268 4560/4842/3266 4563/4843/3439 4568/4847/3442
f 4568/4847/3442 4563/4843/3439 4562/4844/3440 4567/4848/3443
f 4567/4848/3443 4562/4844/3440 4561/4845/3441 4566/4849/3444
f 4566/4849/3444 4561/4845/3441 4559/4771/3385 4564/4779/3393
f 4570/4850/3270 4565/4851/3268 4568/4852/3442 4573/4853/3445
f 4573/4853/3445 4568/4852/3442 4567/4854/3443 4572/4855/3446
f 4572/4855/3446 4567/4854/3443 4566/4856/3444 4571/4857/3447
f 4571/4857/3447 4566/4856/3444 4564/4781/3393 4569/4695/3309
f 4575/4858/3272 4570/4850/3270 4573/4853/3445 4578/4859/3448
f 4578/4859/3448 4573/4853/3445 4572/4855/3446 4577/4860/3449
f 4577/4860/3449 4572/4855/3446 4571/4857/3447 4576/4861/3450
f 4576/4861/3450 4571/4857/3447 4569/4695/3309 4574/4694/3308
f 4580/4862/3274 4575/4858/3272 4578/4859/3448 4583/4863/3451
f 4583/4863/3451 4578/4859/3448 4577/4860/3449 4582/4864/3452
f 4582/4864/3452 4577/4860/3449 4576/4861/3450 4581/4865/3453
f 4581/4865/3453 4576/4861/3450 4574/4694/3308 4579/4731/3345
f 4585/4866/3276 4580/4862/3274 4583/4863/3451 4588/4867/3454
f 4588/4867/3454 4583/4863/3451 4582/4864/3452 4587/4868/3455
f 4587/4868/3455 4582/4864/3452 4581/4865/3453 4586/4869/3456
f 4586/4869/3456 4581/4865/3453 4579/4731/3345 4584/4735/3349
f 4590/4870/3278 4585/4866/3276 4588/4867/3454 4593/4871/3457
f 4593/4871/3457 4588/4867/3454 4587/4868/3455 4592/4872/3458
f 4592/4872/3458 4587/4868/3455 4586/4869/3456 4591/4873/3459
f 4591/4873/3459 4586/4869/3456 4584/4735/3349 4589/4739/3353
f 4595/4874/3280 4590/4870/3278 4593/4871/3457 4598/4875/3460
f 4598/4875/3460 4593/4871/3457 4592/4872/3458 4597/4876/3461
f 4597/4876/3461 4592/4872/3458 4591/4873/3459 4596/4877/3462
f 4596/4877/3462 4591/4873/3459 4589/4739/3353 4594/4743/3357
f 4600/4878/3282 4595/4874/3280 4598/4875/3460 4603/4879/3463
f 4603/4879/3463 4598/4875/3460 4597/4876/3461 4602/4880/3464
f 4602/4880/3464 4597/4876/3461 4596/4877/3462 4601/4881/3465
f 4601/4881/3465 4596/4877/3462 4594/4743/3357 4599/4747/3361
f 4605/4882/3284 4600/4878/3282 4603/4879/3463 4608/4883/3466
f 4608/4883/3466 4603/4879/3463 4602/4880/3464 4607/4884/3467
f 4607/4884/3467 4602/4880/3464 4601/4881/3465 4606/4885/3468
f 4606/4885/3468 4601/4881/3465 4599/4747/3361 4604/4751/3365
f 4610/4886/3286 4605/4882/3284 4608/4883/3466 4613/4887/3469
f 4613/4887/3469 4608/4883/3466 4607/4884/3467 4612/4888/3470
f 4612/4888/3470 4607/4884/3467 4606/4885/3468 4611/4889/3471
f 4611/4889/3471 4606/4885/3468 4604/4751/3365 4609/4755/3369
f 4615/4890/3288 4610/4886/3286 4613/4887/3469 4618/4891/3472
f 4618/4891/3472 4613/4887/3469 4612/4888/3470 4617/4892/3473
f 4617/4892/3473 4612/4888/3470 4611/4889/3471 4616/4893/3474
f 4616/4893/3474 4611/4889/3471 4609/4755/3369 4614/4759/3373
f 4620/4894/3290 4615/4890/3288 4618/4891/3472 4623/4895/3475
f 4623/4895/3475 4618/4891/3472 4617/4892/3473 4622/4896/3476
f 4622/4896/3476 4617/4892/3473 4616/4893/3474 4621/4897/3477
f 4621/4897/3477 4616/4893/3474 4614/4759/3373 4619/4763/3377
f 4625/4898/3292 4620/4894/3290 4623/4895/3475 4628/4899/3478
f 4628/4899/3478 4623/4895/3475 4622/4896/3476 4627/4900/3479
f 4627/4900/3479 4622/4896/3476 4621/4897/3477 4626/4901/3480
f 4626/4901/3480 4621/4897/3477 4619/4763/3377 4624/4769/3383
f 4630/4902/3294 4625/4898/3292 4628/4899/3478 4633/4903/3481
f 4633/4903/3481 4628/4899/3478 4627/4900/3479 4632/4904/3482
f 4632/4904/3482 4627/4900/3479 4626/4901/3480 4631/4905/3483
f 4631/4905/3483 4626/4901/3480 4624/4769/3383 4629/4777/3391
f 4635/4906/3296 4630/4902/3294 4633/4903/3481 4638/4907/3484
f 4638/4907/3484 4633/4903/3481 4632/4904/3482 4637/4908/3485
f 4637/4908/3485 4632/4904/3482 4631/4905/3483 4636/4909/3486
f 4636/4909/3486 4631/4905/3483 4629/4777/3391 4634/4691/3305
f 4640/4910/3241 4635/4906/3296 4638/4907/3484 4643/4911/3487
f 4643/4911/3487 4638/4907/3484 4637/4908/3485 4642/4912/3488
f 4642/4912/3488 4637/4908/3485 4636/4909/3486 4641/4913/3489
f 4641/4913/3489 4636/4909/3486 4634/4691/3305 4639/4690/3304
f 4489/4783/3239 4640/4910/3241 4643/4911/3487 4491/4784/3394
f 4491/4784/3394 4643/4911/3487 4642/4912/3488 4492/4786/3396
f 4492/4786/3396 4642/4912/3488 4641/4913/3489 4493/4788/3398
f 4493/4788/3398 4641/4913/3489 4639/4690/3304 4490/4767/3381
f 4656/4557/3175 4652/4684/3298 4783/4687/3301 4788/4558/3176
f 4649/4772/3386 4644/4766/3380 4646/4914/3490 4651/4915/3491
f 4651/4915/3491 4646/4914/3490 4647/4916/3492 4650/4917/3493
f 4650/4917/3493 4647/4916/3492 4645/4620/3236 4648/4685/3299
f 4653/4773/3387 4649/4772/3386 4651/4915/3491 4655/4918/3494
f 4655/4918/3494 4651/4915/3491 4650/4917/3493 4654/4919/3495
f 4654/4919/3495 4650/4917/3493 4648/4685/3299 4652/4684/3298
f 4657/4616/3232 4653/4773/3387 4655/4918/3494 4659/4920/3496
f 4659/4920/3496 4655/4918/3494 4654/4919/3495 4658/4921/3497
f 4658/4921/3497 4654/4919/3495 4652/4684/3298 4656/4557/3175
f 4661/4617/3233 4657/4616/3232 4659/4920/3496 4663/4922/3498
f 4663/4922/3498 4659/4920/3496 4658/4921/3497 4662/4923/3499
f 4662/4923/3499 4658/4921/3497 4656/4557/3175 4660/4556/3174
f 4665/4696/3310 4661/4617/3233 4663/4922/3498 4667/4924/3500
f 4667/4924/3500 4663/4922/3498 4662/4923/3499 4666/4925/3501
f 4666/4925/3501 4662/4923/3499 4660/4556/3174 4664/4560/3178
f 4669/4732/3346 4665/4696/3310 4667/4924/3500 4671/4926/3502
f 4671/4926/3502 4667/4924/3500 4666/4925/3501 4670/4927/3503
f 4670/4927/3503 4666/4925/3501 4664/4560/3178 4668/4562/3180
f 4673/4736/3350 4669/4732/3346 4671/4926/3502 4675/4928/3504
f 4675/4928/3504 4671/4926/3502 4670/4927/3503 4674/4929/3505
f 4674/4929/3505 4670/4927/3503 4668/4562/3180 4672/4564/3182
f 4677/4740/3354 4673/4736/3350 4675/4928/3504 4679/4930/3506
f 4679/4930/3506 4675/4928/3504 4674/4929/3505 4678/4931/3507
f 4678/4931/3507 4674/4929/3505 4672/4564/3182 4676/4566/3184
f 4681/4744/3358 4677/4740/3354 4679/4930/3506 4683/4932/3508
f 4683/4932/3508 4679/4930/3506 4678/4931/3507 4682/4933/3509
f 4682/4933/3509 4678/4931/3507 4676/4566/3184 4680/4568/3186
f 4685/4748/3362 4681/4744/3358 4683/4932/3508 4687/4934/3510
f 4687/4934/3510 4683/4932/3508 4682/4933/3509 4686/4935/3511
f 4686/4935/3511 4682/4933/3509 4680/4568/3186 4684/4570/3188
f 4689/4752/3366 4685/4748/3362 4687/4934/3510 4691/4936/3512
f 4691/4936/3512 4687/4934/3510 4686/4935/3511 4690/4937/3513
f 4690/4937/3513 4686/4935/3511 4684/4570/3188 4688/4572/3190
f 4693/4756/3370 4689/4752/3366 4691/4936/3512 4695/4938/3514
f 4695/4938/3514 4691/4936/3512 4690/4937/3513 4694/4939/3515
f 4694/4939/3515 4690/4937/3513 4688/4572/3190 4692/4574/3192
f 4697/4760/3374 4693/4756/3370 4695/4938/3514 4699/4940/3516
f 4699/4940/3516 4695/4938/3514 4694/4939/3515 4698/4941/3517
f 4698/4941/3517 4694/4939/3515 4692/4574/3192 4696/4576/3194
f 4701/4764/3378 4697/4760/3374 4699/4940/3516 4703/4942/3518
f 4703/4942/3518 4699/4940/3516 4698/4941/3517 4702/4943/3519
f 4702/4943/3519 4698/4941/3517 4696/4576/3194 4700/4578/3196
f 4705/4770/3384 4701/4764/3378 4703/4942/3518 4707/4944/3520
f 4707/4944/3520 4703/4942/3518 4702/4943/3519 4706/4945/3521
f 4706/4945/3521 4702/4943/3519 4700/4578/3196 4704/4580/3198
f 4709/4778/3392 4705/4770/3384 4707/4944/3520 4711/4946/3522
f 4711/4946/3522 4707/4944/3520 4706/4945/3521 4710/4947/3523
f 4710/4947/3523 4706/4945/3521 4704/4580/3198 4708/4582/3200
f 4713/4692/3306 4709/4780/3392 4711/4948/3522 4715/4949/3524
f 4715/4949/3524 4711/4948/3522 4710/4950/3523 4714/4951/3525
f 4714/4951/3525 4710/4950/3523 4708/4585/3200 4712/4584/3202
f 4717/4693/3307 4713/4692/3306 4715/4949/3524 4719/4952/3526
f 4719/4952/3526 4715/4949/3524 4714/4951/3525 4718/4953/3527
f 4718/4953/3527 4714/4951/3525 4712/4584/3202 4716/4588/3204
f 4721/4730/3344 4717/4693/3307 4719/4952/3526 4723/4954/3528
f 4723/4954/3528 4719/4952/3526 4718/4953/3527 4722/4955/3529
f 4722/4955/3529 4718/4953/3527 4716/4588/3204 4720/4590/3206
f 4725/4734/3348 4721/4730/3344 4723/4954/3528 4727/4956/3530
f 4727/4956/3530 4723/4954/3528 4722/4955/3529 4726/4957/3531
f 4726/4957/3531 4722/4955/3529 4720/4590/3206 4724/4592/3208
f 4729/4738/3352 4725/4734/3348 4727/4956/3530 4731/4958/3532
f 4731/4958/3532 4727/4956/3530 4726/4957/3531 4730/4959/3533
f 4730/4959/3533 4726/4957/3531 4724/4592/3208 4728/4594/3210
f 4733/4742/3356 4729/4738/3352 4731/4958/3532 4735/4960/3534
f 4735/4960/3534 4731/4958/3532 4730/4959/3533 4734/4961/3535
f 4734/4961/3535 4730/4959/3533 4728/4594/3210 4732/4596/3212
f 4737/4746/3360 4733/4742/3356 4735/4960/3534 4739/4962/3536
f 4739/4962/3536 4735/4960/3534 4734/4961/3535 4738/4963/3537
f 4738/4963/3537 4734/4961/3535 4732/4596/3212 4736/4598/3214
f 4741/4750/3364 4737/4746/3360 4739/4962/3536 4743/4964/3538
f 4743/4964/3538 4739/4962/3536 4738/4963/3537 4742/4965/3539
f 4742/4965/3539 4738/4963/3537 4736/4598/3214 4740/4600/3216
f 4745/4754/3368 4741/4750/3364 4743/4964/3538 4747/4966/3540
f 4747/4966/3540 4743/4964/3538 4742/4965/3539 4746/4967/3541
f 4746/4967/3541 4742/4965/3539 4740/4600/3216 4744/4602/3218
f 4749/4758/3372 4745/4754/3368 4747/4966/3540 4751/4968/3542
f 4751/4968/3542 4747/4966/3540 4746/4967/3541 4750/4969/3543
f 4750/4969/3543 4746/4967/3541 4744/4602/3218 4748/4604/3220
f 4753/4762/3376 4749/4758/3372 4751/4968/3542 4755/4970/3544
f 4755/4970/3544 4751/4968/3542 4750/4969/3543 4754/4971/3545
f 4754/4971/3545 4750/4969/3543 4748/4604/3220 4752/4606/3222
f 4757/4768/3382 4753/4762/3376 4755/4970/3544 4759/4972/3546
f 4759/4972/3546 4755/4970/3544 4754/4971/3545 4758/4973/3547
f 4758/4973/3547 4754/4971/3545 4752/4606/3222 4756/4608/3224
f 4761/4776/3390 4757/4768/3382 4759/4972/3546 4763/4974/3548
f 4763/4974/3548 4759/4972/3546 4758/4973/3547 4762/4975/3549
f 4762/4975/3549 4758/4973/3547 4756/4608/3224 4760/4610/3226
f 4765/4688/3302 4761/4776/3390 4763/4974/3548 4767/4976/3550
f 4767/4976/3550 4763/4974/3548 4762/4975/3549 4766/4977/3551
f 4766/4977/3551 4762/4975/3549 4760/4610/3226 4764/4612/3228
f 4769/4689/3303 4765/4688/3302 4767/4976/3550 4771/4978/3552
f 4771/4978/3552 4767/4976/3550 4766/4977/3551 4770/4979/3553
f 4770/4979/3553 4766/4977/3551 4764/4612/3228 4768/4614/3230
f 4644/4766/3380 4769/4689/3303 4771/4978/3552 4646/4914/3490
f 4646/4914/3490 4771/4978/3552 4770/4979/3553 4647/4916/3492
f 4647/4916/3492 4770/4979/3553 4768/4614/3230 4645/4620/3236
f 4644/4766/3380 4649/4772/3386 4484/4775/3389 4490/4767/3381
f 4773/4686/3300 4777/4621/3237 4779/4980/3554 4776/4981/3555
f 4776/4981/3555 4779/4980/3554 4780/4982/3556 4775/4983/3557
f 4775/4983/3557 4780/4982/3556 4781/4984/3558 4774/4985/3559
f 4774/4985/3559 4781/4984/3558 4778/4986/3313 4772/4987/3312
f 4783/4687/3301 4773/4686/3300 4776/4981/3555 4786/4988/3560
f 4786/4988/3560 4776/4981/3555 4775/4983/3557 4785/4989/3561
f 4785/4989/3561 4775/4983/3557 4774/4985/3559 4784/4990/3562
f 4784/4990/3562 4774/4985/3559 4772/4987/3312 4782/4991/3343
f 4788/4558/3176 4783/4687/3301 4786/4988/3560 4791/4992/3563
f 4791/4992/3563 4786/4988/3560 4785/4989/3561 4790/4993/3564
f 4790/4993/3564 4785/4989/3561 4784/4990/3562 4789/4994/3565
f 4789/4994/3565 4784/4990/3562 4782/4991/3343 4787/4995/3342
f 4793/4559/3177 4788/4558/3176 4791/4992/3563 4796/4996/3566
f 4796/4996/3566 4791/4992/3563 4790/4993/3564 4795/4997/3567
f 4795/4997/3567 4790/4993/3564 4789/4994/3565 4794/4998/3568
f 4794/4998/3568 4789/4994/3565 4787/4995/3342 4792/4999/3341
f 4798/4561/3179 4793/4559/3177 4796/4996/3566 4801/5000/3569
f 4801/5000/3569 4796/4996/3566 4795/4997/3567 4800/5001/3570
f 4800/5001/3570 4795/4997/3567 4794/4998/3568 4799/5002/3459
f 4799/5002/3459 4794/4998/3568 4792/4999/3341 4797/5003/3340
f 4803/4563/3181 4798/4561/3179 4801/5000/3569 4806/5004/3571
f 4806/5004/3571 4801/5000/3569 4800/5001/3570 4805/5005/3572
f 4805/5005/3572 4800/5001/3570 4799/5002/3459 4804/5006/3573
f 4804/5006/3573 4799/5002/3459 4797/5003/3340 4802/5007/3339
f 4808/4565/3183 4803/4563/3181 4806/5004/3571 4811/5008/3574
f 4811/5008/3574 4806/5004/3571 4805/5005/3572 4810/5009/3575
f 4810/5009/3575 4805/5005/3572 4804/5006/3573 4809/5010/3576
f 4809/5010/3576 4804/5006/3573 4802/5007/3339 4807/5011/3338
f 4813/4567/3185 4808/4565/3183 4811/5008/3574 4816/5012/3577
f 4816/5012/3577 4811/5008/3574 4810/5009/3575 4815/5013/3578
f 4815/5013/3578 4810/5009/3575 4809/5010/3576 4814/5014/3579
f 4814/5014/3579 4809/5010/3576 4807/5011/3338 4812/5015/3337
f 4818/4569/3187 4813/4567/3185 4816/5012/3577 4821/5016/3469
f 4821/5016/3469 4816/5012/3577 4815/5013/3578 4820/5017/3580
f 4820/5017/3580 4815/5013/3578 4814/5014/3579 4819/5018/3581
f 4819/5018/3581 4814/5014/3579 4812/5015/3337 4817/5019/3336
f 4823/4571/3189 4818/4569/3187 4821/5016/3469 4826/5020/3582
f 4826/5020/3582 4821/5016/3469 4820/5017/3580 4825/5021/3583
f 4825/5021/3583 4820/5017/3580 4819/5018/3581 4824/5022/3584
f 4824/5022/3584 4819/5018/3581 4817/5019/3336 4822/5023/3335
f 4828/4573/3191 4823/4571/3189 4826/5020/3582 4831/5024/3585
f 4831/5024/3585 4826/5020/3582 4825/5021/3583 4830/5025/3476
f 4830/5025/3476 4825/5021/3583 4824/5022/3584 4829/5026/3586
f 4829/5026/3586 4824/5022/3584 4822/5023/3335 4827/5027/3334
f 4833/4575/3193 4828/4573/3191 4831/5024/3585 4836/5028/3587
f 4836/5028/3587 4831/5024/3585 4830/5025/3476 4835/5029/3588
f 4835/5029/3588 4830/5025/3476 4829/5026/3586 4834/5030/3589
f 4834/5030/3589 4829/5026/3586 4827/5027/3334 4832/5031/3333
f 4838/4577/3195 4833/4575/3193 4836/5028/3587 4841/5032/3590
f 4841/5032/3590 4836/5028/3587 4835/5029/3588 4840/5033/3591
f 4840/5033/3591 4835/5029/3588 4834/5030/3589 4839/5034/3592
f 4839/5034/3592 4834/5030/3589 4832/5031/3333 4837/5035/3332
f 4843/4579/3197 4838/4577/3195 4841/5032/3590 4846/5036/3593
f 4846/5036/3593 4841/5032/3590 4840/5033/3591 4845/5037/3594
f 4845/5037/3594 4840/5033/3591 4839/5034/3592 4844/5038/3595
f 4844/5038/3595 4839/5034/3592 4837/5035/3332 4842/5039/3331
f 4848/4581/3199 4843/4579/3197 4846/5036/3593 4851/5040/3596
f 4851/5040/3596 4846/5036/3593 4845/5037/3594 4850/5041/3597
f 4850/5041/3597 4845/5037/3594 4844/5038/3595 4849/5042/3489
f 4849/5042/3489 4844/5038/3595 4842/5039/3331 4847/5043/3330
f 4853/4583/3201 4848/4581/3199 4851/5040/3596 4856/5044/3598
f 4856/5044/3598 4851/5040/3596 4850/5041/3597 4855/5045/3599
f 4855/5045/3599 4850/5041/3597 4849/5042/3489 4854/5046/3600
f 4854/5046/3600 4849/5042/3489 4847/5043/3330 4852/5047/3329
f 4858/4587/3203 4853/4586/3201 4856/5048/3598 4861/5049/3601
f 4861/5049/3601 4856/5048/3598 4855/5050/3599 4860/5051/3602
f 4860/5051/3602 4855/5050/3599 4854/5052/3600 4859/5053/3603
f 4859/5053/3603 4854/5052/3600 4852/5054/3329 4857/5055/3328
f 4863/4589/3205 4858/4587/3203 4861/5049/3601 4866/5056/3604
f 4866/5056/3604 4861/5049/3601 4860/5051/3602 4865/5057/3605
f 4865/5057/3605 4860/5051/3602 4859/5053/3603 4864/5058/3606
f 4864/5058/3606 4859/5053/3603 4857/5055/3328 4862/5059/3327
f 4868/4591/3207 4863/4589/3205 4866/5056/3604 4871/5060/3607
f 4871/5060/3607 4866/5056/3604 4865/5057/3605 4870/5061/3608
f 4870/5061/3608 4865/5057/3605 4864/5058/3606 4869/5062/3609
f 4869/5062/3609 4864/5058/3606 4862/5059/3327 4867/5063/3326
f 4873/4593/3209 4868/4591/3207 4871/5060/3607 4876/5064/3610
f 4876/5064/3610 4871/5060/3607 4870/5061/3608 4875/5065/3611
f 4875/5065/3611 4870/5061/3608 4869/5062/3609 4874/5066/3612
f 4874/5066/3612 4869/5062/3609 4867/5063/3326 4872/5067/3325
f 4878/4595/3211 4873/4593/3209 4876/5064/3610 4881/5068/3613
f 4881/5068/3613 4876/5064/3610 4875/5065/3611 4880/5069/3614
f 4880/5069/3614 4875/5065/3611 4874/5066/3612 4879/5070/3615
f 4879/5070/3615 4874/5066/3612 4872/5067/3325 4877/5071/3324
f 4883/4597/3213 4878/4595/3211 4881/5068/3613 4886/5072/3616
f 4886/5072/3616 4881/5068/3613 4880/5069/3614 4885/5073/3617
f 4885/5073/3617 4880/5069/3614 4879/5070/3615 4884/5074/3618
f 4884/5074/3618 4879/5070/3615 4877/5071/3324 4882/5075/3323
f 4888/4599/3215 4883/4597/3213 4886/5072/3616 4891/5076/3619
f 4891/5076/3619 4886/5072/3616 4885/5073/3617 4890/5077/3620
f 4890/5077/3620 4885/5073/3617 4884/5074/3618 4889/5078/3621
f 4889/5078/3621 4884/5074/3618 4882/5075/3323 4887/5079/3322
f 4893/4601/3217 4888/4599/3215 4891/5076/3619 4896/5080/3622
f 4896/5080/3622 4891/5076/3619 4890/5077/3620 4895/5081/3623
f 4895/5081/3623 4890/5077/3620 4889/5078/3621 4894/5082/3624
f 4894/5082/3624 4889/5078/3621 4887/5079/3322 4892/5083/3321
f 4898/4603/3219 4893/4601/3217 4896/5080/3622 4901/5084/3625
f 4901/5084/3625 4896/5080/3622 4895/5081/3623 4900/5085/3626
f 4900/5085/3626 4895/5081/3623 4894/5082/3624 4899/5086/3627
f 4899/5086/3627 4894/5082/3624 4892/5083/3321 4897/5087/3320
f 4903/4605/3221 4898/4603/3219 4901/5084/3625 4906/5088/3628
f 4906/5088/3628 4901/5084/3625 4900/5085/3626 4905/5089/3629
f 4905/5089/3629 4900/5085/3626 4899/5086/3627 4904/5090/3630
f 4904/5090/3630 4899/5086/3627 4897/5087/3320 4902/5091/3319
f 4908/4607/3223 4903/4605/3221 4906/5088/3628 4911/5092/3631
f 4911/5092/3631 4906/5088/3628 4905/5089/3629 4910/5093/3632
f 4910/5093/3632 4905/5089/3629 4904/5090/3630 4909/5094/3633
f 4909/5094/3633 4904/5090/3630 4902/5091/3319 4907/5095/3318
f 4913/4609/3225 4908/4607/3223 4911/5092/3631 4916/5096/3634
f 4916/5096/3634 4911/5092/3631 4910/5093/3632 4915/5097/3635
f 4915/5097/3635 4910/5093/3632 4909/5094/3633 4914/5098/3636
f 4914/5098/3636 4909/5094/3633 4907/5095/3318 4912/5099/3317
f 4918/4611/3227 4913/4609/3225 4916/5096/3634 4921/5100/3637
f 4921/5100/3637 4916/5096/3634 4915/5097/3635 4920/5101/3638
f 4920/5101/3638 4915/5097/3635 4914/5098/3636 4919/5102/3639
f 4919/5102/3639 4914/5098/3636 4912/5099/3317 4917/5103/3316
f 4923/4613/3229 4918/4611/3227 4921/5100/3637 4926/5104/3436
f 4926/5104/3436 4921/5100/3637 4920/5101/3638 4925/5105/3640
f 4925/5105/3640 4920/5101/3638 4919/5102/3639 4924/5106/3438
f 4924/5106/3438 4919/5102/3639 4917/5103/3316 4922/5107/3315
f 4928/4615/3231 4923/4613/3229 4926/5104/3436 4931/5108/3641
f 4931/5108/3641 4926/5104/3436 4925/5105/3640 4930/5109/3642
f 4930/5109/3642 4925/5105/3640 4924/5106/3438 4929/5110/3643
f 4929/5110/3643 4924/5106/3438 4922/5107/3315 4927/5111/3314
f 4777/4621/3237 4928/4615/3231 4931/5108/3641 4779/4980/3554
f 4779/4980/3554 4931/5108/3641 4930/5109/3642 4780/4982/3556
f 4780/4982/3556 4930/5109/3642 4929/5110/3643 4781/4984/3558
f 4781/4984/3558 4929/5110/3643 4927/5111/3314 4778/4986/3313
f 4648/4685/3299 4645/4620/3236 4777/4621/3237 4773/4686/3300
f 4933/5112/3644 4934/5113/3645 4975/5114/3646 4965/5115/3647
f 5140/5116/3648 5273/5117/3649 5268/5118/3650 5136/5119/3651
f 5144/5120/3652 5278/5121/3653 5273/5117/3649 5140/5116/3648
f 5148/5122/3654 5283/5123/3655 5278/5121/3653 5144/5120/3652
f 5152/5124/3656 5288/5125/3657 5283/5123/3655 5148/5122/3654
f 5156/5126/3658 5293/5127/3659 5288/5125/3657 5152/5124/3656
f 5160/5128/3660 5298/5129/3661 5293/5127/3659 5156/5126/3658
f 5164/5130/3662 5303/5131/3663 5298/5129/3661 5160/5128/3660
f 5168/5132/3664 5308/5133/3665 5303/5131/3663 5164/5130/3662
f 5172/5134/3666 5313/5135/3667 5308/5133/3665 5168/5132/3664
f 5176/5136/3668 5318/5137/3669 5313/5135/3667 5172/5134/3666
f 5180/5138/3670 5323/5139/3671 5318/5137/3669 5176/5136/3668
f 5184/5140/3672 5328/5141/3673 5323/5139/3671 5180/5138/3670
f 5188/5142/3674 5333/5143/3675 5328/5141/3673 5184/5140/3672
f 5192/5144/3676 5338/5145/3677 5333/5146/3675 5188/5147/3674
f 5196/5148/3678 5343/5149/3679 5338/5145/3677 5192/5144/3676
f 5200/5150/3680 5348/5151/3681 5343/5149/3679 5196/5148/3678
f 5204/5152/3682 5353/5153/3683 5348/5151/3681 5200/5150/3680
f 5208/5154/3684 5358/5155/3685 5353/5153/3683 5204/5152/3682
f 5212/5156/3686 5363/5157/3687 5358/5155/3685 5208/5154/3684
f 5216/5158/3688 5368/5159/3689 5363/5157/3687 5212/5156/3686
f 5220/5160/3690 5373/5161/3691 5368/5159/3689 5216/5158/3688
f 5224/5162/3692 5378/5163/3693 5373/5161/3691 5220/5160/3690
f 5228/5164/3694 5383/5165/3695 5378/5163/3693 5224/5162/3692
f 5232/5166/3696 5388/5167/3697 5383/5165/3695 5228/5164/3694
f 5236/5168/3698 5393/5169/3699 5388/5167/3697 5232/5166/3696
f 5240/5170/3700 5398/5171/3701 5393/5169/3699 5236/5168/3698
f 5244/5172/3702 5403/5173/3703 5398/5171/3701 5240/5170/3700
f 5248/5174/3704 5408/5175/3705 5403/5173/3703 5244/5172/3702
f 5137/5176/3706 4979/5177/3707 4984/5178/3708 5141/5179/3709
f 5125/5180/3710 5257/5181/3711 5408/5175/3705 5248/5174/3704
f 4932/5182/3712 4933/5112/3644 4965/5115/3647 4969/5183/3713
f 4963/5184/3714 4932/5182/3712 4969/5183/3713 5120/5185/3715
f 4935/5186/3716 4936/5187/3717 4985/5188/3718 4980/5189/3719
f 4936/5187/3717 4937/5190/3720 4990/5191/3721 4985/5188/3718
f 4937/5190/3720 4938/5192/3722 4995/5193/3723 4990/5191/3721
f 4938/5192/3722 4939/5194/3724 5000/5195/3725 4995/5193/3723
f 4939/5194/3724 4940/5196/3726 5005/5197/3727 5000/5195/3725
f 4940/5196/3726 4941/5198/3728 5010/5199/3729 5005/5197/3727
f 4941/5198/3728 4942/5200/3730 5015/5201/3731 5010/5199/3729
f 4942/5200/3730 4943/5202/3732 5020/5203/3733 5015/5201/3731
f 4943/5202/3732 4944/5204/3734 5025/5205/3735 5020/5203/3733
f 4944/5204/3734 4945/5206/3736 5030/5207/3737 5025/5205/3735
f 4945/5206/3736 4946/5208/3738 5035/5209/3739 5030/5207/3737
f 4946/5208/3738 4947/5210/3740 5040/5211/3741 5035/5209/3739
f 4947/5210/3740 4948/5212/3742 5045/5213/3743 5040/5211/3741
f 4948/5214/3742 4949/5215/3744 5050/5216/3745 5045/5217/3743
f 4949/5215/3744 4950/5218/3746 5055/5219/3747 5050/5216/3745
f 4950/5218/3746 4951/5220/3748 5060/5221/3749 5055/5219/3747
f 4951/5220/3748 4952/5222/3750 5065/5223/3751 5060/5221/3749
f 4952/5222/3750 4953/5224/3752 5070/5225/3753 5065/5223/3751
f 4953/5224/3752 4954/5226/3754 5075/5227/3755 5070/5225/3753
f 4954/5226/3754 4955/5228/3756 5080/5229/3757 5075/5227/3755
f 4955/5228/3756 4956/5230/3758 5085/5231/3759 5080/5229/3757
f 4956/5230/3758 4957/5232/3760 5090/5233/3761 5085/5231/3759
f 4957/5232/3760 4958/5234/3762 5095/5235/3763 5090/5233/3761
f 4958/5234/3762 4959/5236/3764 5100/5237/3765 5095/5235/3763
f 4959/5236/3764 4960/5238/3766 5105/5239/3767 5100/5237/3765
f 4960/5238/3766 4961/5240/3768 5110/5241/3769 5105/5239/3767
f 4961/5240/3768 4962/5242/3770 5115/5243/3771 5110/5241/3769
f 4962/5242/3770 4963/5184/3714 5120/5185/3715 5115/5243/3771
f 4934/5113/3645 4935/5186/3716 4980/5189/3719 4975/5114/3646
f 5132/5244/3772 5263/5245/3773 5253/5246/3774 5128/5247/3775
f 5245/5248/3776 5114/5249/3777 5119/5250/3778 5249/5251/3779
f 5193/5252/3780 5049/5253/3781 5054/5254/3782 5197/5255/3783
f 5141/5179/3709 4984/5178/3708 4989/5256/3784 5145/5257/3785
f 5252/5258/3781 5262/5259/3786 5267/5260/3787 5272/5261/3788 5277/5262/3789 5282/5263/3790 5287/5264/3791 5292/5265/3792 5297/5266/3793 5302/5267/3794 5307/5268/3795 5312/5269/3796 5317/5270/3797 5322/5271/3798 5327/5272/3799 5332/5273/3800 5337/5274/3801 5342/5275/3802 5347/5276/3707 5352/5277/3803 5357/5278/3804 5362/5279/3805 5367/5280/3806 5372/5281/3807 5377/5282/3808 5382/5283/3809 5387/5284/3810 5392/5285/3811 5397/5286/3812 5402/5287/3813 5407/5288/3814 5258/5289/3815
f 5197/5255/3783 5054/5254/3782 5059/5290/3816 5201/5291/3817
f 5145/5257/3785 4989/5256/3784 4994/5292/3818 5149/5293/3819
f 5201/5291/3817 5059/5290/3816 5064/5294/3820 5205/5295/3821
f 5149/5293/3819 4994/5292/3818 4999/5296/3822 5153/5297/3823
f 5205/5295/3821 5064/5294/3820 5069/5298/3824 5209/5299/3825
f 5153/5297/3823 4999/5296/3822 5004/5300/3826 5157/5301/3827
f 5209/5299/3825 5069/5298/3824 5074/5302/3828 5213/5303/3829
f 5157/5301/3827 5004/5300/3826 5009/5304/3830 5161/5305/3831
f 5213/5303/3829 5074/5302/3828 5079/5306/3832 5217/5307/3833
f 5161/5305/3831 5009/5304/3830 5014/5308/3809 5165/5309/3834
f 5217/5307/3833 5079/5306/3832 5084/5310/3835 5221/5311/3836
f 5165/5309/3834 5014/5308/3809 5019/5312/3837 5169/5313/3838
f 5221/5311/3836 5084/5310/3835 5089/5314/3839 5225/5315/3840
f 5169/5313/3838 5019/5312/3837 5024/5316/3841 5173/5317/3842
f 5225/5315/3840 5089/5314/3839 5094/5318/3843 5229/5319/3844
f 5173/5317/3842 5024/5316/3841 5029/5320/3845 5177/5321/3846
f 5229/5319/3844 5094/5318/3843 5099/5322/3847 5233/5323/3848
f 5177/5321/3846 5029/5320/3845 5034/5324/3849 5181/5325/3850
f 5249/5251/3779 5119/5250/3778 4970/5326/3851 5124/5327/3852
f 5233/5323/3848 5099/5322/3847 5104/5328/3853 5237/5329/3854
f 5181/5325/3850 5034/5324/3849 5039/5330/3855 5185/5331/3856
f 5129/5332/3857 4964/5333/3858 4974/5334/3802 5133/5335/3859
f 5237/5329/3854 5104/5328/3853 5109/5336/3860 5241/5337/3861
f 5185/5331/3856 5039/5330/3855 5044/5338/3862 5189/5339/3863
f 5133/5335/3859 4974/5334/3802 4979/5177/3707 5137/5176/3706
f 5241/5337/3861 5109/5336/3860 5114/5249/3777 5245/5248/3776
f 5189/5340/3863 5044/5341/3862 5049/5253/3781 5193/5252/3780
f 4965/5342/3647 4968/5343/3864 4971/5344/3865 4969/5345/3713
f 4968/5343/3864 4967/5346/3866 4972/5347/3867 4971/5344/3865
f 4967/5346/3866 4966/5348/3868 4973/5349/3869 4972/5347/3867
f 4966/5348/3868 4964/5333/3858 4970/5326/3851 4973/5349/3869
f 4975/5350/3646 4978/5351/3870 4968/5343/3864 4965/5342/3647
f 4978/5351/3870 4977/5352/3871 4967/5346/3866 4968/5343/3864
f 4977/5352/3871 4976/5353/3872 4966/5348/3868 4967/5346/3866
f 4976/5353/3872 4974/5334/3802 4964/5333/3858 4966/5348/3868
f 4980/5354/3719 4983/5355/3873 4978/5351/3870 4975/5350/3646
f 4983/5355/3873 4982/5356/3874 4977/5352/3871 4978/5351/3870
f 4982/5356/3874 4981/5357/3875 4976/5353/3872 4977/5352/3871
f 4981/5357/3875 4979/5177/3707 4974/5334/3802 4976/5353/3872
f 4985/5358/3718 4988/5359/3876 4983/5355/3873 4980/5354/3719
f 4988/5359/3876 4987/5360/3877 4982/5356/3874 4983/5355/3873
f 4987/5360/3877 4986/5361/3878 4981/5357/3875 4982/5356/3874
f 4986/5361/3878 4984/5178/3708 4979/5177/3707 4981/5357/3875
f 4990/5362/3721 4993/5363/3879 4988/5359/3876 4985/5358/3718
f 4993/5363/3879 4992/5364/3880 4987/5360/3877 4988/5359/3876
f 4992/5364/3880 4991/5365/3881 4986/5361/3878 4987/5360/3877
f 4991/5365/3881 4989/5256/3784 4984/5178/3708 4986/5361/3878
f 4995/5366/3723 4998/5367/3882 4993/5363/3879 4990/5362/3721
f 4998/5367/3882 4997/5368/3883 4992/5364/3880 4993/5363/3879
f 4997/5368/3883 4996/5369/3884 4991/5365/3881 4992/5364/3880
f 4996/5369/3884 4994/5292/3818 4989/5256/3784 4991/5365/3881
f 5000/5370/3725 5003/5371/3885 4998/5367/3882 4995/5366/3723
f 5003/5371/3885 5002/5372/3886 4997/5368/3883 4998/5367/3882
f 5002/5372/3886 5001/5373/3887 4996/5369/3884 4997/5368/3883
f 5001/5373/3887 4999/5296/3822 4994/5292/3818 4996/5369/3884
f 5005/5374/3727 5008/5375/3888 5003/5371/3885 5000/5370/3725
f 5008/5375/3888 5007/5376/3889 5002/5372/3886 5003/5371/3885
f 5007/5376/3889 5006/5377/3890 5001/5373/3887 5002/5372/3886
f 5006/5377/3890 5004/5300/3826 4999/5296/3822 5001/5373/3887
f 5010/5378/3729 5013/5379/3891 5008/5375/3888 5005/5374/3727
f 5013/5379/3891 5012/5380/3892 5007/5376/3889 5008/5375/3888
f 5012/5380/3892 5011/5381/3893 5006/5377/3890 5007/5376/3889
f 5011/5381/3893 5009/5304/3830 5004/5300/3826 5006/5377/3890
f 5015/5382/3731 5018/5383/3894 5013/5379/3891 5010/5378/3729
f 5018/5383/3894 5017/5384/3895 5012/5380/3892 5013/5379/3891
f 5017/5384/3895 5016/5385/3896 5011/5381/3893 5012/5380/3892
f 5016/5385/3896 5014/5308/3809 5009/5304/3830 5011/5381/3893
f 5020/5386/3733 5023/5387/3897 5018/5383/3894 5015/5382/3731
f 5023/5387/3897 5022/5388/3898 5017/5384/3895 5018/5383/3894
f 5022/5388/3898 5021/5389/3899 5016/5385/3896 5017/5384/3895
f 5021/5389/3899 5019/5312/3837 5014/5308/3809 5016/5385/3896
f 5025/5390/3735 5028/5391/3900 5023/5387/3897 5020/5386/3733
f 5028/5391/3900 5027/5392/3901 5022/5388/3898 5023/5387/3897
f 5027/5392/3901 5026/5393/3902 5021/5389/3899 5022/5388/3898
f 5026/5393/3902 5024/5316/3841 5019/5312/3837 5021/5389/3899
f 5030/5394/3737 5033/5395/3903 5028/5391/3900 5025/5390/3735
f 5033/5395/3903 5032/5396/3904 5027/5392/3901 5028/5391/3900
f 5032/5396/3904 5031/5397/3905 5026/5393/3902 5027/5392/3901
f 5031/5397/3905 5029/5320/3845 5024/5316/3841 5026/5393/3902
f 5035/5398/3739 5038/5399/3906 5033/5395/3903 5030/5394/3737
f 5038/5399/3906 5037/5400/3907 5032/5396/3904 5033/5395/3903
f 5037/5400/3907 5036/5401/3908 5031/5397/3905 5032/5396/3904
f 5036/5401/3908 5034/5324/3849 5029/5320/3845 5031/5397/3905
f 5040/5402/3741 5043/5403/3909 5038/5399/3906 5035/5398/3739
f 5043/5403/3909 5042/5404/3910 5037/5400/3907 5038/5399/3906
f 5042/5404/3910 5041/5405/3911 5036/5401/3908 5037/5400/3907
f 5041/5405/3911 5039/5330/3855 5034/5324/3849 5036/5401/3908
f 5045/5406/3743 5048/5407/3912 5043/5403/3909 5040/5402/3741
f 5048/5407/3912 5047/5408/3913 5042/5404/3910 5043/5403/3909
f 5047/5408/3913 5046/5409/3914 5041/5405/3911 5042/5404/3910
f 5046/5409/3914 5044/5338/3862 5039/5330/3855 5041/5405/3911
f 5050/5410/3745 5053/5411/3915 5048/5412/3912 5045/5413/3743
f 5053/5411/3915 5052/5414/3916 5047/5415/3913 5048/5412/3912
f 5052/5414/3916 5051/5416/3917 5046/5417/3914 5047/5415/3913
f 5051/5416/3917 5049/5253/3781 5044/5341/3862 5046/5417/3914
f 5055/5418/3747 5058/5419/3918 5053/5411/3915 5050/5410/3745
f 5058/5419/3918 5057/5420/3919 5052/5414/3916 5053/5411/3915
f 5057/5420/3919 5056/5421/3920 5051/5416/3917 5052/5414/3916
f 5056/5421/3920 5054/5254/3782 5049/5253/3781 5051/5416/3917
f 5060/5422/3749 5063/5423/3921 5058/5419/3918 5055/5418/3747
f 5063/5423/3921 5062/5424/3922 5057/5420/3919 5058/5419/3918
f 5062/5424/3922 5061/5425/3923 5056/5421/3920 5057/5420/3919
f 5061/5425/3923 5059/5290/3816 5054/5254/3782 5056/5421/3920
f 5065/5426/3751 5068/5427/3924 5063/5423/3921 5060/5422/3749
f 5068/5427/3924 5067/5428/3925 5062/5424/3922 5063/5423/3921
f 5067/5428/3925 5066/5429/3926 5061/5425/3923 5062/5424/3922
f 5066/5429/3926 5064/5294/3820 5059/5290/3816 5061/5425/3923
f 5070/5430/3753 5073/5431/3927 5068/5427/3924 5065/5426/3751
f 5073/5431/3927 5072/5432/3928 5067/5428/3925 5068/5427/3924
f 5072/5432/3928 5071/5433/3929 5066/5429/3926 5067/5428/3925
f 5071/5433/3929 5069/5298/3824 5064/5294/3820 5066/5429/3926
f 5075/5434/3755 5078/5435/3930 5073/5431/3927 5070/5430/3753
f 5078/5435/3930 5077/5436/3931 5072/5432/3928 5073/5431/3927
f 5077/5436/3931 5076/5437/3932 5071/5433/3929 5072/5432/3928
f 5076/5437/3932 5074/5302/3828 5069/5298/3824 5071/5433/3929
f 5080/5438/3757 5083/5439/3933 5078/5435/3930 5075/5434/3755
f 5083/5439/3933 5082/5440/3934 5077/5436/3931 5078/5435/3930
f 5082/5440/3934 5081/5441/3935 5076/5437/3932 5077/5436/3931
f 5081/5441/3935 5079/5306/3832 5074/5302/3828 5076/5437/3932
f 5085/5442/3759 5088/5443/3936 5083/5439/3933 5080/5438/3757
f 5088/5443/3936 5087/5444/3937 5082/5440/3934 5083/5439/3933
f 5087/5444/3937 5086/5445/3938 5081/5441/3935 5082/5440/3934
f 5086/5445/3938 5084/5310/3835 5079/5306/3832 5081/5441/3935
f 5090/5446/3761 5093/5447/3939 5088/5443/3936 5085/5442/3759
f 5093/5447/3939 5092/5448/3940 5087/5444/3937 5088/5443/3936
f 5092/5448/3940 5091/5449/3941 5086/5445/3938 5087/5444/3937
f 5091/5449/3941 5089/5314/3839 5084/5310/3835 5086/5445/3938
f 5095/5450/3763 5098/5451/3942 5093/5447/3939 5090/5446/3761
f 5098/5451/3942 5097/5452/3943 5092/5448/3940 5093/5447/3939
f 5097/5452/3943 5096/5453/3944 5091/5449/3941 5092/5448/3940
f 5096/5453/3944 5094/5318/3843 5089/5314/3839 5091/5449/3941
f 5100/5454/3765 5103/5455/3945 5098/5451/3942 5095/5450/3763
f 5103/5455/3945 5102/5456/3946 5097/5452/3943 5098/5451/3942
f 5102/5456/3946 5101/5457/3947 5096/5453/3944 5097/5452/3943
f 5101/5457/3947 5099/5322/3847 5094/5318/3843 5096/5453/3944
f 5105/5458/3767 5108/5459/3948 5103/5455/3945 5100/5454/3765
f 5108/5459/3948 5107/5460/3949 5102/5456/3946 5103/5455/3945
f 5107/5460/3949 5106/5461/3950 5101/5457/3947 5102/5456/3946
f 5106/5461/3950 5104/5328/3853 5099/5322/3847 5101/5457/3947
f 5110/5462/3769 5113/5463/3951 5108/5459/3948 5105/5458/3767
f 5113/5463/3951 5112/5464/3952 5107/5460/3949 5108/5459/3948
f 5112/5464/3952 5111/5465/3953 5106/5461/3950 5107/5460/3949
f 5111/5465/3953 5109/5336/3860 5104/5328/3853 5106/5461/3950
f 5115/5466/3771 5118/5467/3954 5113/5463/3951 5110/5462/3769
f 5118/5467/3954 5117/5468/3955 5112/5464/3952 5113/5463/3951
f 5117/5468/3955 5116/5469/3956 5111/5465/3953 5112/5464/3952
f 5116/5469/3956 5114/5249/3777 5109/5336/3860 5111/5465/3953
f 5120/5470/3715 5123/5471/3957 5118/5467/3954 5115/5466/3771
f 5123/5471/3957 5122/5472/3958 5117/5468/3955 5118/5467/3954
f 5122/5472/3958 5121/5473/3959 5116/5469/3956 5117/5468/3955
f 5121/5473/3959 5119/5250/3778 5114/5249/3777 5116/5469/3956
f 4969/5345/3713 4971/5344/3865 5123/5471/3957 5120/5470/3715
f 4971/5344/3865 4972/5347/3867 5122/5472/3958 5123/5471/3957
f 4972/5347/3867 4973/5349/3869 5121/5473/3959 5122/5472/3958
f 4973/5349/3869 4970/5326/3851 5119/5250/3778 5121/5473/3959
f 5136/5119/3651 5268/5118/3650 5263/5245/3773 5132/5244/3772
f 5129/5332/3857 5131/5474/3960 5126/5475/3961 5124/5327/3852
f 5131/5474/3960 5130/5476/3962 5127/5477/3963 5126/5475/3961
f 5130/5476/3962 5128/5247/3775 5125/5180/3710 5127/5477/3963
f 5133/5335/3859 5135/5478/3964 5131/5474/3960 5129/5332/3857
f 5135/5478/3964 5134/5479/3965 5130/5476/3962 5131/5474/3960
f 5134/5479/3965 5132/5244/3772 5128/5247/3775 5130/5476/3962
f 5137/5176/3706 5139/5480/3966 5135/5478/3964 5133/5335/3859
f 5139/5480/3966 5138/5481/3967 5134/5479/3965 5135/5478/3964
f 5138/5481/3967 5136/5119/3651 5132/5244/3772 5134/5479/3965
f 5141/5179/3709 5143/5482/3968 5139/5480/3966 5137/5176/3706
f 5143/5482/3968 5142/5483/3969 5138/5481/3967 5139/5480/3966
f 5142/5483/3969 5140/5116/3648 5136/5119/3651 5138/5481/3967
f 5145/5257/3785 5147/5484/3970 5143/5482/3968 5141/5179/3709
f 5147/5484/3970 5146/5485/3971 5142/5483/3969 5143/5482/3968
f 5146/5485/3971 5144/5120/3652 5140/5116/3648 5142/5483/3969
f 5149/5293/3819 5151/5486/3972 5147/5484/3970 5145/5257/3785
f 5151/5486/3972 5150/5487/3973 5146/5485/3971 5147/5484/3970
f 5150/5487/3973 5148/5122/3654 5144/5120/3652 5146/5485/3971
f 5153/5297/3823 5155/5488/3974 5151/5486/3972 5149/5293/3819
f 5155/5488/3974 5154/5489/3975 5150/5487/3973 5151/5486/3972
f 5154/5489/3975 5152/5124/3656 5148/5122/3654 5150/5487/3973
f 5157/5301/3827 5159/5490/3976 5155/5488/3974 5153/5297/3823
f 5159/5490/3976 5158/5491/3977 5154/5489/3975 5155/5488/3974
f 5158/5491/3977 5156/5126/3658 5152/5124/3656 5154/5489/3975
f 5161/5305/3831 5163/5492/3978 5159/5490/3976 5157/5301/3827
f 5163/5492/3978 5162/5493/3979 5158/5491/3977 5159/5490/3976
f 5162/5493/3979 5160/5128/3660 5156/5126/3658 5158/5491/3977
f 5165/5309/3834 5167/5494/3980 5163/5492/3978 5161/5305/3831
f 5167/5494/3980 5166/5495/3981 5162/5493/3979 5163/5492/3978
f 5166/5495/3981 5164/5130/3662 5160/5128/3660 5162/5493/3979
f 5169/5313/3838 5171/5496/3982 5167/5494/3980 5165/5309/3834
f 5171/5496/3982 5170/5497/3983 5166/5495/3981 5167/5494/3980
f 5170/5497/3983 5168/5132/3664 5164/5130/3662 5166/5495/3981
f 5173/5317/3842 5175/5498/3984 5171/5496/3982 5169/5313/3838
f 5175/5498/3984 5174/5499/3985 5170/5497/3983 5171/5496/3982
f 5174/5499/3985 5172/5134/3666 5168/5132/3664 5170/5497/3983
f 5177/5321/3846 5179/5500/3986 5175/5498/3984 5173/5317/3842
f 5179/5500/3986 5178/5501/3987 5174/5499/3985 5175/5498/3984
f 5178/5501/3987 5176/5136/3668 5172/5134/3666 5174/5499/3985
f 5181/5325/3850 5183/5502/3988 5179/5500/3986 5177/5321/3846
f 5183/5502/3988 5182/5503/3989 5178/5501/3987 5179/5500/3986
f 5182/5503/3989 5180/5138/3670 5176/5136/3668 5178/5501/3987
f 5185/5331/3856 5187/5504/3990 5183/5502/3988 5181/5325/3850
f 5187/5504/3990 5186/5505/3991 5182/5503/3989 5183/5502/3988
f 5186/5505/3991 5184/5140/3672 5180/5138/3670 5182/5503/3989
f 5189/5339/3863 5191/5506/3992 5187/5504/3990 5185/5331/3856
f 5191/5506/3992 5190/5507/3993 5186/5505/3991 5187/5504/3990
f 5190/5507/3993 5188/5142/3674 5184/5140/3672 5186/5505/3991
f 5193/5252/3780 5195/5508/3994 5191/5509/3992 5189/5340/3863
f 5195/5508/3994 5194/5510/3995 5190/5511/3993 5191/5509/3992
f 5194/5510/3995 5192/5144/3676 5188/5147/3674 5190/5511/3993
f 5197/5255/3783 5199/5512/3996 5195/5508/3994 5193/5252/3780
f 5199/5512/3996 5198/5513/3997 5194/5510/3995 5195/5508/3994
f 5198/5513/3997 5196/5148/3678 5192/5144/3676 5194/5510/3995
f 5201/5291/3817 5203/5514/3998 5199/5512/3996 5197/5255/3783
f 5203/5514/3998 5202/5515/3999 5198/5513/3997 5199/5512/3996
f 5202/5515/3999 5200/5150/3680 5196/5148/3678 5198/5513/3997
f 5205/5295/3821 5207/5516/4000 5203/5514/3998 5201/5291/3817
f 5207/5516/4000 5206/5517/4001 5202/5515/3999 5203/5514/3998
f 5206/5517/4001 5204/5152/3682 5200/5150/3680 5202/5515/3999
f 5209/5299/3825 5211/5518/4002 5207/5516/4000 5205/5295/3821
f 5211/5518/4002 5210/5519/4003 5206/5517/4001 5207/5516/4000
f 5210/5519/4003 5208/5154/3684 5204/5152/3682 5206/5517/4001
f 5213/5303/3829 5215/5520/4004 5211/5518/4002 5209/5299/3825
f 5215/5520/4004 5214/5521/4005 5210/5519/4003 5211/5518/4002
f 5214/5521/4005 5212/5156/3686 5208/5154/3684 5210/5519/4003
f 5217/5307/3833 5219/5522/4006 5215/5520/4004 5213/5303/3829
f 5219/5522/4006 5218/5523/4007 5214/5521/4005 5215/5520/4004
f 5218/5523/4007 5216/5158/3688 5212/5156/3686 5214/5521/4005
f 5221/5311/3836 5223/5524/4008 5219/5522/4006 5217/5307/3833
f 5223/5524/4008 5222/5525/4009 5218/5523/4007 5219/5522/4006
f 5222/5525/4009 5220/5160/3690 5216/5158/3688 5218/5523/4007
f 5225/5315/3840 5227/5526/4010 5223/5524/4008 5221/5311/3836
f 5227/5526/4010 5226/5527/4011 5222/5525/4009 5223/5524/4008
f 5226/5527/4011 5224/5162/3692 5220/5160/3690 5222/5525/4009
f 5229/5319/3844 5231/5528/4012 5227/5526/4010 5225/5315/3840
f 5231/5528/4012 5230/5529/4013 5226/5527/4011 5227/5526/4010
f 5230/5529/4013 5228/5164/3694 5224/5162/3692 5226/5527/4011
f 5233/5323/3848 5235/5530/4014 5231/5528/4012 5229/5319/3844
f 5235/5530/4014 5234/5531/4015 5230/5529/4013 5231/5528/4012
f 5234/5531/4015 5232/5166/3696 5228/5164/3694 5230/5529/4013
f 5237/5329/3854 5239/5532/4016 5235/5530/4014 5233/5323/3848
f 5239/5532/4016 5238/5533/4017 5234/5531/4015 5235/5530/4014
f 5238/5533/4017 5236/5168/3698 5232/5166/3696 5234/5531/4015
f 5241/5337/3861 5243/5534/4018 5239/5532/4016 5237/5329/3854
f 5243/5534/4018 5242/5535/4019 5238/5533/4017 5239/5532/4016
f 5242/5535/4019 5240/5170/3700 5236/5168/3698 5238/5533/4017
f 5245/5248/3776 5247/5536/4020 5243/5534/4018 5241/5337/3861
f 5247/5536/4020 5246/5537/4021 5242/5535/4019 5243/5534/4018
f 5246/5537/4021 5244/5172/3702 5240/5170/3700 5242/5535/4019
f 5249/5251/3779 5251/5538/4022 5247/5536/4020 5245/5248/3776
f 5251/5538/4022 5250/5539/4023 5246/5537/4021 5247/5536/4020
f 5250/5539/4023 5248/5174/3704 5244/5172/3702 5246/5537/4021
f 5124/5327/3852 5126/5475/3961 5251/5538/4022 5249/5251/3779
f 5126/5475/3961 5127/5477/3963 5250/5539/4023 5251/5538/4022
f 5127/5477/3963 5125/5180/3710 5248/5174/3704 5250/5539/4023
f 5124/5327/3852 4970/5326/3851 4964/5333/3858 5129/5332/3857
f 5253/5246/3774 5256/5540/4024 5259/5541/4025 5257/5181/3711
f 5256/5540/4024 5255/5542/4026 5260/5543/4027 5259/5541/4025
f 5255/5542/4026 5254/5544/4028 5261/5545/4029 5260/5543/4027
f 5254/5544/4028 5252/5546/3781 5258/5547/3815 5261/5545/4029
f 5263/5245/3773 5266/5548/4030 5256/5540/4024 5253/5246/3774
f 5266/5548/4030 5265/5549/4031 5255/5542/4026 5256/5540/4024
f 5265/5549/4031 5264/5550/4032 5254/5544/4028 5255/5542/4026
f 5264/5550/4032 5262/5551/3786 5252/5546/3781 5254/5544/4028
f 5268/5118/3650 5271/5552/4033 5266/5548/4030 5263/5245/3773
f 5271/5552/4033 5270/5553/4034 5265/5549/4031 5266/5548/4030
f 5270/5553/4034 5269/5554/4035 5264/5550/4032 5265/5549/4031
f 5269/5554/4035 5267/5555/3787 5262/5551/3786 5264/5550/4032
f 5273/5117/3649 5276/5556/4036 5271/5552/4033 5268/5118/3650
f 5276/5556/4036 5275/5557/4037 5270/5553/4034 5271/5552/4033
f 5275/5557/4037 5274/5558/4038 5269/5554/4035 5270/5553/4034
f 5274/5558/4038 5272/5559/3788 5267/5555/3787 5269/5554/4035
f 5278/5121/3653 5281/5560/4039 5276/5556/4036 5273/5117/3649
f 5281/5560/4039 5280/5561/4040 5275/5557/4037 5276/5556/4036
f 5280/5561/4040 5279/5562/3929 5274/5558/4038 5275/5557/4037
f 5279/5562/3929 5277/5563/3789 5272/5559/3788 5274/5558/4038
f 5283/5123/3655 5286/5564/4041 5281/5560/4039 5278/5121/3653
f 5286/5564/4041 5285/5565/4042 5280/5561/4040 5281/5560/4039
f 5285/5565/4042 5284/5566/3932 5279/5562/3929 5280/5561/4040
f 5284/5566/3932 5282/5567/3790 5277/5563/3789 5279/5562/3929
f 5288/5125/3657 5291/5568/4043 5286/5564/4041 5283/5123/3655
f 5291/5568/4043 5290/5569/4044 5285/5565/4042 5286/5564/4041
f 5290/5569/4044 5289/5570/4045 5284/5566/3932 5285/5565/4042
f 5289/5570/4045 5287/5571/3791 5282/5567/3790 5284/5566/3932
f 5293/5127/3659 5296/5572/4046 5291/5568/4043 5288/5125/3657
f 5296/5572/4046 5295/5573/4047 5290/5569/4044 5291/5568/4043
f 5295/5573/4047 5294/5574/4048 5289/5570/4045 5290/5569/4044
f 5294/5574/4048 5292/5575/3792 5287/5571/3791 5289/5570/4045
f 5298/5129/3661 5301/5576/4049 5296/5572/4046 5293/5127/3659
f 5301/5576/4049 5300/5577/4050 5295/5573/4047 5296/5572/4046
f 5300/5577/4050 5299/5578/4051 5294/5574/4048 5295/5573/4047
f 5299/5578/4051 5297/5579/3793 5292/5575/3792 5294/5574/4048
f 5303/5131/3663 5306/5580/4052 5301/5576/4049 5298/5129/3661
f 5306/5580/4052 5305/5581/4053 5300/5577/4050 5301/5576/4049
f 5305/5581/4053 5304/5582/4054 5299/5578/4051 5300/5577/4050
f 5304/5582/4054 5302/5583/3794 5297/5579/3793 5299/5578/4051
f 5308/5133/3665 5311/5584/4055 5306/5580/4052 5303/5131/3663
f 5311/5584/4055 5310/5585/4056 5305/5581/4053 5306/5580/4052
f 5310/5585/4056 5309/5586/4057 5304/5582/4054 5305/5581/4053
f 5309/5586/4057 5307/5587/3795 5302/5583/3794 5304/5582/4054
f 5313/5135/3667 5316/5588/4058 5311/5584/4055 5308/5133/3665
f 5316/5588/4058 5315/5589/4059 5310/5585/4056 5311/5584/4055
f 5315/5589/4059 5314/5590/4060 5309/5586/4057 5310/5585/4056
f 5314/5590/4060 5312/5591/3796 5307/5587/3795 5309/5586/4057
f 5318/5137/3669 5321/5592/4061 5316/5588/4058 5313/5135/3667
f 5321/5592/4061 5320/5593/4062 5315/5589/4059 5316/5588/4058
f 5320/5593/4062 5319/5594/4063 5314/5590/4060 5315/5589/4059
f 5319/5594/4063 5317/5595/3797 5312/5591/3796 5314/5590/4060
f 5323/5139/3671 5326/5596/4064 5321/5592/4061 5318/5137/3669
f 5326/5596/4064 5325/5597/4065 5320/5593/4062 5321/5592/4061
f 5325/5597/4065 5324/5598/4066 5319/5594/4063 5320/5593/4062
f 5324/5598/4066 5322/5599/3798 5317/5595/3797 5319/5594/4063
f 5328/5141/3673 5331/5600/4067 5326/5596/4064 5323/5139/3671
f 5331/5600/4067 5330/5601/4068 5325/5597/4065 5326/5596/4064
f 5330/5601/4068 5329/5602/3959 5324/5598/4066 5325/5597/4065
f 5329/5602/3959 5327/5603/3799 5322/5599/3798 5324/5598/4066
f 5333/5143/3675 5336/5604/4069 5331/5600/4067 5328/5141/3673
f 5336/5604/4069 5335/5605/4070 5330/5601/4068 5331/5600/4067
f 5335/5605/4070 5334/5606/4071 5329/5602/3959 5330/5601/4068
f 5334/5606/4071 5332/5607/3800 5327/5603/3799 5329/5602/3959
f 5338/5145/3677 5341/5608/4072 5336/5609/4069 5333/5146/3675
f 5341/5608/4072 5340/5610/4073 5335/5611/4070 5336/5609/4069
f 5340/5610/4073 5339/5612/4074 5334/5613/4071 5335/5611/4070
f 5339/5612/4074 5337/5614/3801 5332/5615/3800 5334/5613/4071
f 5343/5149/3679 5346/5616/4075 5341/5608/4072 5338/5145/3677
f 5346/5616/4075 5345/5617/4076 5340/5610/4073 5341/5608/4072
f 5345/5617/4076 5344/5618/4077 5339/5612/4074 5340/5610/4073
f 5344/5618/4077 5342/5619/3802 5337/5614/3801 5339/5612/4074
f 5348/5151/3681 5351/5620/4078 5346/5616/4075 5343/5149/3679
f 5351/5620/4078 5350/5621/4079 5345/5617/4076 5346/5616/4075
f 5350/5621/4079 5349/5622/4080 5344/5618/4077 5345/5617/4076
f 5349/5622/4080 5347/5623/3707 5342/5619/3802 5344/5618/4077
f 5353/5153/3683 5356/5624/4081 5351/5620/4078 5348/5151/3681
f 5356/5624/4081 5355/5625/4082 5350/5621/4079 5351/5620/4078
f 5355/5625/4082 5354/5626/4083 5349/5622/4080 5350/5621/4079
f 5354/5626/4083 5352/5627/3803 5347/5623/3707 5349/5622/4080
f 5358/5155/3685 5361/5628/4084 5356/5624/4081 5353/5153/3683
f 5361/5628/4084 5360/5629/4085 5355/5625/4082 5356/5624/4081
f 5360/5629/4085 5359/5630/4086 5354/5626/4083 5355/5625/4082
f 5359/5630/4086 5357/5631/3804 5352/5627/3803 5354/5626/4083
f 5363/5157/3687 5366/5632/4087 5361/5628/4084 5358/5155/3685
f 5366/5632/4087 5365/5633/4088 5360/5629/4085 5361/5628/4084
f 5365/5633/4088 5364/5634/4089 5359/5630/4086 5360/5629/4085
f 5364/5634/4089 5362/5635/3805 5357/5631/3804 5359/5630/4086
f 5368/5159/3689 5371/5636/4090 5366/5632/4087 5363/5157/3687
f 5371/5636/4090 5370/5637/4091 5365/5633/4088 5366/5632/4087
f 5370/5637/4091 5369/5638/4092 5364/5634/4089 5365/5633/4088
f 5369/5638/4092 5367/5639/3806 5362/5635/3805 5364/5634/4089
f 5373/5161/3691 5376/5640/4093 5371/5636/4090 5368/5159/3689
f 5376/5640/4093 5375/5641/4094 5370/5637/4091 5371/5636/4090
f 5375/5641/4094 5374/5642/4095 5369/5638/4092 5370/5637/4091
f 5374/5642/4095 5372/5643/3807 5367/5639/3806 5369/5638/4092
f 5378/5163/3693 5381/5644/4096 5376/5640/4093 5373/5161/3691
f 5381/5644/4096 5380/5645/4097 5375/5641/4094 5376/5640/4093
f 5380/5645/4097 5379/5646/4098 5374/5642/4095 5375/5641/4094
f 5379/5646/4098 5377/5647/3808 5372/5643/3807 5374/5642/4095
f 5383/5165/3695 5386/5648/4099 5381/5644/4096 5378/5163/3693
f 5386/5648/4099 5385/5649/4100 5380/5645/4097 5381/5644/4096
f 5385/5649/4100 5384/5650/4101 5379/5646/4098 5380/5645/4097
f 5384/5650/4101 5382/5651/3809 5377/5647/3808 5379/5646/4098
f 5388/5167/3697 5391/5652/4102 5386/5648/4099 5383/5165/3695
f 5391/5652/4102 5390/5653/4103 5385/5649/4100 5386/5648/4099
f 5390/5653/4103 5389/5654/4104 5384/5650/4101 5385/5649/4100
f 5389/5654/4104 5387/5655/3810 5382/5651/3809 5384/5650/4101
f 5393/5169/3699 5396/5656/4105 5391/5652/4102 5388/5167/3697
f 5396/5656/4105 5395/5657/4106 5390/5653/4103 5391/5652/4102
f 5395/5657/4106 5394/5658/4107 5389/5654/4104 5390/5653/4103
f 5394/5658/4107 5392/5659/3811 5387/5655/3810 5389/5654/4104
f 5398/5171/3701 5401/5660/4108 5396/5656/4105 5393/5169/3699
f 5401/5660/4108 5400/5661/4109 5395/5657/4106 5396/5656/4105
f 5400/5661/4109 5399/5662/4110 5394/5658/4107 5395/5657/4106
f 5399/5662/4110 5397/5663/3812 5392/5659/3811 5394/5658/4107
f 5403/5173/3703 5406/5664/4111 5401/5660/4108 5398/5171/3701
f 5406/5664/4111 5405/5665/3907 5400/5661/4109 5401/5660/4108
f 5405/5665/3907 5404/5666/4112 5399/5662/4110 5400/5661/4109
f 5404/5666/4112 5402/5667/3813 5397/5663/3812 5399/5662/4110
f 5408/5175/3705 5411/5668/4113 5406/5664/4111 5403/5173/3703
f 5411/5668/4113 5410/5669/4114 5405/5665/3907 5406/5664/4111
f 5410/5669/4114 5409/5670/4115 5404/5666/4112 5405/5665/3907
f 5409/5670/4115 5407/5671/3814 5402/5667/3813 5404/5666/4112
f 5257/5181/3711 5259/5541/4025 5411/5668/4113 5408/5175/3705
f 5259/5541/4025 5260/5543/4027 5410/5669/4114 5411/5668/4113
f 5260/5543/4027 5261/5545/4029 5409/5670/4115 5410/5669/4114
f 5261/5545/4029 5258/5547/3815 5407/5671/3814 5409/5670/4115
f 5128/5247/3775 5253/5246/3774 5257/5181/3711 5125/5180/3710
f 5442/5672/4116 5448/5673/4117 5419/5674/4118 5413/5675/4119
f 5456/5676/4120 5462/5677/4121 5449/5678/4122 5441/5679/4123
f 5461/5680/4124 5433/5681/4125 5420/5682/4126 5447/5683/4127
f 5414/5684/4128 5421/5685/4129 5435/5686/4130 5427/5687/4131
f 5428/5688/4132 5434/5689/4133 5463/5690/4134 5455/5691/4135
f 5412/5692/4136 5415/5693/4137 5416/5694/4138 5418/5695/4139
f 5413/5696/4119 5417/5697/4140 5416/5694/4138 5415/5693/4137
f 5414/5698/4128 5418/5695/4139 5416/5694/4138 5417/5697/4140
f 5419/5699/4118 5422/5700/4141 5423/5701/4142 5425/5702/4143
f 5420/5682/4126 5424/5703/4144 5423/5701/4142 5422/5700/4141
f 5421/5704/4129 5425/5702/4143 5423/5701/4142 5424/5703/4144
f 5426/5705/4145 5429/5706/4146 5430/5707/4147 5432/5708/4148
f 5427/5709/4131 5431/5710/4149 5430/5707/4147 5429/5706/4146
f 5428/5711/4132 5432/5708/4148 5430/5707/4147 5431/5710/4149
f 5433/5681/4125 5436/5712/4150 5437/5713/4151 5439/5714/4152
f 5434/5715/4133 5438/5716/4153 5437/5713/4151 5436/5712/4150
f 5435/5717/4130 5439/5714/4152 5437/5713/4151 5438/5716/4153
f 5440/5718/4154 5443/5719/4155 5444/5720/4156 5446/5721/4157
f 5441/5722/4123 5445/5723/4158 5444/5720/4156 5443/5719/4155
f 5442/5724/4116 5446/5721/4157 5444/5720/4156 5445/5723/4158
f 5447/5683/4127 5450/5725/4159 5451/5726/4160 5453/5727/4161
f 5448/5728/4117 5452/5729/4162 5451/5726/4160 5450/5725/4159
f 5449/5730/4122 5453/5727/4161 5451/5726/4160 5452/5729/4162
f 5454/5731/4163 5457/5732/4164 5458/5733/4165 5460/5734/4166
f 5455/5735/4135 5459/5736/4167 5458/5733/4165 5457/5732/4164
f 5456/5737/4120 5460/5734/4166 5458/5733/4165 5459/5736/4167
f 5461/5680/4124 5464/5738/4168 5465/5739/4169 5467/5740/4170
f 5462/5741/4121 5466/5742/4171 5465/5739/4169 5464/5738/4168
f 5463/5743/4134 5467/5740/4170 5465/5739/4169 5466/5742/4171
f 5426/5705/4145 5412/5692/4136 5418/5695/4139 5429/5706/4146
f 5429/5706/4146 5418/5695/4139 5414/5698/4128 5427/5709/4131
f 5413/5675/4119 5419/5674/4118 5425/5744/4143 5417/5745/4140
f 5417/5745/4140 5425/5744/4143 5421/5685/4129 5414/5684/4128
f 5420/5682/4126 5433/5681/4125 5439/5714/4152 5424/5703/4144
f 5424/5703/4144 5439/5714/4152 5435/5717/4130 5421/5704/4129
f 5434/5689/4133 5428/5688/4132 5431/5746/4149 5438/5747/4153
f 5438/5747/4153 5431/5746/4149 5427/5687/4131 5435/5686/4130
f 5454/5731/4163 5426/5705/4145 5432/5708/4148 5457/5732/4164
f 5457/5732/4164 5432/5708/4148 5428/5711/4132 5455/5735/4135
f 5433/5681/4125 5461/5680/4124 5467/5740/4170 5436/5712/4150
f 5436/5712/4150 5467/5740/4170 5463/5743/4134 5434/5715/4133
f 5462/5677/4121 5456/5676/4120 5459/5748/4167 5466/5749/4171
f 5466/5750/4171 5459/5751/4167 5455/5691/4135 5463/5690/4134
f 5440/5718/4154 5454/5731/4163 5460/5734/4166 5443/5719/4155
f 5443/5719/4155 5460/5734/4166 5456/5737/4120 5441/5722/4123
f 5461/5680/4124 5447/5683/4127 5453/5727/4161 5464/5738/4168
f 5464/5738/4168 5453/5727/4161 5449/5730/4122 5462/5741/4121
f 5448/5673/4117 5442/5672/4116 5445/5752/4158 5452/5753/4162
f 5452/5753/4162 5445/5752/4158 5441/5679/4123 5449/5678/4122
f 5412/5692/4136 5440/5718/4154 5446/5721/4157 5415/5693/4137
f 5415/5693/4137 5446/5721/4157 5442/5724/4116 5413/5696/4119
f 5447/5683/4127 5420/5682/4126 5422/5700/4141 5450/5725/4159
f 5450/5725/4159 5422/5700/4141 5419/5699/4118 5448/5728/4117
f 5426/5705/4145 5454/5731/4163 5440/5718/4154 5412/5692/4136
f 5498/5754/4172 5469/5755/4173 5475/5756/4174 5504/5757/4175
f 5512/5758/4176 5497/5759/4177 5505/5760/4178 5518/5761/4179
f 5517/5762/4180 5503/5763/4181 5476/5764/4182 5489/5765/4183
f 5470/5766/4184 5483/5767/4185 5491/5768/4186 5477/5769/4187
f 5484/5770/4188 5511/5771/4189 5519/5772/4190 5490/5773/4191
f 5468/5774/4192 5474/5775/4193 5472/5776/4194 5471/5777/4195
f 5469/5778/4173 5471/5777/4195 5472/5776/4194 5473/5779/4196
f 5470/5780/4184 5473/5779/4196 5472/5776/4194 5474/5775/4193
f 5475/5781/4174 5481/5782/4197 5479/5783/4198 5478/5784/4199
f 5476/5764/4182 5478/5784/4199 5479/5783/4198 5480/5785/4200
f 5477/5786/4187 5480/5785/4200 5479/5783/4198 5481/5782/4197
f 5482/5787/4201 5488/5788/4202 5486/5789/4203 5485/5790/4204
f 5483/5791/4185 5485/5790/4204 5486/5789/4203 5487/5792/4205
f 5484/5793/4188 5487/5792/4205 5486/5789/4203 5488/5788/4202
f 5489/5765/4183 5495/5794/4206 5493/5795/4207 5492/5796/4208
f 5490/5797/4191 5492/5796/4208 5493/5795/4207 5494/5798/4209
f 5491/5799/4186 5494/5798/4209 5493/5795/4207 5495/5794/4206
f 5496/5800/4210 5502/5801/4211 5500/5802/4212 5499/5803/4213
f 5497/5804/4177 5499/5803/4213 5500/5802/4212 5501/5805/4214
f 5498/5806/4172 5501/5805/4214 5500/5802/4212 5502/5801/4211
f 5503/5763/4181 5509/5807/4215 5507/5808/4216 5506/5809/4217
f 5504/5810/4175 5506/5809/4217 5507/5808/4216 5508/5811/4218
f 5505/5812/4178 5508/5811/4218 5507/5808/4216 5509/5807/4215
f 5510/5813/4219 5516/5814/4220 5514/5815/4221 5513/5816/4222
f 5511/5817/4189 5513/5816/4222 5514/5815/4221 5515/5818/4223
f 5512/5819/4176 5515/5818/4223 5514/5815/4221 5516/5814/4220
f 5517/5762/4180 5523/5820/4224 5521/5821/4225 5520/5822/4226
f 5518/5823/4179 5520/5822/4226 5521/5821/4225 5522/5824/4227
f 5519/5825/4190 5522/5824/4227 5521/5821/4225 5523/5820/4224
f 5482/5787/4201 5485/5790/4204 5474/5775/4193 5468/5774/4192
f 5485/5790/4204 5483/5791/4185 5470/5780/4184 5474/5775/4193
f 5469/5755/4173 5473/5826/4196 5481/5827/4197 5475/5756/4174
f 5473/5826/4196 5470/5766/4184 5477/5769/4187 5481/5827/4197
f 5476/5764/4182 5480/5785/4200 5495/5794/4206 5489/5765/4183
f 5480/5785/4200 5477/5786/4187 5491/5799/4186 5495/5794/4206
f 5490/5773/4191 5494/5828/4209 5487/5829/4205 5484/5770/4188
f 5494/5830/4209 5491/5768/4186 5483/5767/4185 5487/5831/4205
f 5510/5813/4219 5513/5816/4222 5488/5788/4202 5482/5787/4201
f 5513/5816/4222 5511/5817/4189 5484/5793/4188 5488/5788/4202
f 5489/5765/4183 5492/5796/4208 5523/5820/4224 5517/5762/4180
f 5492/5796/4208 5490/5797/4191 5519/5825/4190 5523/5820/4224
f 5518/5761/4179 5522/5832/4227 5515/5833/4223 5512/5758/4176
f 5522/5832/4227 5519/5772/4190 5511/5771/4189 5515/5833/4223
f 5496/5800/4210 5499/5803/4213 5516/5814/4220 5510/5813/4219
f 5499/5803/4213 5497/5804/4177 5512/5819/4176 5516/5814/4220
f 5517/5762/4180 5520/5822/4226 5509/5807/4215 5503/5763/4181
f 5520/5822/4226 5518/5823/4179 5505/5812/4178 5509/5807/4215
f 5504/5757/4175 5508/5834/4218 5501/5835/4214 5498/5754/4172
f 5508/5834/4218 5505/5760/4178 5497/5759/4177 5501/5835/4214
f 5468/5774/4192 5471/5777/4195 5502/5801/4211 5496/5800/4210
f 5471/5777/4195 5469/5778/4173 5498/5806/4172 5502/5801/4211
f 5503/5763/4181 5506/5809/4217 5478/5784/4199 5476/5764/4182
f 5506/5809/4217 5504/5810/4175 5475/5781/4174 5478/5784/4199
f 5482/5787/4201 5468/5774/4192 5496/5800/4210 5510/5813/4219
